Year,Observation status,Unit multiplier,Nature of data points,Observation-level footnotes,Source details,Frequency of observation,Reporting type,SERIES,Reference area,Sex,Age,Degree of urbanisation,UNIT_MEASURE,Value
1969,Normal value,Units,Global monitoring data,"Accessed April 8, 2022. Based on data from EU-SILC. Estimated from unit-record income data. ","Poverty and Inequality Portal, World Bank",Annual,Global,Proportion of population below international poverty line [1.1.1],United Kingdom of Great Britain and Northern Ireland,,,,Percent,0.2
1974,Normal value,Units,Global monitoring data,"Accessed April 8, 2022. Based on data from EU-SILC. Estimated from unit-record income data. ","Poverty and Inequality Portal, World Bank",Annual,Global,Proportion of population below international poverty line [1.1.1],United Kingdom of Great Britain and Northern Ireland,,,,Percent,0.2
1979,Normal value,Units,Global monitoring data,"Accessed April 8, 2022. Based on data from EU-SILC. Estimated from unit-record income data. ","Poverty and Inequality Portal, World Bank",Annual,Global,Proportion of population below international poverty line [1.1.1],United Kingdom of Great Britain and Northern Ireland,,,,Percent,0.2
1986,Normal value,Units,Global monitoring data,"Accessed April 8, 2022. Based on data from EU-SILC. Estimated from unit-record income data. ","Poverty and Inequality Portal, World Bank",Annual,Global,Proportion of population below international poverty line [1.1.1],United Kingdom of Great Britain and Northern Ireland,,,,Percent,0.7
1991,Normal value,Units,Global monitoring data,"Accessed April 8, 2022. Based on data from EU-SILC. Estimated from unit-record income data. ","Poverty and Inequality Portal, World Bank",Annual,Global,Proportion of population below international poverty line [1.1.1],United Kingdom of Great Britain and Northern Ireland,,,,Percent,0.2
1994,Normal value,Units,Global monitoring data,"Accessed April 8, 2022. Based on data from EU-SILC. Estimated from unit-record income data. ","Poverty and Inequality Portal, World Bank",Annual,Global,Proportion of population below international poverty line [1.1.1],United Kingdom of Great Britain and Northern Ireland,,,,Percent,0.2
1995,Normal value,Units,Global monitoring data,"Accessed April 8, 2022. Based on data from EU-SILC. Estimated from unit-record income data. ","Poverty and Inequality Portal, World Bank",Annual,Global,Proportion of population below international poverty line [1.1.1],United Kingdom of Great Britain and Northern Ireland,,,,Percent,0.2
1996,Normal value,Units,Global monitoring data,"Accessed April 8, 2022. Based on data from EU-SILC. Estimated from unit-record income data. ","Poverty and Inequality Portal, World Bank",Annual,Global,Proportion of population below international poverty line [1.1.1],United Kingdom of Great Britain and Northern Ireland,,,,Percent,0.2
1997,Normal value,Units,Global monitoring data,"Accessed April 8, 2022. Based on data from EU-SILC. Estimated from unit-record income data. ","Poverty and Inequality Portal, World Bank",Annual,Global,Proportion of population below international poverty line [1.1.1],United Kingdom of Great Britain and Northern Ireland,,,,Percent,0.2
1998,Normal value,Units,Global monitoring data,"Accessed April 8, 2022. Based on data from EU-SILC. Estimated from unit-record income data. ","Poverty and Inequality Portal, World Bank",Annual,Global,Proportion of population below international poverty line [1.1.1],United Kingdom of Great Britain and Northern Ireland,,,,Percent,0.2
1999,Normal value,Units,Global monitoring data,"Accessed April 8, 2022. Based on data from EU-SILC. Estimated from unit-record income data. ","Poverty and Inequality Portal, World Bank",Annual,Global,Proportion of population below international poverty line [1.1.1],United Kingdom of Great Britain and Northern Ireland,,,,Percent,0.2
2000,Normal value,Units,Global monitoring data,"Accessed April 8, 2022. Based on data from EU-SILC. Estimated from unit-record income data. ","Poverty and Inequality Portal, World Bank",Annual,Global,Proportion of population below international poverty line [1.1.1],United Kingdom of Great Britain and Northern Ireland,,,,Percent,0.2
2001,Normal value,Units,Global monitoring data,"Accessed April 8, 2022. Based on data from EU-SILC. Estimated from unit-record income data. ","Poverty and Inequality Portal, World Bank",Annual,Global,Proportion of population below international poverty line [1.1.1],United Kingdom of Great Britain and Northern Ireland,,,,Percent,0.2
2002,Normal value,Units,Global monitoring data,"Accessed April 8, 2022. Based on data from EU-SILC. Estimated from unit-record income data. ","Poverty and Inequality Portal, World Bank",Annual,Global,Proportion of population below international poverty line [1.1.1],United Kingdom of Great Britain and Northern Ireland,,,,Percent,0.2
2003,Normal value,Units,Global monitoring data,"Accessed April 8, 2022. Based on data from EU-SILC. Estimated from unit-record income data. ","Poverty and Inequality Portal, World Bank",Annual,Global,Proportion of population below international poverty line [1.1.1],United Kingdom of Great Britain and Northern Ireland,,,,Percent,0.2
2004,Normal value,Units,Global monitoring data,"Accessed April 8, 2022. Based on data from EU-SILC. Estimated from unit-record income data. ","Poverty and Inequality Portal, World Bank",Annual,Global,Proportion of population below international poverty line [1.1.1],United Kingdom of Great Britain and Northern Ireland,,,,Percent,0.4
2005,Normal value,Units,Global monitoring data,"Accessed April 8, 2022. Based on data from EU-SILC. Estimated from unit-record income data. ","Poverty and Inequality Portal, World Bank",Annual,Global,Proportion of population below international poverty line [1.1.1],United Kingdom of Great Britain and Northern Ireland,,,,Percent,0.5
2006,Normal value,Units,Global monitoring data,"Accessed April 8, 2022. Based on data from EU-SILC. Estimated from unit-record income data. ","Poverty and Inequality Portal, World Bank",Annual,Global,Proportion of population below international poverty line [1.1.1],United Kingdom of Great Britain and Northern Ireland,,,,Percent,0.2
2007,Normal value,Units,Global monitoring data,"Accessed April 8, 2022. Based on data from EU-SILC. Estimated from unit-record income data. ","Poverty and Inequality Portal, World Bank",Annual,Global,Proportion of population below international poverty line [1.1.1],United Kingdom of Great Britain and Northern Ireland,,,,Percent,0.3
2008,Normal value,Units,Global monitoring data,"Accessed April 8, 2022. Based on data from EU-SILC. Estimated from unit-record income data. ","Poverty and Inequality Portal, World Bank",Annual,Global,Proportion of population below international poverty line [1.1.1],United Kingdom of Great Britain and Northern Ireland,,,,Percent,0.3
2009,Normal value,Units,Global monitoring data,"Accessed April 8, 2022. Based on data from EU-SILC. Estimated from unit-record income data. ","Poverty and Inequality Portal, World Bank",Annual,Global,Proportion of population below international poverty line [1.1.1],United Kingdom of Great Britain and Northern Ireland,,,,Percent,0.2
2010,Normal value,Units,Global monitoring data,"Accessed April 8, 2022. Based on data from EU-SILC. Estimated from unit-record income data. ","Poverty and Inequality Portal, World Bank",Annual,Global,Proportion of population below international poverty line [1.1.1],United Kingdom of Great Britain and Northern Ireland,,,,Percent,0.1
2011,Normal value,Units,Global monitoring data,"Accessed April 8, 2022. Based on data from EU-SILC. Estimated from unit-record income data. ","Poverty and Inequality Portal, World Bank",Annual,Global,Proportion of population below international poverty line [1.1.1],United Kingdom of Great Britain and Northern Ireland,,,,Percent,0.4
2012,Normal value,Units,Global monitoring data,"Accessed April 8, 2022. Based on data from EU-SILC. Estimated from unit-record income data. ","Poverty and Inequality Portal, World Bank",Annual,Global,Proportion of population below international poverty line [1.1.1],United Kingdom of Great Britain and Northern Ireland,,,,Percent,0.2
2013,Normal value,Units,Global monitoring data,"Accessed April 8, 2022. Based on data from EU-SILC. Estimated from unit-record income data. ","Poverty and Inequality Portal, World Bank",Annual,Global,Proportion of population below international poverty line [1.1.1],United Kingdom of Great Britain and Northern Ireland,,,,Percent,0.2
2014,Normal value,Units,Global monitoring data,"Accessed April 8, 2022. Based on data from EU-SILC. Estimated from unit-record income data. ","Poverty and Inequality Portal, World Bank",Annual,Global,Proportion of population below international poverty line [1.1.1],United Kingdom of Great Britain and Northern Ireland,,,,Percent,0.2
2015,Normal value,Units,Global monitoring data,"Accessed April 8, 2022. Based on data from EU-SILC. Estimated from unit-record income data. ","Poverty and Inequality Portal, World Bank",Annual,Global,Proportion of population below international poverty line [1.1.1],United Kingdom of Great Britain and Northern Ireland,,,,Percent,0.1
2016,Normal value,Units,Global monitoring data,"Accessed April 8, 2022. Based on data from EU-SILC. Estimated from unit-record income data. ","Poverty and Inequality Portal, World Bank",Annual,Global,Proportion of population below international poverty line [1.1.1],United Kingdom of Great Britain and Northern Ireland,,,,Percent,0.2
2017,Normal value,Units,Global monitoring data,"Accessed April 8, 2022. Based on data from EU-SILC. Estimated from unit-record income data. ","Poverty and Inequality Portal, World Bank",Annual,Global,Proportion of population below international poverty line [1.1.1],United Kingdom of Great Britain and Northern Ireland,,,,Percent,0.3
2008,Normal value,Units,Global monitoring data,"Accessed April 11, 2022. Survey name: EU-SILC. Uses an income aggregate, which is not spatially deflated.","Poverty and Inequality Portal, World Bank",Annual,Global,Proportion of population below international poverty line [1.1.1],United Kingdom of Great Britain and Northern Ireland,,,Rural,Percent,0.35218
2009,Normal value,Units,Global monitoring data,"Accessed April 11, 2022. Survey name: EU-SILC. Uses an income aggregate, which is not spatially deflated.","Poverty and Inequality Portal, World Bank",Annual,Global,Proportion of population below international poverty line [1.1.1],United Kingdom of Great Britain and Northern Ireland,,,Rural,Percent,0.63412
2010,Normal value,Units,Global monitoring data,"Accessed April 11, 2022. Survey name: EU-SILC. Uses an income aggregate, which is not spatially deflated.","Poverty and Inequality Portal, World Bank",Annual,Global,Proportion of population below international poverty line [1.1.1],United Kingdom of Great Britain and Northern Ireland,,,Rural,Percent,0.80617
2011,Normal value,Units,Global monitoring data,"Accessed April 11, 2022. Survey name: EU-SILC. Uses an income aggregate, which is not spatially deflated.","Poverty and Inequality Portal, World Bank",Annual,Global,Proportion of population below international poverty line [1.1.1],United Kingdom of Great Britain and Northern Ireland,,,Rural,Percent,1.06198
2012,Normal value,Units,Global monitoring data,"Accessed April 11, 2022. Survey name: EU-SILC. Uses an income aggregate, which is not spatially deflated.","Poverty and Inequality Portal, World Bank",Annual,Global,Proportion of population below international poverty line [1.1.1],United Kingdom of Great Britain and Northern Ireland,,,Rural,Percent,0.62223
2013,Normal value,Units,Global monitoring data,"Accessed April 11, 2022. Survey name: EU-SILC. Uses an income aggregate, which is not spatially deflated.","Poverty and Inequality Portal, World Bank",Annual,Global,Proportion of population below international poverty line [1.1.1],United Kingdom of Great Britain and Northern Ireland,,,Rural,Percent,0.8626
2014,Normal value,Units,Global monitoring data,"Accessed April 11, 2022. Survey name: EU-SILC. Uses an income aggregate, which is not spatially deflated.","Poverty and Inequality Portal, World Bank",Annual,Global,Proportion of population below international poverty line [1.1.1],United Kingdom of Great Britain and Northern Ireland,,,Rural,Percent,0.78211
2015,Normal value,Units,Global monitoring data,"Accessed April 11, 2022. Survey name: EU-SILC. Uses an income aggregate, which is not spatially deflated.","Poverty and Inequality Portal, World Bank",Annual,Global,Proportion of population below international poverty line [1.1.1],United Kingdom of Great Britain and Northern Ireland,,,Rural,Percent,1.00924
2016,Normal value,Units,Global monitoring data,"Accessed April 11, 2022. Survey name: EU-SILC. Uses an income aggregate, which is not spatially deflated.","Poverty and Inequality Portal, World Bank",Annual,Global,Proportion of population below international poverty line [1.1.1],United Kingdom of Great Britain and Northern Ireland,,,Rural,Percent,0.20429
2017,Normal value,Units,Global monitoring data,"Accessed April 11, 2022. Survey name: EU-SILC. Uses an income aggregate, which is not spatially deflated.","Poverty and Inequality Portal, World Bank",Annual,Global,Proportion of population below international poverty line [1.1.1],United Kingdom of Great Britain and Northern Ireland,,,Rural,Percent,1.1628
2008,Normal value,Units,Global monitoring data,"Accessed April 11, 2022. Survey name: EU-SILC. Uses an income aggregate, which is not spatially deflated.","Poverty and Inequality Portal, World Bank",Annual,Global,Proportion of population below international poverty line [1.1.1],United Kingdom of Great Britain and Northern Ireland,,,Urban,Percent,0.67085
2009,Normal value,Units,Global monitoring data,"Accessed April 11, 2022. Survey name: EU-SILC. Uses an income aggregate, which is not spatially deflated.","Poverty and Inequality Portal, World Bank",Annual,Global,Proportion of population below international poverty line [1.1.1],United Kingdom of Great Britain and Northern Ireland,,,Urban,Percent,0.55273
2010,Normal value,Units,Global monitoring data,"Accessed April 11, 2022. Survey name: EU-SILC. Uses an income aggregate, which is not spatially deflated.","Poverty and Inequality Portal, World Bank",Annual,Global,Proportion of population below international poverty line [1.1.1],United Kingdom of Great Britain and Northern Ireland,,,Urban,Percent,0.62398
2011,Normal value,Units,Global monitoring data,"Accessed April 11, 2022. Survey name: EU-SILC. Uses an income aggregate, which is not spatially deflated.","Poverty and Inequality Portal, World Bank",Annual,Global,Proportion of population below international poverty line [1.1.1],United Kingdom of Great Britain and Northern Ireland,,,Urban,Percent,0.78753
2012,Normal value,Units,Global monitoring data,"Accessed April 11, 2022. Survey name: EU-SILC. Uses an income aggregate, which is not spatially deflated.","Poverty and Inequality Portal, World Bank",Annual,Global,Proportion of population below international poverty line [1.1.1],United Kingdom of Great Britain and Northern Ireland,,,Urban,Percent,0.43585
2013,Normal value,Units,Global monitoring data,"Accessed April 11, 2022. Survey name: EU-SILC. Uses an income aggregate, which is not spatially deflated.","Poverty and Inequality Portal, World Bank",Annual,Global,Proportion of population below international poverty line [1.1.1],United Kingdom of Great Britain and Northern Ireland,,,Urban,Percent,0.46287
2014,Normal value,Units,Global monitoring data,"Accessed April 11, 2022. Survey name: EU-SILC. Uses an income aggregate, which is not spatially deflated.","Poverty and Inequality Portal, World Bank",Annual,Global,Proportion of population below international poverty line [1.1.1],United Kingdom of Great Britain and Northern Ireland,,,Urban,Percent,0.64614
2015,Normal value,Units,Global monitoring data,"Accessed April 11, 2022. Survey name: EU-SILC. Uses an income aggregate, which is not spatially deflated.","Poverty and Inequality Portal, World Bank",Annual,Global,Proportion of population below international poverty line [1.1.1],United Kingdom of Great Britain and Northern Ireland,,,Urban,Percent,0.61198
2016,Normal value,Units,Global monitoring data,"Accessed April 11, 2022. Survey name: EU-SILC. Uses an income aggregate, which is not spatially deflated.","Poverty and Inequality Portal, World Bank",Annual,Global,Proportion of population below international poverty line [1.1.1],United Kingdom of Great Britain and Northern Ireland,,,Urban,Percent,0.61124
2017,Normal value,Units,Global monitoring data,"Accessed April 11, 2022. Survey name: EU-SILC. Uses an income aggregate, which is not spatially deflated.","Poverty and Inequality Portal, World Bank",Annual,Global,Proportion of population below international poverty line [1.1.1],United Kingdom of Great Britain and Northern Ireland,,,Urban,Percent,0.70677
2008,Normal value,Units,Global monitoring data,"Accessed April 11, 2022. Survey name: EU-SILC. Uses an income aggregate, which is not spatially deflated.","Poverty and Inequality Portal, World Bank",Annual,Global,Proportion of population below international poverty line [1.1.1],United Kingdom of Great Britain and Northern Ireland,,65 years old and over,,Percent,0.10178
2009,Normal value,Units,Global monitoring data,"Accessed April 11, 2022. Survey name: EU-SILC. Uses an income aggregate, which is not spatially deflated.","Poverty and Inequality Portal, World Bank",Annual,Global,Proportion of population below international poverty line [1.1.1],United Kingdom of Great Britain and Northern Ireland,,65 years old and over,,Percent,0.12961
2010,Normal value,Units,Global monitoring data,"Accessed April 11, 2022. Survey name: EU-SILC. Uses an income aggregate, which is not spatially deflated.","Poverty and Inequality Portal, World Bank",Annual,Global,Proportion of population below international poverty line [1.1.1],United Kingdom of Great Britain and Northern Ireland,,65 years old and over,,Percent,0.20023
2011,Normal value,Units,Global monitoring data,"Accessed April 11, 2022. Survey name: EU-SILC. Uses an income aggregate, which is not spatially deflated.","Poverty and Inequality Portal, World Bank",Annual,Global,Proportion of population below international poverty line [1.1.1],United Kingdom of Great Britain and Northern Ireland,,65 years old and over,,Percent,0.30394
2012,Normal value,Units,Global monitoring data,"Accessed April 11, 2022. Survey name: EU-SILC. Uses an income aggregate, which is not spatially deflated.","Poverty and Inequality Portal, World Bank",Annual,Global,Proportion of population below international poverty line [1.1.1],United Kingdom of Great Britain and Northern Ireland,,65 years old and over,,Percent,0.13985
2013,Normal value,Units,Global monitoring data,"Accessed April 11, 2022. Survey name: EU-SILC. Uses an income aggregate, which is not spatially deflated.","Poverty and Inequality Portal, World Bank",Annual,Global,Proportion of population below international poverty line [1.1.1],United Kingdom of Great Britain and Northern Ireland,,65 years old and over,,Percent,0.37854
2014,Normal value,Units,Global monitoring data,"Accessed April 11, 2022. Survey name: EU-SILC. Uses an income aggregate, which is not spatially deflated.","Poverty and Inequality Portal, World Bank",Annual,Global,Proportion of population below international poverty line [1.1.1],United Kingdom of Great Britain and Northern Ireland,,65 years old and over,,Percent,0.16871
2015,Normal value,Units,Global monitoring data,"Accessed April 11, 2022. Survey name: EU-SILC. Uses an income aggregate, which is not spatially deflated.","Poverty and Inequality Portal, World Bank",Annual,Global,Proportion of population below international poverty line [1.1.1],United Kingdom of Great Britain and Northern Ireland,,65 years old and over,,Percent,0.38279
2016,Normal value,Units,Global monitoring data,"Accessed April 11, 2022. Survey name: EU-SILC. Uses an income aggregate, which is not spatially deflated.","Poverty and Inequality Portal, World Bank",Annual,Global,Proportion of population below international poverty line [1.1.1],United Kingdom of Great Britain and Northern Ireland,,65 years old and over,,Percent,0.2206
2017,Normal value,Units,Global monitoring data,"Accessed April 11, 2022. Survey name: EU-SILC. Uses an income aggregate, which is not spatially deflated.","Poverty and Inequality Portal, World Bank",Annual,Global,Proportion of population below international poverty line [1.1.1],United Kingdom of Great Britain and Northern Ireland,,65 years old and over,,Percent,0.25983
2008,Normal value,Units,Global monitoring data,"Accessed April 11, 2022. Survey name: EU-SILC. Uses an income aggregate, which is not spatially deflated.","Poverty and Inequality Portal, World Bank",Annual,Global,Proportion of population below international poverty line [1.1.1],United Kingdom of Great Britain and Northern Ireland,,under 15 years old,,Percent,0.46609
2009,Normal value,Units,Global monitoring data,"Accessed April 11, 2022. Survey name: EU-SILC. Uses an income aggregate, which is not spatially deflated.","Poverty and Inequality Portal, World Bank",Annual,Global,Proportion of population below international poverty line [1.1.1],United Kingdom of Great Britain and Northern Ireland,,under 15 years old,,Percent,0.6451
2010,Normal value,Units,Global monitoring data,"Accessed April 11, 2022. Survey name: EU-SILC. Uses an income aggregate, which is not spatially deflated.","Poverty and Inequality Portal, World Bank",Annual,Global,Proportion of population below international poverty line [1.1.1],United Kingdom of Great Britain and Northern Ireland,,under 15 years old,,Percent,0.47919
2011,Normal value,Units,Global monitoring data,"Accessed April 11, 2022. Survey name: EU-SILC. Uses an income aggregate, which is not spatially deflated.","Poverty and Inequality Portal, World Bank",Annual,Global,Proportion of population below international poverty line [1.1.1],United Kingdom of Great Britain and Northern Ireland,,under 15 years old,,Percent,0.40421
2012,Normal value,Units,Global monitoring data,"Accessed April 11, 2022. Survey name: EU-SILC. Uses an income aggregate, which is not spatially deflated.","Poverty and Inequality Portal, World Bank",Annual,Global,Proportion of population below international poverty line [1.1.1],United Kingdom of Great Britain and Northern Ireland,,under 15 years old,,Percent,0.38459
2013,Normal value,Units,Global monitoring data,"Accessed April 11, 2022. Survey name: EU-SILC. Uses an income aggregate, which is not spatially deflated.","Poverty and Inequality Portal, World Bank",Annual,Global,Proportion of population below international poverty line [1.1.1],United Kingdom of Great Britain and Northern Ireland,,under 15 years old,,Percent,0.33464
2014,Normal value,Units,Global monitoring data,"Accessed April 11, 2022. Survey name: EU-SILC. Uses an income aggregate, which is not spatially deflated.","Poverty and Inequality Portal, World Bank",Annual,Global,Proportion of population below international poverty line [1.1.1],United Kingdom of Great Britain and Northern Ireland,,under 15 years old,,Percent,0.51656
2015,Normal value,Units,Global monitoring data,"Accessed April 11, 2022. Survey name: EU-SILC. Uses an income aggregate, which is not spatially deflated.","Poverty and Inequality Portal, World Bank",Annual,Global,Proportion of population below international poverty line [1.1.1],United Kingdom of Great Britain and Northern Ireland,,under 15 years old,,Percent,0.32971
2016,Normal value,Units,Global monitoring data,"Accessed April 11, 2022. Survey name: EU-SILC. Uses an income aggregate, which is not spatially deflated.","Poverty and Inequality Portal, World Bank",Annual,Global,Proportion of population below international poverty line [1.1.1],United Kingdom of Great Britain and Northern Ireland,,under 15 years old,,Percent,0.24603
2017,Normal value,Units,Global monitoring data,"Accessed April 11, 2022. Survey name: EU-SILC. Uses an income aggregate, which is not spatially deflated.","Poverty and Inequality Portal, World Bank",Annual,Global,Proportion of population below international poverty line [1.1.1],United Kingdom of Great Britain and Northern Ireland,,under 15 years old,,Percent,0.46323
2008,Normal value,Units,Global monitoring data,"Accessed April 11, 2022. Survey name: EU-SILC. Uses an income aggregate, which is not spatially deflated.","Poverty and Inequality Portal, World Bank",Annual,Global,Proportion of population below international poverty line [1.1.1],United Kingdom of Great Britain and Northern Ireland,,15 to 64 years old,,Percent,0.76376
2009,Normal value,Units,Global monitoring data,"Accessed April 11, 2022. Survey name: EU-SILC. Uses an income aggregate, which is not spatially deflated.","Poverty and Inequality Portal, World Bank",Annual,Global,Proportion of population below international poverty line [1.1.1],United Kingdom of Great Britain and Northern Ireland,,15 to 64 years old,,Percent,0.7611
2010,Normal value,Units,Global monitoring data,"Accessed April 11, 2022. Survey name: EU-SILC. Uses an income aggregate, which is not spatially deflated.","Poverty and Inequality Portal, World Bank",Annual,Global,Proportion of population below international poverty line [1.1.1],United Kingdom of Great Britain and Northern Ireland,,15 to 64 years old,,Percent,0.80888
2011,Normal value,Units,Global monitoring data,"Accessed April 11, 2022. Survey name: EU-SILC. Uses an income aggregate, which is not spatially deflated.","Poverty and Inequality Portal, World Bank",Annual,Global,Proportion of population below international poverty line [1.1.1],United Kingdom of Great Britain and Northern Ireland,,15 to 64 years old,,Percent,1.06892
2012,Normal value,Units,Global monitoring data,"Accessed April 11, 2022. Survey name: EU-SILC. Uses an income aggregate, which is not spatially deflated.","Poverty and Inequality Portal, World Bank",Annual,Global,Proportion of population below international poverty line [1.1.1],United Kingdom of Great Britain and Northern Ireland,,15 to 64 years old,,Percent,0.56731
2013,Normal value,Units,Global monitoring data,"Accessed April 11, 2022. Survey name: EU-SILC. Uses an income aggregate, which is not spatially deflated.","Poverty and Inequality Portal, World Bank",Annual,Global,Proportion of population below international poverty line [1.1.1],United Kingdom of Great Britain and Northern Ireland,,15 to 64 years old,,Percent,0.6046
2014,Normal value,Units,Global monitoring data,"Accessed April 11, 2022. Survey name: EU-SILC. Uses an income aggregate, which is not spatially deflated.","Poverty and Inequality Portal, World Bank",Annual,Global,Proportion of population below international poverty line [1.1.1],United Kingdom of Great Britain and Northern Ireland,,15 to 64 years old,,Percent,0.84639
2015,Normal value,Units,Global monitoring data,"Accessed April 11, 2022. Survey name: EU-SILC. Uses an income aggregate, which is not spatially deflated.","Poverty and Inequality Portal, World Bank",Annual,Global,Proportion of population below international poverty line [1.1.1],United Kingdom of Great Britain and Northern Ireland,,15 to 64 years old,,Percent,0.8426
2016,Normal value,Units,Global monitoring data,"Accessed April 11, 2022. Survey name: EU-SILC. Uses an income aggregate, which is not spatially deflated.","Poverty and Inequality Portal, World Bank",Annual,Global,Proportion of population below international poverty line [1.1.1],United Kingdom of Great Britain and Northern Ireland,,15 to 64 years old,,Percent,0.73974
2017,Normal value,Units,Global monitoring data,"Accessed April 11, 2022. Survey name: EU-SILC. Uses an income aggregate, which is not spatially deflated.","Poverty and Inequality Portal, World Bank",Annual,Global,Proportion of population below international poverty line [1.1.1],United Kingdom of Great Britain and Northern Ireland,,15 to 64 years old,,Percent,0.99195
2008,Normal value,Units,Global monitoring data,"Accessed April 11, 2022. Survey name: EU-SILC. Uses an income aggregate, which is not spatially deflated.","Poverty and Inequality Portal, World Bank",Annual,Global,Proportion of population below international poverty line [1.1.1],United Kingdom of Great Britain and Northern Ireland,Female,,,Percent,0.49864
2009,Normal value,Units,Global monitoring data,"Accessed April 11, 2022. Survey name: EU-SILC. Uses an income aggregate, which is not spatially deflated.","Poverty and Inequality Portal, World Bank",Annual,Global,Proportion of population below international poverty line [1.1.1],United Kingdom of Great Britain and Northern Ireland,Female,,,Percent,0.4531
2010,Normal value,Units,Global monitoring data,"Accessed April 11, 2022. Survey name: EU-SILC. Uses an income aggregate, which is not spatially deflated.","Poverty and Inequality Portal, World Bank",Annual,Global,Proportion of population below international poverty line [1.1.1],United Kingdom of Great Britain and Northern Ireland,Female,,,Percent,0.57032
2011,Normal value,Units,Global monitoring data,"Accessed April 11, 2022. Survey name: EU-SILC. Uses an income aggregate, which is not spatially deflated.","Poverty and Inequality Portal, World Bank",Annual,Global,Proportion of population below international poverty line [1.1.1],United Kingdom of Great Britain and Northern Ireland,Female,,,Percent,0.61226
2012,Normal value,Units,Global monitoring data,"Accessed April 11, 2022. Survey name: EU-SILC. Uses an income aggregate, which is not spatially deflated.","Poverty and Inequality Portal, World Bank",Annual,Global,Proportion of population below international poverty line [1.1.1],United Kingdom of Great Britain and Northern Ireland,Female,,,Percent,0.37684
2013,Normal value,Units,Global monitoring data,"Accessed April 11, 2022. Survey name: EU-SILC. Uses an income aggregate, which is not spatially deflated.","Poverty and Inequality Portal, World Bank",Annual,Global,Proportion of population below international poverty line [1.1.1],United Kingdom of Great Britain and Northern Ireland,Female,,,Percent,0.39485
2014,Normal value,Units,Global monitoring data,"Accessed April 11, 2022. Survey name: EU-SILC. Uses an income aggregate, which is not spatially deflated.","Poverty and Inequality Portal, World Bank",Annual,Global,Proportion of population below international poverty line [1.1.1],United Kingdom of Great Britain and Northern Ireland,Female,,,Percent,0.64848
2015,Normal value,Units,Global monitoring data,"Accessed April 11, 2022. Survey name: EU-SILC. Uses an income aggregate, which is not spatially deflated.","Poverty and Inequality Portal, World Bank",Annual,Global,Proportion of population below international poverty line [1.1.1],United Kingdom of Great Britain and Northern Ireland,Female,,,Percent,0.55696
2016,Normal value,Units,Global monitoring data,"Accessed April 11, 2022. Survey name: EU-SILC. Uses an income aggregate, which is not spatially deflated.","Poverty and Inequality Portal, World Bank",Annual,Global,Proportion of population below international poverty line [1.1.1],United Kingdom of Great Britain and Northern Ireland,Female,,,Percent,0.60637
2017,Normal value,Units,Global monitoring data,"Accessed April 11, 2022. Survey name: EU-SILC. Uses an income aggregate, which is not spatially deflated.","Poverty and Inequality Portal, World Bank",Annual,Global,Proportion of population below international poverty line [1.1.1],United Kingdom of Great Britain and Northern Ireland,Female,,,Percent,0.68318
2008,Normal value,Units,Global monitoring data,"Accessed April 11, 2022. Survey name: EU-SILC. Uses an income aggregate, which is not spatially deflated.","Poverty and Inequality Portal, World Bank",Annual,Global,Proportion of population below international poverty line [1.1.1],United Kingdom of Great Britain and Northern Ireland,Male,,,Percent,0.71297
2009,Normal value,Units,Global monitoring data,"Accessed April 11, 2022. Survey name: EU-SILC. Uses an income aggregate, which is not spatially deflated.","Poverty and Inequality Portal, World Bank",Annual,Global,Proportion of population below international poverty line [1.1.1],United Kingdom of Great Britain and Northern Ireland,Male,,,Percent,0.82396
2010,Normal value,Units,Global monitoring data,"Accessed April 11, 2022. Survey name: EU-SILC. Uses an income aggregate, which is not spatially deflated.","Poverty and Inequality Portal, World Bank",Annual,Global,Proportion of population below international poverty line [1.1.1],United Kingdom of Great Britain and Northern Ireland,Male,,,Percent,0.73122
2011,Normal value,Units,Global monitoring data,"Accessed April 11, 2022. Survey name: EU-SILC. Uses an income aggregate, which is not spatially deflated.","Poverty and Inequality Portal, World Bank",Annual,Global,Proportion of population below international poverty line [1.1.1],United Kingdom of Great Britain and Northern Ireland,Male,,,Percent,1.044
2012,Normal value,Units,Global monitoring data,"Accessed April 11, 2022. Survey name: EU-SILC. Uses an income aggregate, which is not spatially deflated.","Poverty and Inequality Portal, World Bank",Annual,Global,Proportion of population below international poverty line [1.1.1],United Kingdom of Great Britain and Northern Ireland,Male,,,Percent,0.54804
2013,Normal value,Units,Global monitoring data,"Accessed April 11, 2022. Survey name: EU-SILC. Uses an income aggregate, which is not spatially deflated.","Poverty and Inequality Portal, World Bank",Annual,Global,Proportion of population below international poverty line [1.1.1],United Kingdom of Great Britain and Northern Ireland,Male,,,Percent,0.64416
2014,Normal value,Units,Global monitoring data,"Accessed April 11, 2022. Survey name: EU-SILC. Uses an income aggregate, which is not spatially deflated.","Poverty and Inequality Portal, World Bank",Annual,Global,Proportion of population below international poverty line [1.1.1],United Kingdom of Great Britain and Northern Ireland,Male,,,Percent,0.68488
2015,Normal value,Units,Global monitoring data,"Accessed April 11, 2022. Survey name: EU-SILC. Uses an income aggregate, which is not spatially deflated.","Poverty and Inequality Portal, World Bank",Annual,Global,Proportion of population below international poverty line [1.1.1],United Kingdom of Great Britain and Northern Ireland,Male,,,Percent,0.78906
2016,Normal value,Units,Global monitoring data,"Accessed April 11, 2022. Survey name: EU-SILC. Uses an income aggregate, which is not spatially deflated.","Poverty and Inequality Portal, World Bank",Annual,Global,Proportion of population below international poverty line [1.1.1],United Kingdom of Great Britain and Northern Ireland,Male,,,Percent,0.50927
2017,Normal value,Units,Global monitoring data,"Accessed April 11, 2022. Survey name: EU-SILC. Uses an income aggregate, which is not spatially deflated.","Poverty and Inequality Portal, World Bank",Annual,Global,Proportion of population below international poverty line [1.1.1],United Kingdom of Great Britain and Northern Ireland,Male,,,Percent,0.84559
