Year,COMPOSITE_BREAKDOWN,Value
2015,Fiscal intervention stage: Postfiscal disposable income,36.0173
2016,Fiscal intervention stage: Postfiscal disposable income,34.8
2017,Fiscal intervention stage: Postfiscal disposable income,35.4
2018,Fiscal intervention stage: Postfiscal disposable income,36.1
2015,Fiscal intervention stage: Prefiscal income,46.99128
2016,Fiscal intervention stage: Prefiscal income,45.4
2017,Fiscal intervention stage: Prefiscal income,45.4
2018,Fiscal intervention stage: Prefiscal income,45.9
