Year,SERIES,UNIT_MEASURE,Value
2018,"Number of local governments that adopt and implement local DRR strategies in line with national strategies [1.5.4, 11.b.2, 13.1.3]",Number,41
2019,"Number of local governments that adopt and implement local DRR strategies in line with national strategies [1.5.4, 11.b.2, 13.1.3]",Number,41
2021,"Number of local governments that adopt and implement local DRR strategies in line with national strategies [1.5.4, 11.b.2, 13.1.3]",Number,42
2018,"Proportion of local governments that adopt and implement local disaster risk reduction strategies in line with national disaster risk reduction strategies [1.5.4, 11.b.2, 13.1.3]",Percent,100
2019,"Proportion of local governments that adopt and implement local disaster risk reduction strategies in line with national disaster risk reduction strategies [1.5.4, 11.b.2, 13.1.3]",Percent,100
2021,"Proportion of local governments that adopt and implement local disaster risk reduction strategies in line with national disaster risk reduction strategies [1.5.4, 11.b.2, 13.1.3]",Percent,100
2018,"Number of local governments [1.5.4, 11.b.2, 13.1.3]",Number,41
2019,"Number of local governments [1.5.4, 11.b.2, 13.1.3]",Number,41
2021,"Number of local governments [1.5.4, 11.b.2, 13.1.3]",Number,42
