Year,Gas,Observation status,Unit multiplier,Value
1990,Net CO2 emissions (emissions minus removals),Normal value,Units,605.418183995
1991,Net CO2 emissions (emissions minus removals),Normal value,Units,612.3567178204788
1992,Net CO2 emissions (emissions minus removals),Normal value,Units,595.9168794067266
1993,Net CO2 emissions (emissions minus removals),Normal value,Units,581.1291753465596
1994,Net CO2 emissions (emissions minus removals),Normal value,Units,575.1023972718543
1995,Net CO2 emissions (emissions minus removals),Normal value,Units,567.2037880254117
1996,Net CO2 emissions (emissions minus removals),Normal value,Units,586.7066175120185
1997,Net CO2 emissions (emissions minus removals),Normal value,Units,561.9660112034063
1998,Net CO2 emissions (emissions minus removals),Normal value,Units,566.8484987965911
1999,Net CO2 emissions (emissions minus removals),Normal value,Units,560.2602970118872
2000,Net CO2 emissions (emissions minus removals),Normal value,Units,567.4483963047177
2001,Net CO2 emissions (emissions minus removals),Normal value,Units,576.019891731858
2002,Net CO2 emissions (emissions minus removals),Normal value,Units,557.5702765696625
2003,Net CO2 emissions (emissions minus removals),Normal value,Units,568.8220098180432
2004,Net CO2 emissions (emissions minus removals),Normal value,Units,569.7616442162166
2005,Net CO2 emissions (emissions minus removals),Normal value,Units,566.1569156606569
2006,Net CO2 emissions (emissions minus removals),Normal value,Units,563.2249247570182
2007,Net CO2 emissions (emissions minus removals),Normal value,Units,554.2003933218626
2008,Net CO2 emissions (emissions minus removals),Normal value,Units,539.0751186342801
2009,Net CO2 emissions (emissions minus removals),Normal value,Units,488.3350780732935
2010,Net CO2 emissions (emissions minus removals),Normal value,Units,506.1056342560409
2011,Net CO2 emissions (emissions minus removals),Normal value,Units,463.2779448476148
2012,Net CO2 emissions (emissions minus removals),Normal value,Units,481.2113323885321
2013,Net CO2 emissions (emissions minus removals),Normal value,Units,471.21714675571405
2014,Net CO2 emissions (emissions minus removals),Normal value,Units,432.2183687588042
2015,Net CO2 emissions (emissions minus removals),Normal value,Units,416.2051780193101
2016,Net CO2 emissions (emissions minus removals),Normal value,Units,393.3994350138922
2017,Net CO2 emissions (emissions minus removals),Normal value,Units,381.09884585611087
2018,Net CO2 emissions (emissions minus removals),Normal value,Units,374.0240935135435
2019,Net CO2 emissions (emissions minus removals),Normal value,Units,359.32467777255766
2020,Net CO2 emissions (emissions minus removals),Normal value,Units,321.0876561840149
1990,Methane (CH4),Normal value,Units,134.06653125469967
1991,Methane (CH4),Normal value,Units,134.8220214315324
1992,Methane (CH4),Normal value,Units,134.69350768881526
1993,Methane (CH4),Normal value,Units,133.254072894233
1994,Methane (CH4),Normal value,Units,126.3912110015738
1995,Methane (CH4),Normal value,Units,128.03469472268452
1996,Methane (CH4),Normal value,Units,127.2728423921998
1997,Methane (CH4),Normal value,Units,124.8446025524444
1998,Methane (CH4),Normal value,Units,121.43355414065304
1999,Methane (CH4),Normal value,Units,115.90998288469372
2000,Methane (CH4),Normal value,Units,110.67063682113616
2001,Methane (CH4),Normal value,Units,105.9176027976025
2002,Methane (CH4),Normal value,Units,103.51739136826846
2003,Methane (CH4),Normal value,Units,98.63798174251926
2004,Methane (CH4),Normal value,Units,94.11983056508136
2005,Methane (CH4),Normal value,Units,89.7011421782431
2006,Methane (CH4),Normal value,Units,85.43067160270795
2007,Methane (CH4),Normal value,Units,81.61782186498333
2008,Methane (CH4),Normal value,Units,75.82575642578226
2009,Methane (CH4),Normal value,Units,71.48368592335295
2010,Methane (CH4),Normal value,Units,66.81143975381099
2011,Methane (CH4),Normal value,Units,64.16817215473688
2012,Methane (CH4),Normal value,Units,62.5580509366647
2013,Methane (CH4),Normal value,Units,58.39834165873857
2014,Methane (CH4),Normal value,Units,56.41543553064892
2015,Methane (CH4),Normal value,Units,55.448704285357564
2016,Methane (CH4),Normal value,Units,53.68871843772896
2017,Methane (CH4),Normal value,Units,54.08473262051996
2018,Methane (CH4),Normal value,Units,53.61660549842111
2019,Methane (CH4),Normal value,Units,53.35512371668949
2020,Methane (CH4),Normal value,Units,51.262203656504106
1990,Nitrous oxide (N2O),Normal value,Units,49.52356387711021
1991,Nitrous oxide (N2O),Normal value,Units,49.74343400236894
1992,Nitrous oxide (N2O),Normal value,Units,44.7916509576402
1993,Nitrous oxide (N2O),Normal value,Units,40.53211356680035
1994,Nitrous oxide (N2O),Normal value,Units,41.15338537403313
1995,Nitrous oxide (N2O),Normal value,Units,39.79947999479408
1996,Nitrous oxide (N2O),Normal value,Units,39.852079860928754
1997,Nitrous oxide (N2O),Normal value,Units,40.19781795229474
1998,Nitrous oxide (N2O),Normal value,Units,40.18679196783405
1999,Nitrous oxide (N2O),Normal value,Units,30.62897322811961
2000,Nitrous oxide (N2O),Normal value,Units,29.979862630762383
2001,Nitrous oxide (N2O),Normal value,Units,28.539448465276426
2002,Nitrous oxide (N2O),Normal value,Units,26.811626452251136
2003,Nitrous oxide (N2O),Normal value,Units,26.352575564336984
2004,Nitrous oxide (N2O),Normal value,Units,26.909325610111264
2005,Nitrous oxide (N2O),Normal value,Units,25.995756481906284
2006,Nitrous oxide (N2O),Normal value,Units,24.821923806765664
2007,Nitrous oxide (N2O),Normal value,Units,24.84474491160413
2008,Nitrous oxide (N2O),Normal value,Units,24.003973285508263
2009,Nitrous oxide (N2O),Normal value,Units,22.520170088901608
2010,Nitrous oxide (N2O),Normal value,Units,22.93660034342837
2011,Nitrous oxide (N2O),Normal value,Units,22.03004051563122
2012,Nitrous oxide (N2O),Normal value,Units,21.75078388222893
2013,Nitrous oxide (N2O),Normal value,Units,21.83623283185825
2014,Nitrous oxide (N2O),Normal value,Units,22.34545953329306
2015,Nitrous oxide (N2O),Normal value,Units,21.99639746502516
2016,Nitrous oxide (N2O),Normal value,Units,21.68564066883078
2017,Nitrous oxide (N2O),Normal value,Units,22.150068045003
2018,Nitrous oxide (N2O),Normal value,Units,22.00649761775834
2019,Nitrous oxide (N2O),Normal value,Units,22.008597891643955
2020,Nitrous oxide (N2O),Normal value,Units,20.918887137018377
1990,Hydrofluorocarbons (HFC),Normal value,Units,14.40067367159276
1991,Hydrofluorocarbons (HFC),Normal value,Units,15.01008409844504
1992,Hydrofluorocarbons (HFC),Normal value,Units,15.627894089310638
1993,Hydrofluorocarbons (HFC),Normal value,Units,16.40212188893192
1994,Hydrofluorocarbons (HFC),Normal value,Units,17.304335421513308
1995,Hydrofluorocarbons (HFC),Normal value,Units,18.563692283569157
1996,Hydrofluorocarbons (HFC),Normal value,Units,19.475233812887115
1997,Hydrofluorocarbons (HFC),Normal value,Units,21.69929902876225
1998,Hydrofluorocarbons (HFC),Normal value,Units,18.035864812912227
1999,Hydrofluorocarbons (HFC),Normal value,Units,9.74048835109954
2000,Hydrofluorocarbons (HFC),Normal value,Units,7.7641270896318595
2001,Hydrofluorocarbons (HFC),Normal value,Units,8.420868066560654
2002,Hydrofluorocarbons (HFC),Normal value,Units,8.726667784507015
2003,Hydrofluorocarbons (HFC),Normal value,Units,9.497043210297202
2004,Hydrofluorocarbons (HFC),Normal value,Units,8.31095072177263
2005,Hydrofluorocarbons (HFC),Normal value,Units,9.0701926352602
2006,Hydrofluorocarbons (HFC),Normal value,Units,9.904978334217892
2007,Hydrofluorocarbons (HFC),Normal value,Units,10.313024199451707
2008,Hydrofluorocarbons (HFC),Normal value,Units,10.711912496365205
2009,Hydrofluorocarbons (HFC),Normal value,Units,11.219496592317398
2010,Hydrofluorocarbons (HFC),Normal value,Units,11.787281561963573
2011,Hydrofluorocarbons (HFC),Normal value,Units,12.400887464194115
2012,Hydrofluorocarbons (HFC),Normal value,Units,13.002962243214869
2013,Hydrofluorocarbons (HFC),Normal value,Units,13.423884384203044
2014,Hydrofluorocarbons (HFC),Normal value,Units,13.600558606698735
2015,Hydrofluorocarbons (HFC),Normal value,Units,13.588665585191446
2016,Hydrofluorocarbons (HFC),Normal value,Units,13.577201016169033
2017,Hydrofluorocarbons (HFC),Normal value,Units,13.473940478034516
2018,Hydrofluorocarbons (HFC),Normal value,Units,13.135930023320686
2019,Hydrofluorocarbons (HFC),Normal value,Units,12.503460872607636
2020,Hydrofluorocarbons (HFC),Normal value,Units,11.677725136561657
1990,Perfluorocarbons (PFC),Normal value,Units,1.6486399436156194
1991,Perfluorocarbons (PFC),Normal value,Units,1.3810234351996762
1992,Perfluorocarbons (PFC),Normal value,Units,0.68557546559314
1993,Perfluorocarbons (PFC),Normal value,Units,0.5971866919270061
1994,Perfluorocarbons (PFC),Normal value,Units,0.604955179591253
1995,Perfluorocarbons (PFC),Normal value,Units,0.5894466137370373
1996,Perfluorocarbons (PFC),Normal value,Units,0.5876390942539391
1997,Perfluorocarbons (PFC),Normal value,Units,0.4929566302225134
1998,Perfluorocarbons (PFC),Normal value,Units,0.4785316791810756
1999,Perfluorocarbons (PFC),Normal value,Units,0.4542948393036143
2000,Perfluorocarbons (PFC),Normal value,Units,0.5719098622004246
2001,Perfluorocarbons (PFC),Normal value,Units,0.4719336927662574
2002,Perfluorocarbons (PFC),Normal value,Units,0.3976384692699392
2003,Perfluorocarbons (PFC),Normal value,Units,0.3484433625007381
2004,Perfluorocarbons (PFC),Normal value,Units,0.4397337196368763
2005,Perfluorocarbons (PFC),Normal value,Units,0.391949401951882
2006,Perfluorocarbons (PFC),Normal value,Units,0.3899997255244967
2007,Perfluorocarbons (PFC),Normal value,Units,0.2865624511758996
2008,Perfluorocarbons (PFC),Normal value,Units,0.2621441646769224
2009,Perfluorocarbons (PFC),Normal value,Units,0.1911346845569689
2010,Perfluorocarbons (PFC),Normal value,Units,0.2800225094766996
2011,Perfluorocarbons (PFC),Normal value,Units,0.405796807541476
2012,Perfluorocarbons (PFC),Normal value,Units,0.2335724481475788
2013,Perfluorocarbons (PFC),Normal value,Units,0.2861179433583675
2014,Perfluorocarbons (PFC),Normal value,Units,0.2335792273806984
2015,Perfluorocarbons (PFC),Normal value,Units,0.2693163250609927
2016,Perfluorocarbons (PFC),Normal value,Units,0.2795196665589508
2017,Perfluorocarbons (PFC),Normal value,Units,0.4007045451042477
2018,Perfluorocarbons (PFC),Normal value,Units,0.144557561549293
2019,Perfluorocarbons (PFC),Normal value,Units,0.2107176665406842
2020,Perfluorocarbons (PFC),Normal value,Units,0.1597929550689272
1990,Sulphur hexafluoride (SF6),Normal value,Units,1.200600177973824
1991,Sulphur hexafluoride (SF6),Normal value,Units,1.258841633620714
1992,Sulphur hexafluoride (SF6),Normal value,Units,1.322723156006283
1993,Sulphur hexafluoride (SF6),Normal value,Units,1.1560964700068517
1994,Sulphur hexafluoride (SF6),Normal value,Units,1.2003646023039796
1995,Sulphur hexafluoride (SF6),Normal value,Units,1.245328169350701
1996,Sulphur hexafluoride (SF6),Normal value,Units,1.2909520370813463
1997,Sulphur hexafluoride (SF6),Normal value,Units,1.2653940487196524
1998,Sulphur hexafluoride (SF6),Normal value,Units,1.3131868985844053
1999,Sulphur hexafluoride (SF6),Normal value,Units,1.4813754858580064
2000,Sulphur hexafluoride (SF6),Normal value,Units,1.8004463070650698
2001,Sulphur hexafluoride (SF6),Normal value,Units,1.4262905455541612
2002,Sulphur hexafluoride (SF6),Normal value,Units,1.462766450289949
2003,Sulphur hexafluoride (SF6),Normal value,Units,1.2857796795156209
2004,Sulphur hexafluoride (SF6),Normal value,Units,1.078951524673526
2005,Sulphur hexafluoride (SF6),Normal value,Units,1.017797270884612
2006,Sulphur hexafluoride (SF6),Normal value,Units,0.8441777746804409
2007,Sulphur hexafluoride (SF6),Normal value,Units,0.802383366815651
2008,Sulphur hexafluoride (SF6),Normal value,Units,0.647564046102311
2009,Sulphur hexafluoride (SF6),Normal value,Units,0.554532803059404
2010,Sulphur hexafluoride (SF6),Normal value,Units,0.655059742622008
2011,Sulphur hexafluoride (SF6),Normal value,Units,0.54595068191378
2012,Sulphur hexafluoride (SF6),Normal value,Units,0.5207949158281674
2013,Sulphur hexafluoride (SF6),Normal value,Units,0.4601382109931926
2014,Sulphur hexafluoride (SF6),Normal value,Units,0.4216229575898957
2015,Sulphur hexafluoride (SF6),Normal value,Units,0.402543070589399
2016,Sulphur hexafluoride (SF6),Normal value,Units,0.4320121410723349
2017,Sulphur hexafluoride (SF6),Normal value,Units,0.4373554460330255
2018,Sulphur hexafluoride (SF6),Normal value,Units,0.5351903728503545
2019,Sulphur hexafluoride (SF6),Normal value,Units,0.4744976639144772
2020,Sulphur hexafluoride (SF6),Normal value,Units,0.4069438786252129
1990,Nitrogen trifluoride (NF3),Normal value,Units,0.0001173596386193
1991,Nitrogen trifluoride (NF3),Normal value,Units,0.0001390124919446
1992,Nitrogen trifluoride (NF3),Normal value,Units,0.0001646602967084
1993,Nitrogen trifluoride (NF3),Normal value,Units,0.0001950401214511
1994,Nitrogen trifluoride (NF3),Normal value,Units,0.0002310250238588
1995,Nitrogen trifluoride (NF3),Normal value,Units,0.0002736491407608
1996,Nitrogen trifluoride (NF3),Normal value,Units,0.0003241374072311
1997,Nitrogen trifluoride (NF3),Normal value,Units,0.0003839407588653
1998,Nitrogen trifluoride (NF3),Normal value,Units,0.0004415318726951
1999,Nitrogen trifluoride (NF3),Normal value,Units,0.0005077616535994
2000,Nitrogen trifluoride (NF3),Normal value,Units,0.0005839259016393
2001,Nitrogen trifluoride (NF3),Normal value,Units,0.0003561948
2002,Nitrogen trifluoride (NF3),Normal value,Units,0.0003561948
2003,Nitrogen trifluoride (NF3),Normal value,Units,0.0003324900665629
2004,Nitrogen trifluoride (NF3),Normal value,Units,0.0003087853331259
2005,Nitrogen trifluoride (NF3),Normal value,Units,0.0003525913050174
2006,Nitrogen trifluoride (NF3),Normal value,Units,0.0003802183433727
2007,Nitrogen trifluoride (NF3),Normal value,Units,0.0003933739224971
2008,Nitrogen trifluoride (NF3),Normal value,Units,0.000393595865982
2009,Nitrogen trifluoride (NF3),Normal value,Units,0.000382268562983
2010,Nitrogen trifluoride (NF3),Normal value,Units,0.0003606376756589
2011,Nitrogen trifluoride (NF3),Normal value,Units,0.0003606376756589
2012,Nitrogen trifluoride (NF3),Normal value,Units,0.0003606376756589
2013,Nitrogen trifluoride (NF3),Normal value,Units,0.0003606376756589
2014,Nitrogen trifluoride (NF3),Normal value,Units,0.0003606376756589
2015,Nitrogen trifluoride (NF3),Normal value,Units,0.0003606376756589
2016,Nitrogen trifluoride (NF3),Normal value,Units,0.0003606376756589
2017,Nitrogen trifluoride (NF3),Normal value,Units,0.0003606376756589
2018,Nitrogen trifluoride (NF3),Normal value,Units,0.0003606376756589
2019,Nitrogen trifluoride (NF3),Normal value,Units,0.0003606376756589
2020,Nitrogen trifluoride (NF3),Normal value,Units,0.0003606376756589
1990,,Normal value,Units,806.2583102800191
1991,,Normal value,Units,814.5722614341378
1992,,Normal value,Units,793.0383954243886
1993,,Normal value,Units,773.0709618985804
1994,,Normal value,Units,761.7568798758939
1995,,Normal value,Units,755.4367034586885
1996,,Normal value,Units,775.1856888467769
1997,,Normal value,Units,750.4664653566082
1998,,Normal value,Units,748.2968698276289
1999,,Normal value,Units,718.4759195626154
2000,,Normal value,Units,718.2359629414157
2001,,Normal value,Units,720.7963914944175
2002,,Normal value,Units,698.4867232890492
2003,,Normal value,Units,704.9441658672791
2004,,Normal value,Units,700.6207451428259
2005,,Normal value,Units,692.3341062202084
2006,,Normal value,Units,684.6170562192586
2007,,Normal value,Units,672.065323489816
2008,,Normal value,Units,650.5268626485811
2009,,Normal value,Units,594.3044804340451
2010,,Normal value,Units,608.576398805018
2011,,Normal value,Units,562.8291531093079
2012,,Normal value,Units,579.2778574522922
2013,,Normal value,Units,565.6222224225413
2014,,Normal value,Units,525.2353852520912
2015,,Normal value,Units,507.9111653882104
2016,,Normal value,Units,483.06288758192807
2017,,Normal value,Units,471.6460076284813
2018,,Normal value,Units,463.4632352251188
2019,,Normal value,Units,447.8774362216295
2020,,Normal value,Units,405.513569585469
