Year,Observation-level footnotes,Source details,SERIES,UNIT_MEASURE,Upper bound value,Lower bound value,Value
2020,"The Exclusive Economic Zone (EEZ) comprises an area which extends either from the coast, or in federal systems from the seaward boundaries of the constituent states (3 to 12 nautical miles, in most cases) to 200 nautical miles (370 kilometres) off the coa","Protected Planet: The World Database on Protected Areas (WDPA) [On-line], December, 2018, International Union for Conservation of Nature (IUCN) and United Nations Environment Programme's World Conservation Monitoring Centre (UNEP-WCMC).",Coverage of protected areas in relation to marine areas (Exclusive Economic Zones) [14.5.1],Percent,,,44.11
2020,"The Exclusive Economic Zone (EEZ) comprises an area which extends either from the coast, or in federal systems from the seaward boundaries of the constituent states (3 to 12 nautical miles, in most cases) to 200 nautical miles (370 kilometres) off the coa","Protected Planet: The World Database on Protected Areas (WDPA) [On-line], December, 2018, International Union for Conservation of Nature (IUCN) and United Nations Environment Programme's World Conservation Monitoring Centre (UNEP-WCMC).",Protected marine area (Exclusive Economic Zones) (square kilometres) [14.5.1],Square kilometers,,,319100.7207
2000,,"BirdLife International, IUCN and UNEP-WCMC (2020). Based on spatial overlap between polygons for Key Biodiversity Areas from the World Database of Key Biodiveristy Areas (www.keybiodiversityareas.org) and polygons for protected areas from the World Database on Protected Areas and (where available) for Other Effective area-based Conservation Measures and from the World Database on OECMs (www.protectedplanet.net)",Average proportion of Marine Key Biodiversity Areas (KBAs) covered by protected areas [14.5.1],Percent,85.30549,85.30549,77.02725
2001,,"BirdLife International, IUCN and UNEP-WCMC (2020). Based on spatial overlap between polygons for Key Biodiversity Areas from the World Database of Key Biodiveristy Areas (www.keybiodiversityareas.org) and polygons for protected areas from the World Database on Protected Areas and (where available) for Other Effective area-based Conservation Measures and from the World Database on OECMs (www.protectedplanet.net)",Average proportion of Marine Key Biodiversity Areas (KBAs) covered by protected areas [14.5.1],Percent,85.30549,85.30549,78.13739
2002,,"BirdLife International, IUCN and UNEP-WCMC (2020). Based on spatial overlap between polygons for Key Biodiversity Areas from the World Database of Key Biodiveristy Areas (www.keybiodiversityareas.org) and polygons for protected areas from the World Database on Protected Areas and (where available) for Other Effective area-based Conservation Measures and from the World Database on OECMs (www.protectedplanet.net)",Average proportion of Marine Key Biodiversity Areas (KBAs) covered by protected areas [14.5.1],Percent,85.30549,85.30549,78.77889
2003,,"BirdLife International, IUCN and UNEP-WCMC (2020). Based on spatial overlap between polygons for Key Biodiversity Areas from the World Database of Key Biodiveristy Areas (www.keybiodiversityareas.org) and polygons for protected areas from the World Database on Protected Areas and (where available) for Other Effective area-based Conservation Measures and from the World Database on OECMs (www.protectedplanet.net)",Average proportion of Marine Key Biodiversity Areas (KBAs) covered by protected areas [14.5.1],Percent,85.30549,85.30549,79.38702
2004,,"BirdLife International, IUCN and UNEP-WCMC (2020). Based on spatial overlap between polygons for Key Biodiversity Areas from the World Database of Key Biodiveristy Areas (www.keybiodiversityareas.org) and polygons for protected areas from the World Database on Protected Areas and (where available) for Other Effective area-based Conservation Measures and from the World Database on OECMs (www.protectedplanet.net)",Average proportion of Marine Key Biodiversity Areas (KBAs) covered by protected areas [14.5.1],Percent,85.30549,85.30549,80.86297
2005,,"BirdLife International, IUCN and UNEP-WCMC (2020). Based on spatial overlap between polygons for Key Biodiversity Areas from the World Database of Key Biodiveristy Areas (www.keybiodiversityareas.org) and polygons for protected areas from the World Database on Protected Areas and (where available) for Other Effective area-based Conservation Measures and from the World Database on OECMs (www.protectedplanet.net)",Average proportion of Marine Key Biodiversity Areas (KBAs) covered by protected areas [14.5.1],Percent,85.30549,85.30549,82.48652
2006,,"BirdLife International, IUCN and UNEP-WCMC (2020). Based on spatial overlap between polygons for Key Biodiversity Areas from the World Database of Key Biodiveristy Areas (www.keybiodiversityareas.org) and polygons for protected areas from the World Database on Protected Areas and (where available) for Other Effective area-based Conservation Measures and from the World Database on OECMs (www.protectedplanet.net)",Average proportion of Marine Key Biodiversity Areas (KBAs) covered by protected areas [14.5.1],Percent,85.30549,85.30549,82.71935
2007,,"BirdLife International, IUCN and UNEP-WCMC (2020). Based on spatial overlap between polygons for Key Biodiversity Areas from the World Database of Key Biodiveristy Areas (www.keybiodiversityareas.org) and polygons for protected areas from the World Database on Protected Areas and (where available) for Other Effective area-based Conservation Measures and from the World Database on OECMs (www.protectedplanet.net)",Average proportion of Marine Key Biodiversity Areas (KBAs) covered by protected areas [14.5.1],Percent,85.30549,85.30549,82.73546
2008,,"BirdLife International, IUCN and UNEP-WCMC (2020). Based on spatial overlap between polygons for Key Biodiversity Areas from the World Database of Key Biodiveristy Areas (www.keybiodiversityareas.org) and polygons for protected areas from the World Database on Protected Areas and (where available) for Other Effective area-based Conservation Measures and from the World Database on OECMs (www.protectedplanet.net)",Average proportion of Marine Key Biodiversity Areas (KBAs) covered by protected areas [14.5.1],Percent,85.30549,85.30549,82.74292
2009,,"BirdLife International, IUCN and UNEP-WCMC (2020). Based on spatial overlap between polygons for Key Biodiversity Areas from the World Database of Key Biodiveristy Areas (www.keybiodiversityareas.org) and polygons for protected areas from the World Database on Protected Areas and (where available) for Other Effective area-based Conservation Measures and from the World Database on OECMs (www.protectedplanet.net)",Average proportion of Marine Key Biodiversity Areas (KBAs) covered by protected areas [14.5.1],Percent,85.30549,85.30549,83.31113
2010,,"BirdLife International, IUCN and UNEP-WCMC (2020). Based on spatial overlap between polygons for Key Biodiversity Areas from the World Database of Key Biodiveristy Areas (www.keybiodiversityareas.org) and polygons for protected areas from the World Database on Protected Areas and (where available) for Other Effective area-based Conservation Measures and from the World Database on OECMs (www.protectedplanet.net)",Average proportion of Marine Key Biodiversity Areas (KBAs) covered by protected areas [14.5.1],Percent,85.30549,85.30549,84.23937
2011,,"BirdLife International, IUCN and UNEP-WCMC (2020). Based on spatial overlap between polygons for Key Biodiversity Areas from the World Database of Key Biodiveristy Areas (www.keybiodiversityareas.org) and polygons for protected areas from the World Database on Protected Areas and (where available) for Other Effective area-based Conservation Measures and from the World Database on OECMs (www.protectedplanet.net)",Average proportion of Marine Key Biodiversity Areas (KBAs) covered by protected areas [14.5.1],Percent,85.30549,85.30549,84.28778
2012,,"BirdLife International, IUCN and UNEP-WCMC (2020). Based on spatial overlap between polygons for Key Biodiversity Areas from the World Database of Key Biodiveristy Areas (www.keybiodiversityareas.org) and polygons for protected areas from the World Database on Protected Areas and (where available) for Other Effective area-based Conservation Measures and from the World Database on OECMs (www.protectedplanet.net)",Average proportion of Marine Key Biodiversity Areas (KBAs) covered by protected areas [14.5.1],Percent,85.30549,85.30549,84.2907
2013,,"BirdLife International, IUCN and UNEP-WCMC (2020). Based on spatial overlap between polygons for Key Biodiversity Areas from the World Database of Key Biodiveristy Areas (www.keybiodiversityareas.org) and polygons for protected areas from the World Database on Protected Areas and (where available) for Other Effective area-based Conservation Measures and from the World Database on OECMs (www.protectedplanet.net)",Average proportion of Marine Key Biodiversity Areas (KBAs) covered by protected areas [14.5.1],Percent,85.30549,85.30549,84.2907
2014,,"BirdLife International, IUCN and UNEP-WCMC (2020). Based on spatial overlap between polygons for Key Biodiversity Areas from the World Database of Key Biodiveristy Areas (www.keybiodiversityareas.org) and polygons for protected areas from the World Database on Protected Areas and (where available) for Other Effective area-based Conservation Measures and from the World Database on OECMs (www.protectedplanet.net)",Average proportion of Marine Key Biodiversity Areas (KBAs) covered by protected areas [14.5.1],Percent,85.30549,85.30549,84.48695
2015,,"BirdLife International, IUCN and UNEP-WCMC (2020). Based on spatial overlap between polygons for Key Biodiversity Areas from the World Database of Key Biodiveristy Areas (www.keybiodiversityareas.org) and polygons for protected areas from the World Database on Protected Areas and (where available) for Other Effective area-based Conservation Measures and from the World Database on OECMs (www.protectedplanet.net)",Average proportion of Marine Key Biodiversity Areas (KBAs) covered by protected areas [14.5.1],Percent,85.30549,85.30549,84.48695
2016,,"BirdLife International, IUCN and UNEP-WCMC (2020). Based on spatial overlap between polygons for Key Biodiversity Areas from the World Database of Key Biodiveristy Areas (www.keybiodiversityareas.org) and polygons for protected areas from the World Database on Protected Areas and (where available) for Other Effective area-based Conservation Measures and from the World Database on OECMs (www.protectedplanet.net)",Average proportion of Marine Key Biodiversity Areas (KBAs) covered by protected areas [14.5.1],Percent,85.30549,85.30549,84.48766
2017,,"BirdLife International, IUCN and UNEP-WCMC (2020). Based on spatial overlap between polygons for Key Biodiversity Areas from the World Database of Key Biodiveristy Areas (www.keybiodiversityareas.org) and polygons for protected areas from the World Database on Protected Areas and (where available) for Other Effective area-based Conservation Measures and from the World Database on OECMs (www.protectedplanet.net)",Average proportion of Marine Key Biodiversity Areas (KBAs) covered by protected areas [14.5.1],Percent,85.30549,85.30549,84.99556
2018,,"BirdLife International, IUCN and UNEP-WCMC (2020). Based on spatial overlap between polygons for Key Biodiversity Areas from the World Database of Key Biodiveristy Areas (www.keybiodiversityareas.org) and polygons for protected areas from the World Database on Protected Areas and (where available) for Other Effective area-based Conservation Measures and from the World Database on OECMs (www.protectedplanet.net)",Average proportion of Marine Key Biodiversity Areas (KBAs) covered by protected areas [14.5.1],Percent,85.30549,85.30549,85.28643
2019,,"BirdLife International, IUCN and UNEP-WCMC (2020). Based on spatial overlap between polygons for Key Biodiversity Areas from the World Database of Key Biodiveristy Areas (www.keybiodiversityareas.org) and polygons for protected areas from the World Database on Protected Areas and (where available) for Other Effective area-based Conservation Measures and from the World Database on OECMs (www.protectedplanet.net)",Average proportion of Marine Key Biodiversity Areas (KBAs) covered by protected areas [14.5.1],Percent,85.30549,85.30549,85.30549
2020,,"BirdLife International, IUCN and UNEP-WCMC (2020). Based on spatial overlap between polygons for Key Biodiversity Areas from the World Database of Key Biodiveristy Areas (www.keybiodiversityareas.org) and polygons for protected areas from the World Database on Protected Areas and (where available) for Other Effective area-based Conservation Measures and from the World Database on OECMs (www.protectedplanet.net)",Average proportion of Marine Key Biodiversity Areas (KBAs) covered by protected areas [14.5.1],Percent,85.30549,85.30549,85.30549
