Year,Source details,SERIES,COMPOSITE_BREAKDOWN,Value
2000,ADB Financial Report 2019,"Proportion of members of developing countries in international organizations, by organization [10.6.1, 16.8.1]",International Organisation: Asian Development Bank,1.6949
2005,ADB Financial Report 2019,"Proportion of members of developing countries in international organizations, by organization [10.6.1, 16.8.1]",International Organisation: Asian Development Bank,1.5625
2010,ADB Financial Report 2019,"Proportion of members of developing countries in international organizations, by organization [10.6.1, 16.8.1]",International Organisation: Asian Development Bank,1.4925
2015,ADB Financial Report 2019,"Proportion of members of developing countries in international organizations, by organization [10.6.1, 16.8.1]",International Organisation: Asian Development Bank,1.4925
2016,ADB Financial Report 2019,"Proportion of members of developing countries in international organizations, by organization [10.6.1, 16.8.1]",International Organisation: Asian Development Bank,1.4925
2017,ADB Financial Report 2019,"Proportion of members of developing countries in international organizations, by organization [10.6.1, 16.8.1]",International Organisation: Asian Development Bank,1.4925
2018,ADB Financial Report 2019,"Proportion of members of developing countries in international organizations, by organization [10.6.1, 16.8.1]",International Organisation: Asian Development Bank,1.4925
2019,ADB Financial Report 2019,"Proportion of members of developing countries in international organizations, by organization [10.6.1, 16.8.1]",International Organisation: Asian Development Bank,1.4925
2000,African Development Bank Group Annual Report 2019,"Proportion of members of developing countries in international organizations, by organization [10.6.1, 16.8.1]",International Organisation: African Development Bank,1.2987
2005,African Development Bank Group Annual Report 2019,"Proportion of members of developing countries in international organizations, by organization [10.6.1, 16.8.1]",International Organisation: African Development Bank,1.2987
2010,African Development Bank Group Annual Report 2019,"Proportion of members of developing countries in international organizations, by organization [10.6.1, 16.8.1]",International Organisation: African Development Bank,1.2987
2014,African Development Bank Group Annual Report 2019,"Proportion of members of developing countries in international organizations, by organization [10.6.1, 16.8.1]",International Organisation: African Development Bank,1.26582
2015,African Development Bank Group Annual Report 2019,"Proportion of members of developing countries in international organizations, by organization [10.6.1, 16.8.1]",International Organisation: African Development Bank,1.25
2016,African Development Bank Group Annual Report 2019,"Proportion of members of developing countries in international organizations, by organization [10.6.1, 16.8.1]",International Organisation: African Development Bank,1.25
2017,African Development Bank Group Annual Report 2019,"Proportion of members of developing countries in international organizations, by organization [10.6.1, 16.8.1]",International Organisation: African Development Bank,1.25
2018,African Development Bank Group Annual Report 2019,"Proportion of members of developing countries in international organizations, by organization [10.6.1, 16.8.1]",International Organisation: African Development Bank,1.25
2019,African Development Bank Group Annual Report 2019,"Proportion of members of developing countries in international organizations, by organization [10.6.1, 16.8.1]",International Organisation: African Development Bank,1.25
2000,Report of the Economic and Social Council on its 2019 Session (A/74/3),"Proportion of members of developing countries in international organizations, by organization [10.6.1, 16.8.1]",International Organisation: UN Economic and Social Council,1.85185
2005,Report of the Economic and Social Council on its 2019 Session (A/74/3),"Proportion of members of developing countries in international organizations, by organization [10.6.1, 16.8.1]",International Organisation: UN Economic and Social Council,1.85185
2010,Report of the Economic and Social Council on its 2019 Session (A/74/3),"Proportion of members of developing countries in international organizations, by organization [10.6.1, 16.8.1]",International Organisation: UN Economic and Social Council,1.85185
2015,Report of the Economic and Social Council on its 2019 Session (A/74/3),"Proportion of members of developing countries in international organizations, by organization [10.6.1, 16.8.1]",International Organisation: UN Economic and Social Council,1.85185
2016,Report of the Economic and Social Council on its 2019 Session (A/74/3),"Proportion of members of developing countries in international organizations, by organization [10.6.1, 16.8.1]",International Organisation: UN Economic and Social Council,1.85185
2017,Report of the Economic and Social Council on its 2019 Session (A/74/3),"Proportion of members of developing countries in international organizations, by organization [10.6.1, 16.8.1]",International Organisation: UN Economic and Social Council,1.85185
2018,Report of the Economic and Social Council on its 2019 Session (A/74/3),"Proportion of members of developing countries in international organizations, by organization [10.6.1, 16.8.1]",International Organisation: UN Economic and Social Council,1.85185
2019,Report of the Economic and Social Council on its 2019 Session (A/74/3),"Proportion of members of developing countries in international organizations, by organization [10.6.1, 16.8.1]",International Organisation: UN Economic and Social Council,1.85185
2010,FSB Financial Statements March 2020,"Proportion of members of developing countries in international organizations, by organization [10.6.1, 16.8.1]",International Organisation: Financial Stability Board,4.16667
2015,FSB Financial Statements March 2020,"Proportion of members of developing countries in international organizations, by organization [10.6.1, 16.8.1]",International Organisation: Financial Stability Board,4.16667
2016,FSB Financial Statements March 2020,"Proportion of members of developing countries in international organizations, by organization [10.6.1, 16.8.1]",International Organisation: Financial Stability Board,4.16667
2017,FSB Financial Statements March 2020,"Proportion of members of developing countries in international organizations, by organization [10.6.1, 16.8.1]",International Organisation: Financial Stability Board,4.16667
2018,FSB Financial Statements March 2020,"Proportion of members of developing countries in international organizations, by organization [10.6.1, 16.8.1]",International Organisation: Financial Stability Board,4.16667
2019,FSB Financial Statements March 2020,"Proportion of members of developing countries in international organizations, by organization [10.6.1, 16.8.1]",International Organisation: Financial Stability Board,4.16667
2020,FSB Financial Statements March 2020,"Proportion of members of developing countries in international organizations, by organization [10.6.1, 16.8.1]",International Organisation: Financial Stability Board,4.16667
2000,Inter-American Development Bank Annual Report 2019,"Proportion of members of developing countries in international organizations, by organization [10.6.1, 16.8.1]",International Organisation: Inter-American Development Bank,2.17391
2005,Inter-American Development Bank Annual Report 2019,"Proportion of members of developing countries in international organizations, by organization [10.6.1, 16.8.1]",International Organisation: Inter-American Development Bank,2.12766
2010,Inter-American Development Bank Annual Report 2019,"Proportion of members of developing countries in international organizations, by organization [10.6.1, 16.8.1]",International Organisation: Inter-American Development Bank,2.08333
2015,Inter-American Development Bank Annual Report 2019,"Proportion of members of developing countries in international organizations, by organization [10.6.1, 16.8.1]",International Organisation: Inter-American Development Bank,2.08333
2016,Inter-American Development Bank Annual Report 2019,"Proportion of members of developing countries in international organizations, by organization [10.6.1, 16.8.1]",International Organisation: Inter-American Development Bank,2.08333
2017,Inter-American Development Bank Annual Report 2019,"Proportion of members of developing countries in international organizations, by organization [10.6.1, 16.8.1]",International Organisation: Inter-American Development Bank,2.08333
2018,Inter-American Development Bank Annual Report 2019,"Proportion of members of developing countries in international organizations, by organization [10.6.1, 16.8.1]",International Organisation: Inter-American Development Bank,2.08333
2019,Inter-American Development Bank Annual Report 2019,"Proportion of members of developing countries in international organizations, by organization [10.6.1, 16.8.1]",International Organisation: Inter-American Development Bank,2.08333
2000,IBRD Financial Statements June 2020,"Proportion of members of developing countries in international organizations, by organization [10.6.1, 16.8.1]",International Organisation: International Bank for Reconstruction and Development,0.54945
2005,IBRD Financial Statements June 2020,"Proportion of members of developing countries in international organizations, by organization [10.6.1, 16.8.1]",International Organisation: International Bank for Reconstruction and Development,0.54348
2010,IBRD Financial Statements June 2020,"Proportion of members of developing countries in international organizations, by organization [10.6.1, 16.8.1]",International Organisation: International Bank for Reconstruction and Development,0.53476
2015,IBRD Financial Statements June 2020,"Proportion of members of developing countries in international organizations, by organization [10.6.1, 16.8.1]",International Organisation: International Bank for Reconstruction and Development,0.53191
2016,IBRD Financial Statements June 2020,"Proportion of members of developing countries in international organizations, by organization [10.6.1, 16.8.1]",International Organisation: International Bank for Reconstruction and Development,0.53191
2017,IBRD Financial Statements June 2020,"Proportion of members of developing countries in international organizations, by organization [10.6.1, 16.8.1]",International Organisation: International Bank for Reconstruction and Development,0.5291
2018,IBRD Financial Statements June 2020,"Proportion of members of developing countries in international organizations, by organization [10.6.1, 16.8.1]",International Organisation: International Bank for Reconstruction and Development,0.5291
2019,IBRD Financial Statements June 2020,"Proportion of members of developing countries in international organizations, by organization [10.6.1, 16.8.1]",International Organisation: International Bank for Reconstruction and Development,0.5291
2020,IBRD Financial Statements June 2020,"Proportion of members of developing countries in international organizations, by organization [10.6.1, 16.8.1]",International Organisation: International Bank for Reconstruction and Development,0.5291
2000,IFC 2020 Annual Report Volume 2,"Proportion of members of developing countries in international organizations, by organization [10.6.1, 16.8.1]",International Organisation: International Finance Corporation,0.57471
2005,IFC 2020 Annual Report Volume 2,"Proportion of members of developing countries in international organizations, by organization [10.6.1, 16.8.1]",International Organisation: International Finance Corporation,0.5618
2010,IFC 2020 Annual Report Volume 2,"Proportion of members of developing countries in international organizations, by organization [10.6.1, 16.8.1]",International Organisation: International Finance Corporation,0.54945
2015,IFC 2020 Annual Report Volume 2,"Proportion of members of developing countries in international organizations, by organization [10.6.1, 16.8.1]",International Organisation: International Finance Corporation,0.54348
2016,IFC 2020 Annual Report Volume 2,"Proportion of members of developing countries in international organizations, by organization [10.6.1, 16.8.1]",International Organisation: International Finance Corporation,0.54348
2017,IFC 2020 Annual Report Volume 2,"Proportion of members of developing countries in international organizations, by organization [10.6.1, 16.8.1]",International Organisation: International Finance Corporation,0.54348
2018,IFC 2020 Annual Report Volume 2,"Proportion of members of developing countries in international organizations, by organization [10.6.1, 16.8.1]",International Organisation: International Finance Corporation,0.54348
2019,IFC 2020 Annual Report Volume 2,"Proportion of members of developing countries in international organizations, by organization [10.6.1, 16.8.1]",International Organisation: International Finance Corporation,0.5435
2020,IFC 2020 Annual Report Volume 2,"Proportion of members of developing countries in international organizations, by organization [10.6.1, 16.8.1]",International Organisation: International Finance Corporation,0.54348
2000,IMF Annual Report 2020,"Proportion of members of developing countries in international organizations, by organization [10.6.1, 16.8.1]",International Organisation: International Monetary Fund,0.5618
2005,IMF Annual Report 2020,"Proportion of members of developing countries in international organizations, by organization [10.6.1, 16.8.1]",International Organisation: International Monetary Fund,0.55249
2010,IMF Annual Report 2020,"Proportion of members of developing countries in international organizations, by organization [10.6.1, 16.8.1]",International Organisation: International Monetary Fund,0.54945
2015,IMF Annual Report 2020,"Proportion of members of developing countries in international organizations, by organization [10.6.1, 16.8.1]",International Organisation: International Monetary Fund,0.53191
2016,IMF Annual Report 2020,"Proportion of members of developing countries in international organizations, by organization [10.6.1, 16.8.1]",International Organisation: International Monetary Fund,0.53191
2017,IMF Annual Report 2020,"Proportion of members of developing countries in international organizations, by organization [10.6.1, 16.8.1]",International Organisation: International Monetary Fund,0.5291
2018,IMF Annual Report 2020,"Proportion of members of developing countries in international organizations, by organization [10.6.1, 16.8.1]",International Organisation: International Monetary Fund,0.5291
2019,IMF Annual Report 2020,"Proportion of members of developing countries in international organizations, by organization [10.6.1, 16.8.1]",International Organisation: International Monetary Fund,0.5291
2020,IMF Annual Report 2020,"Proportion of members of developing countries in international organizations, by organization [10.6.1, 16.8.1]",International Organisation: International Monetary Fund,0.5291
2000,UN General Assembly website http://www.un.org/en/member-states/index.html,"Proportion of members of developing countries in international organizations, by organization [10.6.1, 16.8.1]",International Organisation: UN General Assembly,0.5291
2005,UN General Assembly website http://www.un.org/en/member-states/index.html,"Proportion of members of developing countries in international organizations, by organization [10.6.1, 16.8.1]",International Organisation: UN General Assembly,0.52356
2010,UN General Assembly website http://www.un.org/en/member-states/index.html,"Proportion of members of developing countries in international organizations, by organization [10.6.1, 16.8.1]",International Organisation: UN General Assembly,0.52083
2015,UN General Assembly website http://www.un.org/en/member-states/index.html,"Proportion of members of developing countries in international organizations, by organization [10.6.1, 16.8.1]",International Organisation: UN General Assembly,0.51813
2016,UN General Assembly website http://www.un.org/en/member-states/index.html,"Proportion of members of developing countries in international organizations, by organization [10.6.1, 16.8.1]",International Organisation: UN General Assembly,0.51813
2017,UN General Assembly website http://www.un.org/en/member-states/index.html,"Proportion of members of developing countries in international organizations, by organization [10.6.1, 16.8.1]",International Organisation: UN General Assembly,0.51813
2018,UN General Assembly website http://www.un.org/en/member-states/index.html,"Proportion of members of developing countries in international organizations, by organization [10.6.1, 16.8.1]",International Organisation: UN General Assembly,0.51813
2019,UN General Assembly website http://www.un.org/en/member-states/index.html,"Proportion of members of developing countries in international organizations, by organization [10.6.1, 16.8.1]",International Organisation: UN General Assembly,0.51813
2020,UN General Assembly website http://www.un.org/en/member-states/index.html,"Proportion of members of developing countries in international organizations, by organization [10.6.1, 16.8.1]",International Organisation: UN General Assembly,0.51813
2000,Security Council website https://www.un.org/securitycouncil/content/current-members,"Proportion of members of developing countries in international organizations, by organization [10.6.1, 16.8.1]",International Organisation: UN Security Council,6.66667
2005,Security Council website https://www.un.org/securitycouncil/content/current-members,"Proportion of members of developing countries in international organizations, by organization [10.6.1, 16.8.1]",International Organisation: UN Security Council,6.66667
2010,Security Council website https://www.un.org/securitycouncil/content/current-members,"Proportion of members of developing countries in international organizations, by organization [10.6.1, 16.8.1]",International Organisation: UN Security Council,6.66667
2015,Security Council website https://www.un.org/securitycouncil/content/current-members,"Proportion of members of developing countries in international organizations, by organization [10.6.1, 16.8.1]",International Organisation: UN Security Council,6.66667
2016,Security Council website https://www.un.org/securitycouncil/content/current-members,"Proportion of members of developing countries in international organizations, by organization [10.6.1, 16.8.1]",International Organisation: UN Security Council,6.66667
2017,Security Council website https://www.un.org/securitycouncil/content/current-members,"Proportion of members of developing countries in international organizations, by organization [10.6.1, 16.8.1]",International Organisation: UN Security Council,6.66667
2018,Security Council website https://www.un.org/securitycouncil/content/current-members,"Proportion of members of developing countries in international organizations, by organization [10.6.1, 16.8.1]",International Organisation: UN Security Council,6.66667
2019,Security Council website https://www.un.org/securitycouncil/content/current-members,"Proportion of members of developing countries in international organizations, by organization [10.6.1, 16.8.1]",International Organisation: UN Security Council,6.66667
2020,Security Council website https://www.un.org/securitycouncil/content/current-members,"Proportion of members of developing countries in international organizations, by organization [10.6.1, 16.8.1]",International Organisation: UN Security Council,6.66667
2000,WTO Annual Report 2020,"Proportion of members of developing countries in international organizations, by organization [10.6.1, 16.8.1]",International Organisation: World Trade Organisation,0.71429
2005,WTO Annual Report 2020,"Proportion of members of developing countries in international organizations, by organization [10.6.1, 16.8.1]",International Organisation: World Trade Organisation,0.67114
2010,WTO Annual Report 2020,"Proportion of members of developing countries in international organizations, by organization [10.6.1, 16.8.1]",International Organisation: World Trade Organisation,0.65359
2015,WTO Annual Report 2020,"Proportion of members of developing countries in international organizations, by organization [10.6.1, 16.8.1]",International Organisation: World Trade Organisation,0.625
2016,WTO Annual Report 2020,"Proportion of members of developing countries in international organizations, by organization [10.6.1, 16.8.1]",International Organisation: World Trade Organisation,0.61728
2017,WTO Annual Report 2020,"Proportion of members of developing countries in international organizations, by organization [10.6.1, 16.8.1]",International Organisation: World Trade Organisation,0.60976
2018,WTO Annual Report 2020,"Proportion of members of developing countries in international organizations, by organization [10.6.1, 16.8.1]",International Organisation: World Trade Organisation,0.60976
2019,WTO Annual Report 2020,"Proportion of members of developing countries in international organizations, by organization [10.6.1, 16.8.1]",International Organisation: World Trade Organisation,0.60976
2020,WTO Annual Report 2020,"Proportion of members of developing countries in international organizations, by organization [10.6.1, 16.8.1]",International Organisation: World Trade Organisation,0.60976
2000,ADB Financial Report 2019,"Proportion of voting rights of developing countries in international organizations, by organization [10.6.1, 16.8.1]",International Organisation: Asian Development Bank,2.003
2005,ADB Financial Report 2019,"Proportion of voting rights of developing countries in international organizations, by organization [10.6.1, 16.8.1]",International Organisation: Asian Development Bank,1.96
2010,ADB Financial Report 2019,"Proportion of voting rights of developing countries in international organizations, by organization [10.6.1, 16.8.1]",International Organisation: Asian Development Bank,2.154
2015,ADB Financial Report 2019,"Proportion of voting rights of developing countries in international organizations, by organization [10.6.1, 16.8.1]",International Organisation: Asian Development Bank,1.934
2016,ADB Financial Report 2019,"Proportion of voting rights of developing countries in international organizations, by organization [10.6.1, 16.8.1]",International Organisation: Asian Development Bank,1.932
2017,ADB Financial Report 2019,"Proportion of voting rights of developing countries in international organizations, by organization [10.6.1, 16.8.1]",International Organisation: Asian Development Bank,1.932
2018,ADB Financial Report 2019,"Proportion of voting rights of developing countries in international organizations, by organization [10.6.1, 16.8.1]",International Organisation: Asian Development Bank,1.9286
2019,ADB Financial Report 2019,"Proportion of voting rights of developing countries in international organizations, by organization [10.6.1, 16.8.1]",International Organisation: Asian Development Bank,1.92992
2000,AfDB Annual Report 2019,"Proportion of voting rights of developing countries in international organizations, by organization [10.6.1, 16.8.1]",International Organisation: African Development Bank,1.75
2005,AfDB Annual Report 2019,"Proportion of voting rights of developing countries in international organizations, by organization [10.6.1, 16.8.1]",International Organisation: African Development Bank,1.677
2010,AfDB Annual Report 2019,"Proportion of voting rights of developing countries in international organizations, by organization [10.6.1, 16.8.1]",International Organisation: African Development Bank,1.649
2014,AfDB Annual Report 2019,"Proportion of voting rights of developing countries in international organizations, by organization [10.6.1, 16.8.1]",International Organisation: African Development Bank,1.689
2015,AfDB Annual Report 2019,"Proportion of voting rights of developing countries in international organizations, by organization [10.6.1, 16.8.1]",International Organisation: African Development Bank,1.75
2016,AfDB Annual Report 2019,"Proportion of voting rights of developing countries in international organizations, by organization [10.6.1, 16.8.1]",International Organisation: African Development Bank,1.7519
2017,AfDB Annual Report 2019,"Proportion of voting rights of developing countries in international organizations, by organization [10.6.1, 16.8.1]",International Organisation: African Development Bank,1.7519
2018,AfDB Annual Report 2019,"Proportion of voting rights of developing countries in international organizations, by organization [10.6.1, 16.8.1]",International Organisation: African Development Bank,1.8106
2019,AfDB Annual Report 2019,"Proportion of voting rights of developing countries in international organizations, by organization [10.6.1, 16.8.1]",International Organisation: African Development Bank,1.80802
2000,Report of the Economic and Social Council on its 2019 Session (A/74/3),"Proportion of voting rights of developing countries in international organizations, by organization [10.6.1, 16.8.1]",International Organisation: UN Economic and Social Council,1.8519
2005,Report of the Economic and Social Council on its 2019 Session (A/74/3),"Proportion of voting rights of developing countries in international organizations, by organization [10.6.1, 16.8.1]",International Organisation: UN Economic and Social Council,1.8519
2010,Report of the Economic and Social Council on its 2019 Session (A/74/3),"Proportion of voting rights of developing countries in international organizations, by organization [10.6.1, 16.8.1]",International Organisation: UN Economic and Social Council,1.8519
2015,Report of the Economic and Social Council on its 2019 Session (A/74/3),"Proportion of voting rights of developing countries in international organizations, by organization [10.6.1, 16.8.1]",International Organisation: UN Economic and Social Council,1.8519
2016,Report of the Economic and Social Council on its 2019 Session (A/74/3),"Proportion of voting rights of developing countries in international organizations, by organization [10.6.1, 16.8.1]",International Organisation: UN Economic and Social Council,1.8519
2017,Report of the Economic and Social Council on its 2019 Session (A/74/3),"Proportion of voting rights of developing countries in international organizations, by organization [10.6.1, 16.8.1]",International Organisation: UN Economic and Social Council,1.8519
2018,Report of the Economic and Social Council on its 2019 Session (A/74/3),"Proportion of voting rights of developing countries in international organizations, by organization [10.6.1, 16.8.1]",International Organisation: UN Economic and Social Council,1.8519
2019,Report of the Economic and Social Council on its 2019 Session (A/74/3),"Proportion of voting rights of developing countries in international organizations, by organization [10.6.1, 16.8.1]",International Organisation: UN Economic and Social Council,1.8519
2010,FSB Financial Statements March 2020,"Proportion of voting rights of developing countries in international organizations, by organization [10.6.1, 16.8.1]",International Organisation: Financial Stability Board,5.7692
2015,FSB Financial Statements March 2020,"Proportion of voting rights of developing countries in international organizations, by organization [10.6.1, 16.8.1]",International Organisation: Financial Stability Board,5.2632
2016,FSB Financial Statements March 2020,"Proportion of voting rights of developing countries in international organizations, by organization [10.6.1, 16.8.1]",International Organisation: Financial Stability Board,5.2632
2017,FSB Financial Statements March 2020,"Proportion of voting rights of developing countries in international organizations, by organization [10.6.1, 16.8.1]",International Organisation: Financial Stability Board,5.2632
2018,FSB Financial Statements March 2020,"Proportion of voting rights of developing countries in international organizations, by organization [10.6.1, 16.8.1]",International Organisation: Financial Stability Board,5.2632
2019,FSB Financial Statements March 2020,"Proportion of voting rights of developing countries in international organizations, by organization [10.6.1, 16.8.1]",International Organisation: Financial Stability Board,5.2632
2020,FSB Financial Statements March 2020,"Proportion of voting rights of developing countries in international organizations, by organization [10.6.1, 16.8.1]",International Organisation: Financial Stability Board,5.26316
2000,Inter-American Development Bank Annual Report 2019,"Proportion of voting rights of developing countries in international organizations, by organization [10.6.1, 16.8.1]",International Organisation: Inter-American Development Bank,0.964
2005,Inter-American Development Bank Annual Report 2019,"Proportion of voting rights of developing countries in international organizations, by organization [10.6.1, 16.8.1]",International Organisation: Inter-American Development Bank,0.964
2010,Inter-American Development Bank Annual Report 2019,"Proportion of voting rights of developing countries in international organizations, by organization [10.6.1, 16.8.1]",International Organisation: Inter-American Development Bank,0.964
2015,Inter-American Development Bank Annual Report 2019,"Proportion of voting rights of developing countries in international organizations, by organization [10.6.1, 16.8.1]",International Organisation: Inter-American Development Bank,0.964
2016,Inter-American Development Bank Annual Report 2019,"Proportion of voting rights of developing countries in international organizations, by organization [10.6.1, 16.8.1]",International Organisation: Inter-American Development Bank,0.964
2017,Inter-American Development Bank Annual Report 2019,"Proportion of voting rights of developing countries in international organizations, by organization [10.6.1, 16.8.1]",International Organisation: Inter-American Development Bank,0.964
2018,Inter-American Development Bank Annual Report 2019,"Proportion of voting rights of developing countries in international organizations, by organization [10.6.1, 16.8.1]",International Organisation: Inter-American Development Bank,0.964
2019,Inter-American Development Bank Annual Report 2019,"Proportion of voting rights of developing countries in international organizations, by organization [10.6.1, 16.8.1]",International Organisation: Inter-American Development Bank,0.964
2000,IBRD Financial Statements June 2020,"Proportion of voting rights of developing countries in international organizations, by organization [10.6.1, 16.8.1]",International Organisation: International Bank for Reconstruction and Development,4.3271
2005,IBRD Financial Statements June 2020,"Proportion of voting rights of developing countries in international organizations, by organization [10.6.1, 16.8.1]",International Organisation: International Bank for Reconstruction and Development,4.3028
2010,IBRD Financial Statements June 2020,"Proportion of voting rights of developing countries in international organizations, by organization [10.6.1, 16.8.1]",International Organisation: International Bank for Reconstruction and Development,4.2958
2015,IBRD Financial Statements June 2020,"Proportion of voting rights of developing countries in international organizations, by organization [10.6.1, 16.8.1]",International Organisation: International Bank for Reconstruction and Development,3.932
2016,IBRD Financial Statements June 2020,"Proportion of voting rights of developing countries in international organizations, by organization [10.6.1, 16.8.1]",International Organisation: International Bank for Reconstruction and Development,3.94
2017,IBRD Financial Statements June 2020,"Proportion of voting rights of developing countries in international organizations, by organization [10.6.1, 16.8.1]",International Organisation: International Bank for Reconstruction and Development,3.8595
2018,IBRD Financial Statements June 2020,"Proportion of voting rights of developing countries in international organizations, by organization [10.6.1, 16.8.1]",International Organisation: International Bank for Reconstruction and Development,3.7787
2019,IBRD Financial Statements June 2020,"Proportion of voting rights of developing countries in international organizations, by organization [10.6.1, 16.8.1]",International Organisation: International Bank for Reconstruction and Development,3.7087
2020,IBRD Financial Statements June 2020,"Proportion of voting rights of developing countries in international organizations, by organization [10.6.1, 16.8.1]",International Organisation: International Bank for Reconstruction and Development,3.89409
2000,IFC 2020 Annual Report Volume 2,"Proportion of voting rights of developing countries in international organizations, by organization [10.6.1, 16.8.1]",International Organisation: International Finance Corporation,5.0505
2005,IFC 2020 Annual Report Volume 2,"Proportion of voting rights of developing countries in international organizations, by organization [10.6.1, 16.8.1]",International Organisation: International Finance Corporation,5.0351
2010,IFC 2020 Annual Report Volume 2,"Proportion of voting rights of developing countries in international organizations, by organization [10.6.1, 16.8.1]",International Organisation: International Finance Corporation,5.0215
2015,IFC 2020 Annual Report Volume 2,"Proportion of voting rights of developing countries in international organizations, by organization [10.6.1, 16.8.1]",International Organisation: International Finance Corporation,4.4889
2016,IFC 2020 Annual Report Volume 2,"Proportion of voting rights of developing countries in international organizations, by organization [10.6.1, 16.8.1]",International Organisation: International Finance Corporation,4.4889
2017,IFC 2020 Annual Report Volume 2,"Proportion of voting rights of developing countries in international organizations, by organization [10.6.1, 16.8.1]",International Organisation: International Finance Corporation,4.4889
2018,IFC 2020 Annual Report Volume 2,"Proportion of voting rights of developing countries in international organizations, by organization [10.6.1, 16.8.1]",International Organisation: International Finance Corporation,4.484
2019,IFC 2020 Annual Report Volume 2,"Proportion of voting rights of developing countries in international organizations, by organization [10.6.1, 16.8.1]",International Organisation: International Finance Corporation,4.4542
2020,IFC 2020 Annual Report Volume 2,"Proportion of voting rights of developing countries in international organizations, by organization [10.6.1, 16.8.1]",International Organisation: International Finance Corporation,4.4849116
2000,IMF Annual Report 2020,"Proportion of voting rights of developing countries in international organizations, by organization [10.6.1, 16.8.1]",International Organisation: International Monetary Fund,5.0279
2005,IMF Annual Report 2020,"Proportion of voting rights of developing countries in international organizations, by organization [10.6.1, 16.8.1]",International Organisation: International Monetary Fund,4.948
2010,IMF Annual Report 2020,"Proportion of voting rights of developing countries in international organizations, by organization [10.6.1, 16.8.1]",International Organisation: International Monetary Fund,4.8602
2015,IMF Annual Report 2020,"Proportion of voting rights of developing countries in international organizations, by organization [10.6.1, 16.8.1]",International Organisation: International Monetary Fund,4.2896
2016,IMF Annual Report 2020,"Proportion of voting rights of developing countries in international organizations, by organization [10.6.1, 16.8.1]",International Organisation: International Monetary Fund,4.069
2017,IMF Annual Report 2020,"Proportion of voting rights of developing countries in international organizations, by organization [10.6.1, 16.8.1]",International Organisation: International Monetary Fund,4.0357
2018,IMF Annual Report 2020,"Proportion of voting rights of developing countries in international organizations, by organization [10.6.1, 16.8.1]",International Organisation: International Monetary Fund,4.0348
2019,IMF Annual Report 2020,"Proportion of voting rights of developing countries in international organizations, by organization [10.6.1, 16.8.1]",International Organisation: International Monetary Fund,4.03481
2020,IMF Annual Report 2020,"Proportion of voting rights of developing countries in international organizations, by organization [10.6.1, 16.8.1]",International Organisation: International Monetary Fund,4.03267
2000,UN General Assembly website http://www.un.org/en/member-states/index.html,"Proportion of voting rights of developing countries in international organizations, by organization [10.6.1, 16.8.1]",International Organisation: UN General Assembly,0.5291
2005,UN General Assembly website http://www.un.org/en/member-states/index.html,"Proportion of voting rights of developing countries in international organizations, by organization [10.6.1, 16.8.1]",International Organisation: UN General Assembly,0.5236
2010,UN General Assembly website http://www.un.org/en/member-states/index.html,"Proportion of voting rights of developing countries in international organizations, by organization [10.6.1, 16.8.1]",International Organisation: UN General Assembly,0.5208
2015,UN General Assembly website http://www.un.org/en/member-states/index.html,"Proportion of voting rights of developing countries in international organizations, by organization [10.6.1, 16.8.1]",International Organisation: UN General Assembly,0.5181
2016,UN General Assembly website http://www.un.org/en/member-states/index.html,"Proportion of voting rights of developing countries in international organizations, by organization [10.6.1, 16.8.1]",International Organisation: UN General Assembly,0.5181
2017,UN General Assembly website http://www.un.org/en/member-states/index.html,"Proportion of voting rights of developing countries in international organizations, by organization [10.6.1, 16.8.1]",International Organisation: UN General Assembly,0.5181
2018,UN General Assembly website http://www.un.org/en/member-states/index.html,"Proportion of voting rights of developing countries in international organizations, by organization [10.6.1, 16.8.1]",International Organisation: UN General Assembly,0.5181
2019,UN General Assembly website http://www.un.org/en/member-states/index.html,"Proportion of voting rights of developing countries in international organizations, by organization [10.6.1, 16.8.1]",International Organisation: UN General Assembly,0.5181
2020,UN General Assembly website http://www.un.org/en/member-states/index.html,"Proportion of voting rights of developing countries in international organizations, by organization [10.6.1, 16.8.1]",International Organisation: UN General Assembly,0.5181
2000,Security Council website https://www.un.org/securitycouncil/content/current-members,"Proportion of voting rights of developing countries in international organizations, by organization [10.6.1, 16.8.1]",International Organisation: UN Security Council,6.6667
2005,Security Council website https://www.un.org/securitycouncil/content/current-members,"Proportion of voting rights of developing countries in international organizations, by organization [10.6.1, 16.8.1]",International Organisation: UN Security Council,6.6667
2010,Security Council website https://www.un.org/securitycouncil/content/current-members,"Proportion of voting rights of developing countries in international organizations, by organization [10.6.1, 16.8.1]",International Organisation: UN Security Council,6.6667
2015,Security Council website https://www.un.org/securitycouncil/content/current-members,"Proportion of voting rights of developing countries in international organizations, by organization [10.6.1, 16.8.1]",International Organisation: UN Security Council,6.6667
2016,Security Council website https://www.un.org/securitycouncil/content/current-members,"Proportion of voting rights of developing countries in international organizations, by organization [10.6.1, 16.8.1]",International Organisation: UN Security Council,6.6667
2017,Security Council website https://www.un.org/securitycouncil/content/current-members,"Proportion of voting rights of developing countries in international organizations, by organization [10.6.1, 16.8.1]",International Organisation: UN Security Council,6.6667
2018,Security Council website https://www.un.org/securitycouncil/content/current-members,"Proportion of voting rights of developing countries in international organizations, by organization [10.6.1, 16.8.1]",International Organisation: UN Security Council,6.6667
2019,Security Council website https://www.un.org/securitycouncil/content/current-members,"Proportion of voting rights of developing countries in international organizations, by organization [10.6.1, 16.8.1]",International Organisation: UN Security Council,6.6667
2020,Security Council website https://www.un.org/securitycouncil/content/current-members,"Proportion of voting rights of developing countries in international organizations, by organization [10.6.1, 16.8.1]",International Organisation: UN Security Council,6.66667
2000,WTO Annual Report 2020,"Proportion of voting rights of developing countries in international organizations, by organization [10.6.1, 16.8.1]",International Organisation: World Trade Organisation,0.7143
2005,WTO Annual Report 2020,"Proportion of voting rights of developing countries in international organizations, by organization [10.6.1, 16.8.1]",International Organisation: World Trade Organisation,0.6711
2010,WTO Annual Report 2020,"Proportion of voting rights of developing countries in international organizations, by organization [10.6.1, 16.8.1]",International Organisation: World Trade Organisation,0.6536
2015,WTO Annual Report 2020,"Proportion of voting rights of developing countries in international organizations, by organization [10.6.1, 16.8.1]",International Organisation: World Trade Organisation,0.625
2016,WTO Annual Report 2020,"Proportion of voting rights of developing countries in international organizations, by organization [10.6.1, 16.8.1]",International Organisation: World Trade Organisation,0.6173
2017,WTO Annual Report 2020,"Proportion of voting rights of developing countries in international organizations, by organization [10.6.1, 16.8.1]",International Organisation: World Trade Organisation,0.6098
2018,WTO Annual Report 2020,"Proportion of voting rights of developing countries in international organizations, by organization [10.6.1, 16.8.1]",International Organisation: World Trade Organisation,0.6098
2019,WTO Annual Report 2020,"Proportion of voting rights of developing countries in international organizations, by organization [10.6.1, 16.8.1]",International Organisation: World Trade Organisation,0.6098
2020,WTO Annual Report 2020,"Proportion of voting rights of developing countries in international organizations, by organization [10.6.1, 16.8.1]",International Organisation: World Trade Organisation,0.60976
