Year,Series,Institution,Observation status,Unit multiplier,Units,Observation status1,Unit multiplier1,Reporting type,SERIES,COMPOSITE_BREAKDOWN,UNIT_MEASURE,Value
2000,"Proportion of members of developing countries in international organisations, by organisation",African Development Bank,Normal value,Units,Percentage (%),,,,,,,1.2987
2005,"Proportion of members of developing countries in international organisations, by organisation",African Development Bank,Normal value,Units,Percentage (%),,,,,,,1.2987
2010,"Proportion of members of developing countries in international organisations, by organisation",African Development Bank,Normal value,Units,Percentage (%),,,,,,,1.2987
2014,"Proportion of members of developing countries in international organisations, by organisation",African Development Bank,Normal value,Units,Percentage (%),,,,,,,1.26582
2015,"Proportion of members of developing countries in international organisations, by organisation",African Development Bank,Normal value,Units,Percentage (%),,,,,,,1.25
2016,"Proportion of members of developing countries in international organisations, by organisation",African Development Bank,Normal value,Units,Percentage (%),,,,,,,1.25
2017,"Proportion of members of developing countries in international organisations, by organisation",African Development Bank,Normal value,Units,Percentage (%),,,,,,,1.25
2018,"Proportion of members of developing countries in international organisations, by organisation",African Development Bank,Normal value,Units,Percentage (%),,,,,,,1.25
2019,"Proportion of members of developing countries in international organisations, by organisation",African Development Bank,Normal value,Units,Percentage (%),,,,,,,1.25
2000,"Proportion of voting rights of developing countries in international organisations, by organisation",African Development Bank,Normal value,Units,Percentage (%),,,,,,,1.75
2005,"Proportion of voting rights of developing countries in international organisations, by organisation",African Development Bank,Normal value,Units,Percentage (%),,,,,,,1.677
2010,"Proportion of voting rights of developing countries in international organisations, by organisation",African Development Bank,Normal value,Units,Percentage (%),,,,,,,1.649
2014,"Proportion of voting rights of developing countries in international organisations, by organisation",African Development Bank,Normal value,Units,Percentage (%),,,,,,,1.689
2015,"Proportion of voting rights of developing countries in international organisations, by organisation",African Development Bank,Normal value,Units,Percentage (%),,,,,,,1.75
2016,"Proportion of voting rights of developing countries in international organisations, by organisation",African Development Bank,Normal value,Units,Percentage (%),,,,,,,1.7519
2017,"Proportion of voting rights of developing countries in international organisations, by organisation",African Development Bank,Normal value,Units,Percentage (%),,,,,,,1.7519
2018,"Proportion of voting rights of developing countries in international organisations, by organisation",African Development Bank,Normal value,Units,Percentage (%),,,,,,,1.8106
2019,"Proportion of voting rights of developing countries in international organisations, by organisation",African Development Bank,Normal value,Units,Percentage (%),,,,,,,1.80802
2000,"Proportion of members of developing countries in international organisations, by organisation",Asian Development Bank,Normal value,Units,Percentage (%),,,,,,,1.6949
2005,"Proportion of members of developing countries in international organisations, by organisation",Asian Development Bank,Normal value,Units,Percentage (%),,,,,,,1.5625
2010,"Proportion of members of developing countries in international organisations, by organisation",Asian Development Bank,Normal value,Units,Percentage (%),,,,,,,1.4925
2015,"Proportion of members of developing countries in international organisations, by organisation",Asian Development Bank,Normal value,Units,Percentage (%),,,,,,,1.4925
2016,"Proportion of members of developing countries in international organisations, by organisation",Asian Development Bank,Normal value,Units,Percentage (%),,,,,,,1.4925
2017,"Proportion of members of developing countries in international organisations, by organisation",Asian Development Bank,Normal value,Units,Percentage (%),,,,,,,1.4925
2018,"Proportion of members of developing countries in international organisations, by organisation",Asian Development Bank,Normal value,Units,Percentage (%),,,,,,,1.4925
2019,"Proportion of members of developing countries in international organisations, by organisation",Asian Development Bank,Normal value,Units,Percentage (%),,,,,,,1.4925
2000,"Proportion of voting rights of developing countries in international organisations, by organisation",Asian Development Bank,Normal value,Units,Percentage (%),,,,,,,2.003
2005,"Proportion of voting rights of developing countries in international organisations, by organisation",Asian Development Bank,Normal value,Units,Percentage (%),,,,,,,1.96
2010,"Proportion of voting rights of developing countries in international organisations, by organisation",Asian Development Bank,Normal value,Units,Percentage (%),,,,,,,2.154
2015,"Proportion of voting rights of developing countries in international organisations, by organisation",Asian Development Bank,Normal value,Units,Percentage (%),,,,,,,1.934
2016,"Proportion of voting rights of developing countries in international organisations, by organisation",Asian Development Bank,Normal value,Units,Percentage (%),,,,,,,1.932
2017,"Proportion of voting rights of developing countries in international organisations, by organisation",Asian Development Bank,Normal value,Units,Percentage (%),,,,,,,1.932
2018,"Proportion of voting rights of developing countries in international organisations, by organisation",Asian Development Bank,Normal value,Units,Percentage (%),,,,,,,1.9286
2019,"Proportion of voting rights of developing countries in international organisations, by organisation",Asian Development Bank,Normal value,Units,Percentage (%),,,,,,,1.92992
2010,"Proportion of members of developing countries in international organisations, by organisation",Financial Stability Board,Normal value,Units,Percentage (%),,,,,,,4.16667
2015,"Proportion of members of developing countries in international organisations, by organisation",Financial Stability Board,Normal value,Units,Percentage (%),,,,,,,4.16667
2016,"Proportion of members of developing countries in international organisations, by organisation",Financial Stability Board,Normal value,Units,Percentage (%),,,,,,,4.16667
2017,"Proportion of members of developing countries in international organisations, by organisation",Financial Stability Board,Normal value,Units,Percentage (%),,,,,,,4.16667
2018,"Proportion of members of developing countries in international organisations, by organisation",Financial Stability Board,Normal value,Units,Percentage (%),,,,,,,4.16667
2019,"Proportion of members of developing countries in international organisations, by organisation",Financial Stability Board,Normal value,Units,Percentage (%),,,,,,,4.16667
2020,"Proportion of members of developing countries in international organisations, by organisation",Financial Stability Board,Normal value,Units,Percentage (%),,,,,,,4.16667
2010,"Proportion of voting rights of developing countries in international organisations, by organisation",Financial Stability Board,Normal value,Units,Percentage (%),,,,,,,5.7692
2015,"Proportion of voting rights of developing countries in international organisations, by organisation",Financial Stability Board,Normal value,Units,Percentage (%),,,,,,,5.2632
2016,"Proportion of voting rights of developing countries in international organisations, by organisation",Financial Stability Board,Normal value,Units,Percentage (%),,,,,,,5.2632
2017,"Proportion of voting rights of developing countries in international organisations, by organisation",Financial Stability Board,Normal value,Units,Percentage (%),,,,,,,5.2632
2018,"Proportion of voting rights of developing countries in international organisations, by organisation",Financial Stability Board,Normal value,Units,Percentage (%),,,,,,,5.2632
2019,"Proportion of voting rights of developing countries in international organisations, by organisation",Financial Stability Board,Normal value,Units,Percentage (%),,,,,,,5.2632
2020,"Proportion of voting rights of developing countries in international organisations, by organisation",Financial Stability Board,Normal value,Units,Percentage (%),,,,,,,5.26316
2000,"Proportion of members of developing countries in international organisations, by organisation",Inter-American Development Bank,Normal value,Units,Percentage (%),,,,,,,2.17391
2005,"Proportion of members of developing countries in international organisations, by organisation",Inter-American Development Bank,Normal value,Units,Percentage (%),,,,,,,2.12766
2010,"Proportion of members of developing countries in international organisations, by organisation",Inter-American Development Bank,Normal value,Units,Percentage (%),,,,,,,2.08333
2015,"Proportion of members of developing countries in international organisations, by organisation",Inter-American Development Bank,Normal value,Units,Percentage (%),,,,,,,2.08333
2016,"Proportion of members of developing countries in international organisations, by organisation",Inter-American Development Bank,Normal value,Units,Percentage (%),,,,,,,2.08333
2017,"Proportion of members of developing countries in international organisations, by organisation",Inter-American Development Bank,Normal value,Units,Percentage (%),,,,,,,2.08333
2018,"Proportion of members of developing countries in international organisations, by organisation",Inter-American Development Bank,Normal value,Units,Percentage (%),,,,,,,2.08333
2019,"Proportion of members of developing countries in international organisations, by organisation",Inter-American Development Bank,Normal value,Units,Percentage (%),,,,,,,2.08333
2000,"Proportion of voting rights of developing countries in international organisations, by organisation",Inter-American Development Bank,Normal value,Units,Percentage (%),,,,,,,0.964
2005,"Proportion of voting rights of developing countries in international organisations, by organisation",Inter-American Development Bank,Normal value,Units,Percentage (%),,,,,,,0.964
2010,"Proportion of voting rights of developing countries in international organisations, by organisation",Inter-American Development Bank,Normal value,Units,Percentage (%),,,,,,,0.964
2015,"Proportion of voting rights of developing countries in international organisations, by organisation",Inter-American Development Bank,Normal value,Units,Percentage (%),,,,,,,0.964
2016,"Proportion of voting rights of developing countries in international organisations, by organisation",Inter-American Development Bank,Normal value,Units,Percentage (%),,,,,,,0.964
2017,"Proportion of voting rights of developing countries in international organisations, by organisation",Inter-American Development Bank,Normal value,Units,Percentage (%),,,,,,,0.964
2018,"Proportion of voting rights of developing countries in international organisations, by organisation",Inter-American Development Bank,Normal value,Units,Percentage (%),,,,,,,0.964
2019,"Proportion of voting rights of developing countries in international organisations, by organisation",Inter-American Development Bank,Normal value,Units,Percentage (%),,,,,,,0.964
2000,"Proportion of members of developing countries in international organisations, by organisation",International Bank for Reconstruction and Development,Normal value,Units,Percentage (%),,,,,,,0.54945
2005,"Proportion of members of developing countries in international organisations, by organisation",International Bank for Reconstruction and Development,Normal value,Units,Percentage (%),,,,,,,0.54348
2010,"Proportion of members of developing countries in international organisations, by organisation",International Bank for Reconstruction and Development,Normal value,Units,Percentage (%),,,,,,,0.53476
2015,"Proportion of members of developing countries in international organisations, by organisation",International Bank for Reconstruction and Development,Normal value,Units,Percentage (%),,,,,,,0.53191
2016,"Proportion of members of developing countries in international organisations, by organisation",International Bank for Reconstruction and Development,Normal value,Units,Percentage (%),,,,,,,0.53191
2017,"Proportion of members of developing countries in international organisations, by organisation",International Bank for Reconstruction and Development,Normal value,Units,Percentage (%),,,,,,,0.5291
2018,"Proportion of members of developing countries in international organisations, by organisation",International Bank for Reconstruction and Development,Normal value,Units,Percentage (%),,,,,,,0.5291
2019,"Proportion of members of developing countries in international organisations, by organisation",International Bank for Reconstruction and Development,Normal value,Units,Percentage (%),,,,,,,0.5291
2020,"Proportion of members of developing countries in international organisations, by organisation",International Bank for Reconstruction and Development,Normal value,Units,Percentage (%),,,,,,,0.5291
2000,"Proportion of voting rights of developing countries in international organisations, by organisation",International Bank for Reconstruction and Development,Normal value,Units,Percentage (%),,,,,,,4.3271
2005,"Proportion of voting rights of developing countries in international organisations, by organisation",International Bank for Reconstruction and Development,Normal value,Units,Percentage (%),,,,,,,4.3028
2010,"Proportion of voting rights of developing countries in international organisations, by organisation",International Bank for Reconstruction and Development,Normal value,Units,Percentage (%),,,,,,,4.2958
2015,"Proportion of voting rights of developing countries in international organisations, by organisation",International Bank for Reconstruction and Development,Normal value,Units,Percentage (%),,,,,,,3.932
2016,"Proportion of voting rights of developing countries in international organisations, by organisation",International Bank for Reconstruction and Development,Normal value,Units,Percentage (%),,,,,,,3.94
2017,"Proportion of voting rights of developing countries in international organisations, by organisation",International Bank for Reconstruction and Development,Normal value,Units,Percentage (%),,,,,,,3.8595
2018,"Proportion of voting rights of developing countries in international organisations, by organisation",International Bank for Reconstruction and Development,Normal value,Units,Percentage (%),,,,,,,3.7787
2019,"Proportion of voting rights of developing countries in international organisations, by organisation",International Bank for Reconstruction and Development,Normal value,Units,Percentage (%),,,,,,,3.7087
2020,"Proportion of voting rights of developing countries in international organisations, by organisation",International Bank for Reconstruction and Development,Normal value,Units,Percentage (%),,,,,,,3.89409
2000,"Proportion of members of developing countries in international organisations, by organisation",International Finance Corporation,Normal value,Units,Percentage (%),,,,,,,0.57471
2005,"Proportion of members of developing countries in international organisations, by organisation",International Finance Corporation,Normal value,Units,Percentage (%),,,,,,,0.5618
2010,"Proportion of members of developing countries in international organisations, by organisation",International Finance Corporation,Normal value,Units,Percentage (%),,,,,,,0.54945
2015,"Proportion of members of developing countries in international organisations, by organisation",International Finance Corporation,Normal value,Units,Percentage (%),,,,,,,0.54348
2016,"Proportion of members of developing countries in international organisations, by organisation",International Finance Corporation,Normal value,Units,Percentage (%),,,,,,,0.54348
2017,"Proportion of members of developing countries in international organisations, by organisation",International Finance Corporation,Normal value,Units,Percentage (%),,,,,,,0.54348
2018,"Proportion of members of developing countries in international organisations, by organisation",International Finance Corporation,Normal value,Units,Percentage (%),,,,,,,0.54348
2019,"Proportion of members of developing countries in international organisations, by organisation",International Finance Corporation,Normal value,Units,Percentage (%),,,,,,,0.5435
2020,"Proportion of members of developing countries in international organisations, by organisation",International Finance Corporation,Normal value,Units,Percentage (%),,,,,,,0.54348
2000,"Proportion of voting rights of developing countries in international organisations, by organisation",International Finance Corporation,Normal value,Units,Percentage (%),,,,,,,5.0505
2005,"Proportion of voting rights of developing countries in international organisations, by organisation",International Finance Corporation,Normal value,Units,Percentage (%),,,,,,,5.0351
2010,"Proportion of voting rights of developing countries in international organisations, by organisation",International Finance Corporation,Normal value,Units,Percentage (%),,,,,,,5.0215
2015,"Proportion of voting rights of developing countries in international organisations, by organisation",International Finance Corporation,Normal value,Units,Percentage (%),,,,,,,4.4889
2016,"Proportion of voting rights of developing countries in international organisations, by organisation",International Finance Corporation,Normal value,Units,Percentage (%),,,,,,,4.4889
2017,"Proportion of voting rights of developing countries in international organisations, by organisation",International Finance Corporation,Normal value,Units,Percentage (%),,,,,,,4.4889
2018,"Proportion of voting rights of developing countries in international organisations, by organisation",International Finance Corporation,Normal value,Units,Percentage (%),,,,,,,4.484
2019,"Proportion of voting rights of developing countries in international organisations, by organisation",International Finance Corporation,Normal value,Units,Percentage (%),,,,,,,4.4542
2020,"Proportion of voting rights of developing countries in international organisations, by organisation",International Finance Corporation,Normal value,Units,Percentage (%),,,,,,,4.4849116
2000,"Proportion of members of developing countries in international organisations, by organisation",International Monetary Fund,Normal value,Units,Percentage (%),,,,,,,0.5618
2005,"Proportion of members of developing countries in international organisations, by organisation",International Monetary Fund,Normal value,Units,Percentage (%),,,,,,,0.55249
2010,"Proportion of members of developing countries in international organisations, by organisation",International Monetary Fund,Normal value,Units,Percentage (%),,,,,,,0.54945
2015,"Proportion of members of developing countries in international organisations, by organisation",International Monetary Fund,Normal value,Units,Percentage (%),,,,,,,0.53191
2016,"Proportion of members of developing countries in international organisations, by organisation",International Monetary Fund,Normal value,Units,Percentage (%),,,,,,,0.53191
2017,"Proportion of members of developing countries in international organisations, by organisation",International Monetary Fund,Normal value,Units,Percentage (%),,,,,,,0.5291
2018,"Proportion of members of developing countries in international organisations, by organisation",International Monetary Fund,Normal value,Units,Percentage (%),,,,,,,0.5291
2019,"Proportion of members of developing countries in international organisations, by organisation",International Monetary Fund,Normal value,Units,Percentage (%),,,,,,,0.5291
2020,"Proportion of members of developing countries in international organisations, by organisation",International Monetary Fund,Normal value,Units,Percentage (%),,,,,,,0.5291
2000,"Proportion of voting rights of developing countries in international organisations, by organisation",International Monetary Fund,Normal value,Units,Percentage (%),,,,,,,5.0279
2005,"Proportion of voting rights of developing countries in international organisations, by organisation",International Monetary Fund,Normal value,Units,Percentage (%),,,,,,,4.948
2010,"Proportion of voting rights of developing countries in international organisations, by organisation",International Monetary Fund,Normal value,Units,Percentage (%),,,,,,,4.8602
2015,"Proportion of voting rights of developing countries in international organisations, by organisation",International Monetary Fund,Normal value,Units,Percentage (%),,,,,,,4.2896
2016,"Proportion of voting rights of developing countries in international organisations, by organisation",International Monetary Fund,Normal value,Units,Percentage (%),,,,,,,4.069
2017,"Proportion of voting rights of developing countries in international organisations, by organisation",International Monetary Fund,Normal value,Units,Percentage (%),,,,,,,4.0357
2018,"Proportion of voting rights of developing countries in international organisations, by organisation",International Monetary Fund,Normal value,Units,Percentage (%),,,,,,,4.0348
2019,"Proportion of voting rights of developing countries in international organisations, by organisation",International Monetary Fund,Normal value,Units,Percentage (%),,,,,,,4.03481
2020,"Proportion of voting rights of developing countries in international organisations, by organisation",International Monetary Fund,Normal value,Units,Percentage (%),,,,,,,4.03267
2000,"Proportion of members of developing countries in international organisations, by organisation",UN Economic and Social Council,Normal value,Units,Percentage (%),,,,,,,1.85185
2005,"Proportion of members of developing countries in international organisations, by organisation",UN Economic and Social Council,Normal value,Units,Percentage (%),,,,,,,1.85185
2010,"Proportion of members of developing countries in international organisations, by organisation",UN Economic and Social Council,Normal value,Units,Percentage (%),,,,,,,1.85185
2015,"Proportion of members of developing countries in international organisations, by organisation",UN Economic and Social Council,Normal value,Units,Percentage (%),,,,,,,1.85185
2016,"Proportion of members of developing countries in international organisations, by organisation",UN Economic and Social Council,Normal value,Units,Percentage (%),,,,,,,1.85185
2017,"Proportion of members of developing countries in international organisations, by organisation",UN Economic and Social Council,Normal value,Units,Percentage (%),,,,,,,1.85185
2018,"Proportion of members of developing countries in international organisations, by organisation",UN Economic and Social Council,Normal value,Units,Percentage (%),,,,,,,1.85185
2019,"Proportion of members of developing countries in international organisations, by organisation",UN Economic and Social Council,Normal value,Units,Percentage (%),,,,,,,1.85185
2000,"Proportion of voting rights of developing countries in international organisations, by organisation",UN Economic and Social Council,Normal value,Units,Percentage (%),,,,,,,1.8519
2005,"Proportion of voting rights of developing countries in international organisations, by organisation",UN Economic and Social Council,Normal value,Units,Percentage (%),,,,,,,1.8519
2010,"Proportion of voting rights of developing countries in international organisations, by organisation",UN Economic and Social Council,Normal value,Units,Percentage (%),,,,,,,1.8519
2015,"Proportion of voting rights of developing countries in international organisations, by organisation",UN Economic and Social Council,Normal value,Units,Percentage (%),,,,,,,1.8519
2016,"Proportion of voting rights of developing countries in international organisations, by organisation",UN Economic and Social Council,Normal value,Units,Percentage (%),,,,,,,1.8519
2017,"Proportion of voting rights of developing countries in international organisations, by organisation",UN Economic and Social Council,Normal value,Units,Percentage (%),,,,,,,1.8519
2018,"Proportion of voting rights of developing countries in international organisations, by organisation",UN Economic and Social Council,Normal value,Units,Percentage (%),,,,,,,1.8519
2019,"Proportion of voting rights of developing countries in international organisations, by organisation",UN Economic and Social Council,Normal value,Units,Percentage (%),,,,,,,1.8519
2000,"Proportion of members of developing countries in international organisations, by organisation",UN General Assembly,Normal value,Units,Percentage (%),,,,,,,0.5291
2005,"Proportion of members of developing countries in international organisations, by organisation",UN General Assembly,Normal value,Units,Percentage (%),,,,,,,0.52356
2010,"Proportion of members of developing countries in international organisations, by organisation",UN General Assembly,Normal value,Units,Percentage (%),,,,,,,0.52083
2015,"Proportion of members of developing countries in international organisations, by organisation",UN General Assembly,Normal value,Units,Percentage (%),,,,,,,0.51813
2016,"Proportion of members of developing countries in international organisations, by organisation",UN General Assembly,Normal value,Units,Percentage (%),,,,,,,0.51813
2017,"Proportion of members of developing countries in international organisations, by organisation",UN General Assembly,Normal value,Units,Percentage (%),,,,,,,0.51813
2018,"Proportion of members of developing countries in international organisations, by organisation",UN General Assembly,Normal value,Units,Percentage (%),,,,,,,0.51813
2019,"Proportion of members of developing countries in international organisations, by organisation",UN General Assembly,Normal value,Units,Percentage (%),,,,,,,0.51813
2020,"Proportion of members of developing countries in international organisations, by organisation",UN General Assembly,Normal value,Units,Percentage (%),,,,,,,0.51813
2000,"Proportion of voting rights of developing countries in international organisations, by organisation",UN General Assembly,Normal value,Units,Percentage (%),,,,,,,0.5291
2005,"Proportion of voting rights of developing countries in international organisations, by organisation",UN General Assembly,Normal value,Units,Percentage (%),,,,,,,0.5236
2010,"Proportion of voting rights of developing countries in international organisations, by organisation",UN General Assembly,Normal value,Units,Percentage (%),,,,,,,0.5208
2015,"Proportion of voting rights of developing countries in international organisations, by organisation",UN General Assembly,Normal value,Units,Percentage (%),,,,,,,0.5181
2016,"Proportion of voting rights of developing countries in international organisations, by organisation",UN General Assembly,Normal value,Units,Percentage (%),,,,,,,0.5181
2017,"Proportion of voting rights of developing countries in international organisations, by organisation",UN General Assembly,Normal value,Units,Percentage (%),,,,,,,0.5181
2018,"Proportion of voting rights of developing countries in international organisations, by organisation",UN General Assembly,Normal value,Units,Percentage (%),,,,,,,0.5181
2019,"Proportion of voting rights of developing countries in international organisations, by organisation",UN General Assembly,Normal value,Units,Percentage (%),,,,,,,0.5181
2020,"Proportion of voting rights of developing countries in international organisations, by organisation",UN General Assembly,Normal value,Units,Percentage (%),,,,,,,0.5181
2000,"Proportion of members of developing countries in international organisations, by organisation",UN Security Council,Normal value,Units,Percentage (%),,,,,,,6.66667
2005,"Proportion of members of developing countries in international organisations, by organisation",UN Security Council,Normal value,Units,Percentage (%),,,,,,,6.66667
2010,"Proportion of members of developing countries in international organisations, by organisation",UN Security Council,Normal value,Units,Percentage (%),,,,,,,6.66667
2015,"Proportion of members of developing countries in international organisations, by organisation",UN Security Council,Normal value,Units,Percentage (%),,,,,,,6.66667
2016,"Proportion of members of developing countries in international organisations, by organisation",UN Security Council,Normal value,Units,Percentage (%),,,,,,,6.66667
2017,"Proportion of members of developing countries in international organisations, by organisation",UN Security Council,Normal value,Units,Percentage (%),,,,,,,6.66667
2018,"Proportion of members of developing countries in international organisations, by organisation",UN Security Council,Normal value,Units,Percentage (%),,,,,,,6.66667
2019,"Proportion of members of developing countries in international organisations, by organisation",UN Security Council,Normal value,Units,Percentage (%),,,,,,,6.66667
2020,"Proportion of members of developing countries in international organisations, by organisation",UN Security Council,Normal value,Units,Percentage (%),,,,,,,6.66667
2000,"Proportion of voting rights of developing countries in international organisations, by organisation",UN Security Council,Normal value,Units,Percentage (%),,,,,,,6.6667
2005,"Proportion of voting rights of developing countries in international organisations, by organisation",UN Security Council,Normal value,Units,Percentage (%),,,,,,,6.6667
2010,"Proportion of voting rights of developing countries in international organisations, by organisation",UN Security Council,Normal value,Units,Percentage (%),,,,,,,6.6667
2015,"Proportion of voting rights of developing countries in international organisations, by organisation",UN Security Council,Normal value,Units,Percentage (%),,,,,,,6.6667
2016,"Proportion of voting rights of developing countries in international organisations, by organisation",UN Security Council,Normal value,Units,Percentage (%),,,,,,,6.6667
2017,"Proportion of voting rights of developing countries in international organisations, by organisation",UN Security Council,Normal value,Units,Percentage (%),,,,,,,6.6667
2018,"Proportion of voting rights of developing countries in international organisations, by organisation",UN Security Council,Normal value,Units,Percentage (%),,,,,,,6.6667
2019,"Proportion of voting rights of developing countries in international organisations, by organisation",UN Security Council,Normal value,Units,Percentage (%),,,,,,,6.6667
2020,"Proportion of voting rights of developing countries in international organisations, by organisation",UN Security Council,Normal value,Units,Percentage (%),,,,,,,6.66667
2000,"Proportion of members of developing countries in international organisations, by organisation",World Trade Organisation,Normal value,Units,Percentage (%),,,,,,,0.71429
2005,"Proportion of members of developing countries in international organisations, by organisation",World Trade Organisation,Normal value,Units,Percentage (%),,,,,,,0.67114
2010,"Proportion of members of developing countries in international organisations, by organisation",World Trade Organisation,Normal value,Units,Percentage (%),,,,,,,0.65359
2015,"Proportion of members of developing countries in international organisations, by organisation",World Trade Organisation,Normal value,Units,Percentage (%),,,,,,,0.625
2016,"Proportion of members of developing countries in international organisations, by organisation",World Trade Organisation,Normal value,Units,Percentage (%),,,,,,,0.61728
2017,"Proportion of members of developing countries in international organisations, by organisation",World Trade Organisation,Normal value,Units,Percentage (%),,,,,,,0.60976
2018,"Proportion of members of developing countries in international organisations, by organisation",World Trade Organisation,Normal value,Units,Percentage (%),,,,,,,0.60976
2019,"Proportion of members of developing countries in international organisations, by organisation",World Trade Organisation,Normal value,Units,Percentage (%),,,,,,,0.60976
2020,"Proportion of members of developing countries in international organisations, by organisation",World Trade Organisation,Normal value,Units,Percentage (%),,,,,,,0.60976
2000,"Proportion of voting rights of developing countries in international organisations, by organisation",World Trade Organisation,Normal value,Units,Percentage (%),,,,,,,0.7143
2005,"Proportion of voting rights of developing countries in international organisations, by organisation",World Trade Organisation,Normal value,Units,Percentage (%),,,,,,,0.6711
2010,"Proportion of voting rights of developing countries in international organisations, by organisation",World Trade Organisation,Normal value,Units,Percentage (%),,,,,,,0.6536
2015,"Proportion of voting rights of developing countries in international organisations, by organisation",World Trade Organisation,Normal value,Units,Percentage (%),,,,,,,0.625
2016,"Proportion of voting rights of developing countries in international organisations, by organisation",World Trade Organisation,Normal value,Units,Percentage (%),,,,,,,0.6173
2017,"Proportion of voting rights of developing countries in international organisations, by organisation",World Trade Organisation,Normal value,Units,Percentage (%),,,,,,,0.6098
2018,"Proportion of voting rights of developing countries in international organisations, by organisation",World Trade Organisation,Normal value,Units,Percentage (%),,,,,,,0.6098
2019,"Proportion of voting rights of developing countries in international organisations, by organisation",World Trade Organisation,Normal value,Units,Percentage (%),,,,,,,0.6098
2020,"Proportion of voting rights of developing countries in international organisations, by organisation",World Trade Organisation,Normal value,Units,Percentage (%),,,,,,,0.60976
2000,,,,,,Normal value,Units,Global,"Proportion of members of developing countries in international organizations, by organization [10.6.1, 16.8.1]",International Organisation: Asian Development Bank,Percent,1.6949
2005,,,,,,Normal value,Units,Global,"Proportion of members of developing countries in international organizations, by organization [10.6.1, 16.8.1]",International Organisation: Asian Development Bank,Percent,1.5625
2010,,,,,,Normal value,Units,Global,"Proportion of members of developing countries in international organizations, by organization [10.6.1, 16.8.1]",International Organisation: Asian Development Bank,Percent,1.4925
2015,,,,,,Normal value,Units,Global,"Proportion of members of developing countries in international organizations, by organization [10.6.1, 16.8.1]",International Organisation: Asian Development Bank,Percent,1.4925
2016,,,,,,Normal value,Units,Global,"Proportion of members of developing countries in international organizations, by organization [10.6.1, 16.8.1]",International Organisation: Asian Development Bank,Percent,1.4925
2017,,,,,,Normal value,Units,Global,"Proportion of members of developing countries in international organizations, by organization [10.6.1, 16.8.1]",International Organisation: Asian Development Bank,Percent,1.4925
2018,,,,,,Normal value,Units,Global,"Proportion of members of developing countries in international organizations, by organization [10.6.1, 16.8.1]",International Organisation: Asian Development Bank,Percent,1.4925
2019,,,,,,Normal value,Units,Global,"Proportion of members of developing countries in international organizations, by organization [10.6.1, 16.8.1]",International Organisation: Asian Development Bank,Percent,1.47059
2020,,,,,,Normal value,Units,Global,"Proportion of members of developing countries in international organizations, by organization [10.6.1, 16.8.1]",International Organisation: Asian Development Bank,Percent,1.47058823529412
2000,,,,,,Normal value,Units,Global,"Proportion of members of developing countries in international organizations, by organization [10.6.1, 16.8.1]",International Organisation: African Development Bank,Percent,1.2987
2005,,,,,,Normal value,Units,Global,"Proportion of members of developing countries in international organizations, by organization [10.6.1, 16.8.1]",International Organisation: African Development Bank,Percent,1.2987
2010,,,,,,Normal value,Units,Global,"Proportion of members of developing countries in international organizations, by organization [10.6.1, 16.8.1]",International Organisation: African Development Bank,Percent,1.2987
2014,,,,,,Normal value,Units,Global,"Proportion of members of developing countries in international organizations, by organization [10.6.1, 16.8.1]",International Organisation: African Development Bank,Percent,1.26582
2015,,,,,,Normal value,Units,Global,"Proportion of members of developing countries in international organizations, by organization [10.6.1, 16.8.1]",International Organisation: African Development Bank,Percent,1.25
2016,,,,,,Normal value,Units,Global,"Proportion of members of developing countries in international organizations, by organization [10.6.1, 16.8.1]",International Organisation: African Development Bank,Percent,1.25
2017,,,,,,Normal value,Units,Global,"Proportion of members of developing countries in international organizations, by organization [10.6.1, 16.8.1]",International Organisation: African Development Bank,Percent,1.25
2018,,,,,,Normal value,Units,Global,"Proportion of members of developing countries in international organizations, by organization [10.6.1, 16.8.1]",International Organisation: African Development Bank,Percent,1.25
2019,,,,,,Normal value,Units,Global,"Proportion of members of developing countries in international organizations, by organization [10.6.1, 16.8.1]",International Organisation: African Development Bank,Percent,1.25
2000,,,,,,Normal value,Units,Global,"Proportion of members of developing countries in international organizations, by organization [10.6.1, 16.8.1]",International Organisation: UN Economic and Social Council,Percent,1.85185
2005,,,,,,Normal value,Units,Global,"Proportion of members of developing countries in international organizations, by organization [10.6.1, 16.8.1]",International Organisation: UN Economic and Social Council,Percent,1.85185
2010,,,,,,Normal value,Units,Global,"Proportion of members of developing countries in international organizations, by organization [10.6.1, 16.8.1]",International Organisation: UN Economic and Social Council,Percent,1.85185
2015,,,,,,Normal value,Units,Global,"Proportion of members of developing countries in international organizations, by organization [10.6.1, 16.8.1]",International Organisation: UN Economic and Social Council,Percent,1.85185
2016,,,,,,Normal value,Units,Global,"Proportion of members of developing countries in international organizations, by organization [10.6.1, 16.8.1]",International Organisation: UN Economic and Social Council,Percent,1.85185
2017,,,,,,Normal value,Units,Global,"Proportion of members of developing countries in international organizations, by organization [10.6.1, 16.8.1]",International Organisation: UN Economic and Social Council,Percent,1.85185185185185
2018,,,,,,Normal value,Units,Global,"Proportion of members of developing countries in international organizations, by organization [10.6.1, 16.8.1]",International Organisation: UN Economic and Social Council,Percent,1.8519
2019,,,,,,Normal value,Units,Global,"Proportion of members of developing countries in international organizations, by organization [10.6.1, 16.8.1]",International Organisation: UN Economic and Social Council,Percent,1.85185
2021,,,,,,Normal value,Units,Global,"Proportion of members of developing countries in international organizations, by organization [10.6.1, 16.8.1]",International Organisation: UN Economic and Social Council,Percent,1.85185185185185
2010,,,,,,Normal value,Units,Global,"Proportion of members of developing countries in international organizations, by organization [10.6.1, 16.8.1]",International Organisation: Financial Stability Board,Percent,4.16667
2015,,,,,,Normal value,Units,Global,"Proportion of members of developing countries in international organizations, by organization [10.6.1, 16.8.1]",International Organisation: Financial Stability Board,Percent,4.16667
2016,,,,,,Normal value,Units,Global,"Proportion of members of developing countries in international organizations, by organization [10.6.1, 16.8.1]",International Organisation: Financial Stability Board,Percent,4.16667
2017,,,,,,Normal value,Units,Global,"Proportion of members of developing countries in international organizations, by organization [10.6.1, 16.8.1]",International Organisation: Financial Stability Board,Percent,4.16667
2018,,,,,,Normal value,Units,Global,"Proportion of members of developing countries in international organizations, by organization [10.6.1, 16.8.1]",International Organisation: Financial Stability Board,Percent,4.16667
2019,,,,,,Normal value,Units,Global,"Proportion of members of developing countries in international organizations, by organization [10.6.1, 16.8.1]",International Organisation: Financial Stability Board,Percent,4.16667
2020,,,,,,Normal value,Units,Global,"Proportion of members of developing countries in international organizations, by organization [10.6.1, 16.8.1]",International Organisation: Financial Stability Board,Percent,4.16667
2021,,,,,,Normal value,Units,Global,"Proportion of members of developing countries in international organizations, by organization [10.6.1, 16.8.1]",International Organisation: Financial Stability Board,Percent,4.16666666666667
2000,,,,,,Normal value,Units,Global,"Proportion of members of developing countries in international organizations, by organization [10.6.1, 16.8.1]",International Organisation: Inter-American Development Bank,Percent,2.17391
2005,,,,,,Normal value,Units,Global,"Proportion of members of developing countries in international organizations, by organization [10.6.1, 16.8.1]",International Organisation: Inter-American Development Bank,Percent,2.12766
2010,,,,,,Normal value,Units,Global,"Proportion of members of developing countries in international organizations, by organization [10.6.1, 16.8.1]",International Organisation: Inter-American Development Bank,Percent,2.08333
2015,,,,,,Normal value,Units,Global,"Proportion of members of developing countries in international organizations, by organization [10.6.1, 16.8.1]",International Organisation: Inter-American Development Bank,Percent,2.08333
2016,,,,,,Normal value,Units,Global,"Proportion of members of developing countries in international organizations, by organization [10.6.1, 16.8.1]",International Organisation: Inter-American Development Bank,Percent,2.08333
2017,,,,,,Normal value,Units,Global,"Proportion of members of developing countries in international organizations, by organization [10.6.1, 16.8.1]",International Organisation: Inter-American Development Bank,Percent,2.08333
2018,,,,,,Normal value,Units,Global,"Proportion of members of developing countries in international organizations, by organization [10.6.1, 16.8.1]",International Organisation: Inter-American Development Bank,Percent,2.08333
2019,,,,,,Normal value,Units,Global,"Proportion of members of developing countries in international organizations, by organization [10.6.1, 16.8.1]",International Organisation: Inter-American Development Bank,Percent,2.08333
2000,,,,,,Normal value,Units,Global,"Proportion of members of developing countries in international organizations, by organization [10.6.1, 16.8.1]",International Organisation: International Bank for Reconstruction and Development,Percent,0.54945
2005,,,,,,Normal value,Units,Global,"Proportion of members of developing countries in international organizations, by organization [10.6.1, 16.8.1]",International Organisation: International Bank for Reconstruction and Development,Percent,0.54348
2010,,,,,,Normal value,Units,Global,"Proportion of members of developing countries in international organizations, by organization [10.6.1, 16.8.1]",International Organisation: International Bank for Reconstruction and Development,Percent,0.53476
2015,,,,,,Normal value,Units,Global,"Proportion of members of developing countries in international organizations, by organization [10.6.1, 16.8.1]",International Organisation: International Bank for Reconstruction and Development,Percent,0.53191
2016,,,,,,Normal value,Units,Global,"Proportion of members of developing countries in international organizations, by organization [10.6.1, 16.8.1]",International Organisation: International Bank for Reconstruction and Development,Percent,0.53191
2017,,,,,,Normal value,Units,Global,"Proportion of members of developing countries in international organizations, by organization [10.6.1, 16.8.1]",International Organisation: International Bank for Reconstruction and Development,Percent,0.5291
2018,,,,,,Normal value,Units,Global,"Proportion of members of developing countries in international organizations, by organization [10.6.1, 16.8.1]",International Organisation: International Bank for Reconstruction and Development,Percent,0.5291
2019,,,,,,Normal value,Units,Global,"Proportion of members of developing countries in international organizations, by organization [10.6.1, 16.8.1]",International Organisation: International Bank for Reconstruction and Development,Percent,0.5291
2020,,,,,,Normal value,Units,Global,"Proportion of members of developing countries in international organizations, by organization [10.6.1, 16.8.1]",International Organisation: International Bank for Reconstruction and Development,Percent,0.5291
2021,,,,,,Normal value,Units,Global,"Proportion of members of developing countries in international organizations, by organization [10.6.1, 16.8.1]",International Organisation: International Bank for Reconstruction and Development,Percent,0.5291
2000,,,,,,Normal value,Units,Global,"Proportion of members of developing countries in international organizations, by organization [10.6.1, 16.8.1]",International Organisation: International Finance Corporation,Percent,0.57471
2005,,,,,,Normal value,Units,Global,"Proportion of members of developing countries in international organizations, by organization [10.6.1, 16.8.1]",International Organisation: International Finance Corporation,Percent,0.5618
2010,,,,,,Normal value,Units,Global,"Proportion of members of developing countries in international organizations, by organization [10.6.1, 16.8.1]",International Organisation: International Finance Corporation,Percent,0.54945
2015,,,,,,Normal value,Units,Global,"Proportion of members of developing countries in international organizations, by organization [10.6.1, 16.8.1]",International Organisation: International Finance Corporation,Percent,0.54348
2016,,,,,,Normal value,Units,Global,"Proportion of members of developing countries in international organizations, by organization [10.6.1, 16.8.1]",International Organisation: International Finance Corporation,Percent,0.54348
2017,,,,,,Normal value,Units,Global,"Proportion of members of developing countries in international organizations, by organization [10.6.1, 16.8.1]",International Organisation: International Finance Corporation,Percent,0.54348
2018,,,,,,Normal value,Units,Global,"Proportion of members of developing countries in international organizations, by organization [10.6.1, 16.8.1]",International Organisation: International Finance Corporation,Percent,0.54348
2019,,,,,,Normal value,Units,Global,"Proportion of members of developing countries in international organizations, by organization [10.6.1, 16.8.1]",International Organisation: International Finance Corporation,Percent,0.5435
2020,,,,,,Normal value,Units,Global,"Proportion of members of developing countries in international organizations, by organization [10.6.1, 16.8.1]",International Organisation: International Finance Corporation,Percent,0.54054
2021,,,,,,Normal value,Units,Global,"Proportion of members of developing countries in international organizations, by organization [10.6.1, 16.8.1]",International Organisation: International Finance Corporation,Percent,0.54054
2000,,,,,,Normal value,Units,Global,"Proportion of members of developing countries in international organizations, by organization [10.6.1, 16.8.1]",International Organisation: International Monetary Fund,Percent,0.5618
2005,,,,,,Normal value,Units,Global,"Proportion of members of developing countries in international organizations, by organization [10.6.1, 16.8.1]",International Organisation: International Monetary Fund,Percent,0.55249
2010,,,,,,Normal value,Units,Global,"Proportion of members of developing countries in international organizations, by organization [10.6.1, 16.8.1]",International Organisation: International Monetary Fund,Percent,0.54945
2015,,,,,,Normal value,Units,Global,"Proportion of members of developing countries in international organizations, by organization [10.6.1, 16.8.1]",International Organisation: International Monetary Fund,Percent,0.53191
2016,,,,,,Normal value,Units,Global,"Proportion of members of developing countries in international organizations, by organization [10.6.1, 16.8.1]",International Organisation: International Monetary Fund,Percent,0.53191
2017,,,,,,Normal value,Units,Global,"Proportion of members of developing countries in international organizations, by organization [10.6.1, 16.8.1]",International Organisation: International Monetary Fund,Percent,0.5291
2018,,,,,,Normal value,Units,Global,"Proportion of members of developing countries in international organizations, by organization [10.6.1, 16.8.1]",International Organisation: International Monetary Fund,Percent,0.5291
2019,,,,,,Normal value,Units,Global,"Proportion of members of developing countries in international organizations, by organization [10.6.1, 16.8.1]",International Organisation: International Monetary Fund,Percent,0.5291
2020,,,,,,Normal value,Units,Global,"Proportion of members of developing countries in international organizations, by organization [10.6.1, 16.8.1]",International Organisation: International Monetary Fund,Percent,0.5291
2021,,,,,,Normal value,Units,Global,"Proportion of members of developing countries in international organizations, by organization [10.6.1, 16.8.1]",International Organisation: International Monetary Fund,Percent,0.52632
2000,,,,,,Normal value,Units,Global,"Proportion of members of developing countries in international organizations, by organization [10.6.1, 16.8.1]",International Organisation: UN General Assembly,Percent,0.5291
2005,,,,,,Normal value,Units,Global,"Proportion of members of developing countries in international organizations, by organization [10.6.1, 16.8.1]",International Organisation: UN General Assembly,Percent,0.52356
2010,,,,,,Normal value,Units,Global,"Proportion of members of developing countries in international organizations, by organization [10.6.1, 16.8.1]",International Organisation: UN General Assembly,Percent,0.52083
2015,,,,,,Normal value,Units,Global,"Proportion of members of developing countries in international organizations, by organization [10.6.1, 16.8.1]",International Organisation: UN General Assembly,Percent,0.51813
2016,,,,,,Normal value,Units,Global,"Proportion of members of developing countries in international organizations, by organization [10.6.1, 16.8.1]",International Organisation: UN General Assembly,Percent,0.51813
2017,,,,,,Normal value,Units,Global,"Proportion of members of developing countries in international organizations, by organization [10.6.1, 16.8.1]",International Organisation: UN General Assembly,Percent,0.51813
2018,,,,,,Normal value,Units,Global,"Proportion of members of developing countries in international organizations, by organization [10.6.1, 16.8.1]",International Organisation: UN General Assembly,Percent,0.51813
2019,,,,,,Normal value,Units,Global,"Proportion of members of developing countries in international organizations, by organization [10.6.1, 16.8.1]",International Organisation: UN General Assembly,Percent,0.51813
2020,,,,,,Normal value,Units,Global,"Proportion of members of developing countries in international organizations, by organization [10.6.1, 16.8.1]",International Organisation: UN General Assembly,Percent,0.51813
2021,,,,,,Normal value,Units,Global,"Proportion of members of developing countries in international organizations, by organization [10.6.1, 16.8.1]",International Organisation: UN General Assembly,Percent,0.51813
2000,,,,,,Normal value,Units,Global,"Proportion of members of developing countries in international organizations, by organization [10.6.1, 16.8.1]",International Organisation: UN Security Council,Percent,6.66667
2005,,,,,,Normal value,Units,Global,"Proportion of members of developing countries in international organizations, by organization [10.6.1, 16.8.1]",International Organisation: UN Security Council,Percent,6.66667
2010,,,,,,Normal value,Units,Global,"Proportion of members of developing countries in international organizations, by organization [10.6.1, 16.8.1]",International Organisation: UN Security Council,Percent,6.66667
2015,,,,,,Normal value,Units,Global,"Proportion of members of developing countries in international organizations, by organization [10.6.1, 16.8.1]",International Organisation: UN Security Council,Percent,6.66667
2016,,,,,,Normal value,Units,Global,"Proportion of members of developing countries in international organizations, by organization [10.6.1, 16.8.1]",International Organisation: UN Security Council,Percent,6.66667
2017,,,,,,Normal value,Units,Global,"Proportion of members of developing countries in international organizations, by organization [10.6.1, 16.8.1]",International Organisation: UN Security Council,Percent,6.66667
2018,,,,,,Normal value,Units,Global,"Proportion of members of developing countries in international organizations, by organization [10.6.1, 16.8.1]",International Organisation: UN Security Council,Percent,6.66667
2019,,,,,,Normal value,Units,Global,"Proportion of members of developing countries in international organizations, by organization [10.6.1, 16.8.1]",International Organisation: UN Security Council,Percent,6.66667
2020,,,,,,Normal value,Units,Global,"Proportion of members of developing countries in international organizations, by organization [10.6.1, 16.8.1]",International Organisation: UN Security Council,Percent,6.66667
2000,,,,,,Normal value,Units,Global,"Proportion of members of developing countries in international organizations, by organization [10.6.1, 16.8.1]",International Organisation: World Trade Organisation,Percent,0.71429
2005,,,,,,Normal value,Units,Global,"Proportion of members of developing countries in international organizations, by organization [10.6.1, 16.8.1]",International Organisation: World Trade Organisation,Percent,0.67114
2010,,,,,,Normal value,Units,Global,"Proportion of members of developing countries in international organizations, by organization [10.6.1, 16.8.1]",International Organisation: World Trade Organisation,Percent,0.65359
2015,,,,,,Normal value,Units,Global,"Proportion of members of developing countries in international organizations, by organization [10.6.1, 16.8.1]",International Organisation: World Trade Organisation,Percent,0.625
2016,,,,,,Normal value,Units,Global,"Proportion of members of developing countries in international organizations, by organization [10.6.1, 16.8.1]",International Organisation: World Trade Organisation,Percent,0.61728
2017,,,,,,Normal value,Units,Global,"Proportion of members of developing countries in international organizations, by organization [10.6.1, 16.8.1]",International Organisation: World Trade Organisation,Percent,0.60976
2018,,,,,,Normal value,Units,Global,"Proportion of members of developing countries in international organizations, by organization [10.6.1, 16.8.1]",International Organisation: World Trade Organisation,Percent,0.60976
2019,,,,,,Normal value,Units,Global,"Proportion of members of developing countries in international organizations, by organization [10.6.1, 16.8.1]",International Organisation: World Trade Organisation,Percent,0.60976
2020,,,,,,Normal value,Units,Global,"Proportion of members of developing countries in international organizations, by organization [10.6.1, 16.8.1]",International Organisation: World Trade Organisation,Percent,0.60976
2021,,,,,,Normal value,Units,Global,"Proportion of members of developing countries in international organizations, by organization [10.6.1, 16.8.1]",International Organisation: World Trade Organisation,Percent,0.60976
2000,,,,,,Normal value,Units,Global,"Proportion of voting rights of developing countries in international organizations, by organization [10.6.1, 16.8.1]",International Organisation: Asian Development Bank,Percent,2.003
2005,,,,,,Normal value,Units,Global,"Proportion of voting rights of developing countries in international organizations, by organization [10.6.1, 16.8.1]",International Organisation: Asian Development Bank,Percent,1.96
2010,,,,,,Normal value,Units,Global,"Proportion of voting rights of developing countries in international organizations, by organization [10.6.1, 16.8.1]",International Organisation: Asian Development Bank,Percent,2.154
2015,,,,,,Normal value,Units,Global,"Proportion of voting rights of developing countries in international organizations, by organization [10.6.1, 16.8.1]",International Organisation: Asian Development Bank,Percent,1.934
2016,,,,,,Normal value,Units,Global,"Proportion of voting rights of developing countries in international organizations, by organization [10.6.1, 16.8.1]",International Organisation: Asian Development Bank,Percent,1.932
2017,,,,,,Normal value,Units,Global,"Proportion of voting rights of developing countries in international organizations, by organization [10.6.1, 16.8.1]",International Organisation: Asian Development Bank,Percent,1.932
2018,,,,,,Normal value,Units,Global,"Proportion of voting rights of developing countries in international organizations, by organization [10.6.1, 16.8.1]",International Organisation: Asian Development Bank,Percent,1.9286
2019,,,,,,Normal value,Units,Global,"Proportion of voting rights of developing countries in international organizations, by organization [10.6.1, 16.8.1]",International Organisation: Asian Development Bank,Percent,1.92422
2020,,,,,,Normal value,Units,Global,"Proportion of voting rights of developing countries in international organizations, by organization [10.6.1, 16.8.1]",International Organisation: Asian Development Bank,Percent,1.924
2000,,,,,,Normal value,Units,Global,"Proportion of voting rights of developing countries in international organizations, by organization [10.6.1, 16.8.1]",International Organisation: African Development Bank,Percent,1.75
2005,,,,,,Normal value,Units,Global,"Proportion of voting rights of developing countries in international organizations, by organization [10.6.1, 16.8.1]",International Organisation: African Development Bank,Percent,1.677
2010,,,,,,Normal value,Units,Global,"Proportion of voting rights of developing countries in international organizations, by organization [10.6.1, 16.8.1]",International Organisation: African Development Bank,Percent,1.649
2014,,,,,,Normal value,Units,Global,"Proportion of voting rights of developing countries in international organizations, by organization [10.6.1, 16.8.1]",International Organisation: African Development Bank,Percent,1.689
2015,,,,,,Normal value,Units,Global,"Proportion of voting rights of developing countries in international organizations, by organization [10.6.1, 16.8.1]",International Organisation: African Development Bank,Percent,1.75
2016,,,,,,Normal value,Units,Global,"Proportion of voting rights of developing countries in international organizations, by organization [10.6.1, 16.8.1]",International Organisation: African Development Bank,Percent,1.7519
2017,,,,,,Normal value,Units,Global,"Proportion of voting rights of developing countries in international organizations, by organization [10.6.1, 16.8.1]",International Organisation: African Development Bank,Percent,1.7519
2018,,,,,,Normal value,Units,Global,"Proportion of voting rights of developing countries in international organizations, by organization [10.6.1, 16.8.1]",International Organisation: African Development Bank,Percent,1.8106
2019,,,,,,Normal value,Units,Global,"Proportion of voting rights of developing countries in international organizations, by organization [10.6.1, 16.8.1]",International Organisation: African Development Bank,Percent,1.80802
2000,,,,,,Normal value,Units,Global,"Proportion of voting rights of developing countries in international organizations, by organization [10.6.1, 16.8.1]",International Organisation: UN Economic and Social Council,Percent,1.8519
2005,,,,,,Normal value,Units,Global,"Proportion of voting rights of developing countries in international organizations, by organization [10.6.1, 16.8.1]",International Organisation: UN Economic and Social Council,Percent,1.8519
2010,,,,,,Normal value,Units,Global,"Proportion of voting rights of developing countries in international organizations, by organization [10.6.1, 16.8.1]",International Organisation: UN Economic and Social Council,Percent,1.8519
2015,,,,,,Normal value,Units,Global,"Proportion of voting rights of developing countries in international organizations, by organization [10.6.1, 16.8.1]",International Organisation: UN Economic and Social Council,Percent,1.8519
2016,,,,,,Normal value,Units,Global,"Proportion of voting rights of developing countries in international organizations, by organization [10.6.1, 16.8.1]",International Organisation: UN Economic and Social Council,Percent,1.8519
2017,,,,,,Normal value,Units,Global,"Proportion of voting rights of developing countries in international organizations, by organization [10.6.1, 16.8.1]",International Organisation: UN Economic and Social Council,Percent,1.85185185185185
2018,,,,,,Normal value,Units,Global,"Proportion of voting rights of developing countries in international organizations, by organization [10.6.1, 16.8.1]",International Organisation: UN Economic and Social Council,Percent,1.8519
2019,,,,,,Normal value,Units,Global,"Proportion of voting rights of developing countries in international organizations, by organization [10.6.1, 16.8.1]",International Organisation: UN Economic and Social Council,Percent,1.85185
2021,,,,,,Normal value,Units,Global,"Proportion of voting rights of developing countries in international organizations, by organization [10.6.1, 16.8.1]",International Organisation: UN Economic and Social Council,Percent,1.85185
2010,,,,,,Normal value,Units,Global,"Proportion of voting rights of developing countries in international organizations, by organization [10.6.1, 16.8.1]",International Organisation: Financial Stability Board,Percent,5.7692
2015,,,,,,Normal value,Units,Global,"Proportion of voting rights of developing countries in international organizations, by organization [10.6.1, 16.8.1]",International Organisation: Financial Stability Board,Percent,5.2632
2016,,,,,,Normal value,Units,Global,"Proportion of voting rights of developing countries in international organizations, by organization [10.6.1, 16.8.1]",International Organisation: Financial Stability Board,Percent,5.2632
2017,,,,,,Normal value,Units,Global,"Proportion of voting rights of developing countries in international organizations, by organization [10.6.1, 16.8.1]",International Organisation: Financial Stability Board,Percent,5.2632
2018,,,,,,Normal value,Units,Global,"Proportion of voting rights of developing countries in international organizations, by organization [10.6.1, 16.8.1]",International Organisation: Financial Stability Board,Percent,5.2632
2019,,,,,,Normal value,Units,Global,"Proportion of voting rights of developing countries in international organizations, by organization [10.6.1, 16.8.1]",International Organisation: Financial Stability Board,Percent,5.2632
2020,,,,,,Normal value,Units,Global,"Proportion of voting rights of developing countries in international organizations, by organization [10.6.1, 16.8.1]",International Organisation: Financial Stability Board,Percent,5.26316
2021,,,,,,Normal value,Units,Global,"Proportion of voting rights of developing countries in international organizations, by organization [10.6.1, 16.8.1]",International Organisation: Financial Stability Board,Percent,5.17241379310345
2000,,,,,,Normal value,Units,Global,"Proportion of voting rights of developing countries in international organizations, by organization [10.6.1, 16.8.1]",International Organisation: Inter-American Development Bank,Percent,0.964
2005,,,,,,Normal value,Units,Global,"Proportion of voting rights of developing countries in international organizations, by organization [10.6.1, 16.8.1]",International Organisation: Inter-American Development Bank,Percent,0.964
2010,,,,,,Normal value,Units,Global,"Proportion of voting rights of developing countries in international organizations, by organization [10.6.1, 16.8.1]",International Organisation: Inter-American Development Bank,Percent,0.964
2015,,,,,,Normal value,Units,Global,"Proportion of voting rights of developing countries in international organizations, by organization [10.6.1, 16.8.1]",International Organisation: Inter-American Development Bank,Percent,0.964
2016,,,,,,Normal value,Units,Global,"Proportion of voting rights of developing countries in international organizations, by organization [10.6.1, 16.8.1]",International Organisation: Inter-American Development Bank,Percent,0.964
2017,,,,,,Normal value,Units,Global,"Proportion of voting rights of developing countries in international organizations, by organization [10.6.1, 16.8.1]",International Organisation: Inter-American Development Bank,Percent,0.964
2018,,,,,,Normal value,Units,Global,"Proportion of voting rights of developing countries in international organizations, by organization [10.6.1, 16.8.1]",International Organisation: Inter-American Development Bank,Percent,0.964
2019,,,,,,Normal value,Units,Global,"Proportion of voting rights of developing countries in international organizations, by organization [10.6.1, 16.8.1]",International Organisation: Inter-American Development Bank,Percent,0.964
2000,,,,,,Normal value,Units,Global,"Proportion of voting rights of developing countries in international organizations, by organization [10.6.1, 16.8.1]",International Organisation: International Bank for Reconstruction and Development,Percent,4.3271
2005,,,,,,Normal value,Units,Global,"Proportion of voting rights of developing countries in international organizations, by organization [10.6.1, 16.8.1]",International Organisation: International Bank for Reconstruction and Development,Percent,4.3028
2010,,,,,,Normal value,Units,Global,"Proportion of voting rights of developing countries in international organizations, by organization [10.6.1, 16.8.1]",International Organisation: International Bank for Reconstruction and Development,Percent,4.2958
2015,,,,,,Normal value,Units,Global,"Proportion of voting rights of developing countries in international organizations, by organization [10.6.1, 16.8.1]",International Organisation: International Bank for Reconstruction and Development,Percent,3.932
2016,,,,,,Normal value,Units,Global,"Proportion of voting rights of developing countries in international organizations, by organization [10.6.1, 16.8.1]",International Organisation: International Bank for Reconstruction and Development,Percent,3.94
2017,,,,,,Normal value,Units,Global,"Proportion of voting rights of developing countries in international organizations, by organization [10.6.1, 16.8.1]",International Organisation: International Bank for Reconstruction and Development,Percent,3.8595
2018,,,,,,Normal value,Units,Global,"Proportion of voting rights of developing countries in international organizations, by organization [10.6.1, 16.8.1]",International Organisation: International Bank for Reconstruction and Development,Percent,3.7787
2019,,,,,,Normal value,Units,Global,"Proportion of voting rights of developing countries in international organizations, by organization [10.6.1, 16.8.1]",International Organisation: International Bank for Reconstruction and Development,Percent,3.7087
2020,,,,,,Normal value,Units,Global,"Proportion of voting rights of developing countries in international organizations, by organization [10.6.1, 16.8.1]",International Organisation: International Bank for Reconstruction and Development,Percent,3.89409
2021,,,,,,Normal value,Units,Global,"Proportion of voting rights of developing countries in international organizations, by organization [10.6.1, 16.8.1]",International Organisation: International Bank for Reconstruction and Development,Percent,3.89244888249073
2000,,,,,,Normal value,Units,Global,"Proportion of voting rights of developing countries in international organizations, by organization [10.6.1, 16.8.1]",International Organisation: International Finance Corporation,Percent,5.0505
2005,,,,,,Normal value,Units,Global,"Proportion of voting rights of developing countries in international organizations, by organization [10.6.1, 16.8.1]",International Organisation: International Finance Corporation,Percent,5.0351
2010,,,,,,Normal value,Units,Global,"Proportion of voting rights of developing countries in international organizations, by organization [10.6.1, 16.8.1]",International Organisation: International Finance Corporation,Percent,5.0215
2015,,,,,,Normal value,Units,Global,"Proportion of voting rights of developing countries in international organizations, by organization [10.6.1, 16.8.1]",International Organisation: International Finance Corporation,Percent,4.48404
2016,,,,,,Normal value,Units,Global,"Proportion of voting rights of developing countries in international organizations, by organization [10.6.1, 16.8.1]",International Organisation: International Finance Corporation,Percent,4.48404
2017,,,,,,Normal value,Units,Global,"Proportion of voting rights of developing countries in international organizations, by organization [10.6.1, 16.8.1]",International Organisation: International Finance Corporation,Percent,4.48404
2018,,,,,,Normal value,Units,Global,"Proportion of voting rights of developing countries in international organizations, by organization [10.6.1, 16.8.1]",International Organisation: International Finance Corporation,Percent,4.484
2019,,,,,,Normal value,Units,Global,"Proportion of voting rights of developing countries in international organizations, by organization [10.6.1, 16.8.1]",International Organisation: International Finance Corporation,Percent,4.4542
2020,,,,,,Normal value,Units,Global,"Proportion of voting rights of developing countries in international organizations, by organization [10.6.1, 16.8.1]",International Organisation: International Finance Corporation,Percent,4.48345
2021,,,,,,Normal value,Units,Global,"Proportion of voting rights of developing countries in international organizations, by organization [10.6.1, 16.8.1]",International Organisation: International Finance Corporation,Percent,4.43530285615146
2000,,,,,,Normal value,Units,Global,"Proportion of voting rights of developing countries in international organizations, by organization [10.6.1, 16.8.1]",International Organisation: International Monetary Fund,Percent,5.0279
2005,,,,,,Normal value,Units,Global,"Proportion of voting rights of developing countries in international organizations, by organization [10.6.1, 16.8.1]",International Organisation: International Monetary Fund,Percent,4.948
2010,,,,,,Normal value,Units,Global,"Proportion of voting rights of developing countries in international organizations, by organization [10.6.1, 16.8.1]",International Organisation: International Monetary Fund,Percent,4.8602
2015,,,,,,Normal value,Units,Global,"Proportion of voting rights of developing countries in international organizations, by organization [10.6.1, 16.8.1]",International Organisation: International Monetary Fund,Percent,4.2896
2016,,,,,,Normal value,Units,Global,"Proportion of voting rights of developing countries in international organizations, by organization [10.6.1, 16.8.1]",International Organisation: International Monetary Fund,Percent,4.069
2017,,,,,,Normal value,Units,Global,"Proportion of voting rights of developing countries in international organizations, by organization [10.6.1, 16.8.1]",International Organisation: International Monetary Fund,Percent,4.0357
2018,,,,,,Normal value,Units,Global,"Proportion of voting rights of developing countries in international organizations, by organization [10.6.1, 16.8.1]",International Organisation: International Monetary Fund,Percent,4.0348
2019,,,,,,Normal value,Units,Global,"Proportion of voting rights of developing countries in international organizations, by organization [10.6.1, 16.8.1]",International Organisation: International Monetary Fund,Percent,4.03481
2020,,,,,,Normal value,Units,Global,"Proportion of voting rights of developing countries in international organizations, by organization [10.6.1, 16.8.1]",International Organisation: International Monetary Fund,Percent,4.03267
2021,,,,,,Normal value,Units,Global,"Proportion of voting rights of developing countries in international organizations, by organization [10.6.1, 16.8.1]",International Organisation: International Monetary Fund,Percent,4.02803213536696
2000,,,,,,Normal value,Units,Global,"Proportion of voting rights of developing countries in international organizations, by organization [10.6.1, 16.8.1]",International Organisation: UN General Assembly,Percent,0.5291
2005,,,,,,Normal value,Units,Global,"Proportion of voting rights of developing countries in international organizations, by organization [10.6.1, 16.8.1]",International Organisation: UN General Assembly,Percent,0.5236
2010,,,,,,Normal value,Units,Global,"Proportion of voting rights of developing countries in international organizations, by organization [10.6.1, 16.8.1]",International Organisation: UN General Assembly,Percent,0.5208
2015,,,,,,Normal value,Units,Global,"Proportion of voting rights of developing countries in international organizations, by organization [10.6.1, 16.8.1]",International Organisation: UN General Assembly,Percent,0.5181
2016,,,,,,Normal value,Units,Global,"Proportion of voting rights of developing countries in international organizations, by organization [10.6.1, 16.8.1]",International Organisation: UN General Assembly,Percent,0.5181
2017,,,,,,Normal value,Units,Global,"Proportion of voting rights of developing countries in international organizations, by organization [10.6.1, 16.8.1]",International Organisation: UN General Assembly,Percent,0.5181
2018,,,,,,Normal value,Units,Global,"Proportion of voting rights of developing countries in international organizations, by organization [10.6.1, 16.8.1]",International Organisation: UN General Assembly,Percent,0.5181
2019,,,,,,Normal value,Units,Global,"Proportion of voting rights of developing countries in international organizations, by organization [10.6.1, 16.8.1]",International Organisation: UN General Assembly,Percent,0.5181
2020,,,,,,Normal value,Units,Global,"Proportion of voting rights of developing countries in international organizations, by organization [10.6.1, 16.8.1]",International Organisation: UN General Assembly,Percent,0.5181
2021,,,,,,Normal value,Units,Global,"Proportion of voting rights of developing countries in international organizations, by organization [10.6.1, 16.8.1]",International Organisation: UN General Assembly,Percent,0.51813
2000,,,,,,Normal value,Units,Global,"Proportion of voting rights of developing countries in international organizations, by organization [10.6.1, 16.8.1]",International Organisation: UN Security Council,Percent,6.6667
2005,,,,,,Normal value,Units,Global,"Proportion of voting rights of developing countries in international organizations, by organization [10.6.1, 16.8.1]",International Organisation: UN Security Council,Percent,6.6667
2010,,,,,,Normal value,Units,Global,"Proportion of voting rights of developing countries in international organizations, by organization [10.6.1, 16.8.1]",International Organisation: UN Security Council,Percent,6.6667
2015,,,,,,Normal value,Units,Global,"Proportion of voting rights of developing countries in international organizations, by organization [10.6.1, 16.8.1]",International Organisation: UN Security Council,Percent,6.6667
2016,,,,,,Normal value,Units,Global,"Proportion of voting rights of developing countries in international organizations, by organization [10.6.1, 16.8.1]",International Organisation: UN Security Council,Percent,6.6667
2017,,,,,,Normal value,Units,Global,"Proportion of voting rights of developing countries in international organizations, by organization [10.6.1, 16.8.1]",International Organisation: UN Security Council,Percent,6.6667
2018,,,,,,Normal value,Units,Global,"Proportion of voting rights of developing countries in international organizations, by organization [10.6.1, 16.8.1]",International Organisation: UN Security Council,Percent,6.6667
2019,,,,,,Normal value,Units,Global,"Proportion of voting rights of developing countries in international organizations, by organization [10.6.1, 16.8.1]",International Organisation: UN Security Council,Percent,6.6667
2020,,,,,,Normal value,Units,Global,"Proportion of voting rights of developing countries in international organizations, by organization [10.6.1, 16.8.1]",International Organisation: UN Security Council,Percent,6.667
2000,,,,,,Normal value,Units,Global,"Proportion of voting rights of developing countries in international organizations, by organization [10.6.1, 16.8.1]",International Organisation: World Trade Organisation,Percent,0.7143
2005,,,,,,Normal value,Units,Global,"Proportion of voting rights of developing countries in international organizations, by organization [10.6.1, 16.8.1]",International Organisation: World Trade Organisation,Percent,0.6711
2010,,,,,,Normal value,Units,Global,"Proportion of voting rights of developing countries in international organizations, by organization [10.6.1, 16.8.1]",International Organisation: World Trade Organisation,Percent,0.6536
2015,,,,,,Normal value,Units,Global,"Proportion of voting rights of developing countries in international organizations, by organization [10.6.1, 16.8.1]",International Organisation: World Trade Organisation,Percent,0.625
2016,,,,,,Normal value,Units,Global,"Proportion of voting rights of developing countries in international organizations, by organization [10.6.1, 16.8.1]",International Organisation: World Trade Organisation,Percent,0.6173
2017,,,,,,Normal value,Units,Global,"Proportion of voting rights of developing countries in international organizations, by organization [10.6.1, 16.8.1]",International Organisation: World Trade Organisation,Percent,0.6098
2018,,,,,,Normal value,Units,Global,"Proportion of voting rights of developing countries in international organizations, by organization [10.6.1, 16.8.1]",International Organisation: World Trade Organisation,Percent,0.6098
2019,,,,,,Normal value,Units,Global,"Proportion of voting rights of developing countries in international organizations, by organization [10.6.1, 16.8.1]",International Organisation: World Trade Organisation,Percent,0.6098
2020,,,,,,Normal value,Units,Global,"Proportion of voting rights of developing countries in international organizations, by organization [10.6.1, 16.8.1]",International Organisation: World Trade Organisation,Percent,0.60976
2021,,,,,,Normal value,Units,Global,"Proportion of voting rights of developing countries in international organizations, by organization [10.6.1, 16.8.1]",International Organisation: World Trade Organisation,Percent,0.60976
