Year,Observation-level footnotes,SERIES,Value
2010,Name of National Human Rights Institution: Zambian Human Rights Commission .,"Countries with National Human Rights Institutions in compliance with the Paris Principles, A status (1 = YES; 0 = NO) [16.a.1]",1
2015,Name of National Human Rights Institution: Zambian Human Rights Commission .,"Countries with National Human Rights Institutions in compliance with the Paris Principles, A status (1 = YES; 0 = NO) [16.a.1]",1
2016,Name of National Human Rights Institution: Zambian Human Rights Commission .,"Countries with National Human Rights Institutions in compliance with the Paris Principles, A status (1 = YES; 0 = NO) [16.a.1]",1
2017,Name of National Human Rights Institution: Zambian Human Rights Commission .,"Countries with National Human Rights Institutions in compliance with the Paris Principles, A status (1 = YES; 0 = NO) [16.a.1]",1
2018,Name of National Human Rights Institution: Zambian Human Rights Commission .,"Countries with National Human Rights Institutions in compliance with the Paris Principles, A status (1 = YES; 0 = NO) [16.a.1]",1
2019,Name of National Human Rights Institution: Zambian Human Rights Commission .,"Countries with National Human Rights Institutions in compliance with the Paris Principles, A status (1 = YES; 0 = NO) [16.a.1]",1
2020,Name of National Human Rights Institution: Zambian Human Rights Commission .,"Countries with National Human Rights Institutions in compliance with the Paris Principles, A status (1 = YES; 0 = NO) [16.a.1]",1
2000,Name of National Human Rights Institution: Great Britain - Equality and Human Rights Commission; Northern Ireland - human Rights Commission; Scotland - Scottish Human Rights Commission.,"Countries with no application for accreditation with the Paris Principles, D status  (1 = YES; 0 = NO) [16.a.1]",1
2005,Name of National Human Rights Institution: Great Britain - Equality and Human Rights Commission; Northern Ireland - human Rights Commission; Scotland - Scottish Human Rights Commission.,"Countries with no application for accreditation with the Paris Principles, D status  (1 = YES; 0 = NO) [16.a.1]",1
