Year,SDG Series,Value
2018,Extent of use of country-owned results frameworks and planning tools by providers of development cooperation - data by provider (%)  [17.15.1],38.6790543794631
2018,Proportion of new development interventions drawn from country-led result frameworks - data by provider (%) [17.15.1],69.117647409439
2018,Proportion of results indicators drawn from country-led results frameworks - data by provider (%) [17.15.1],22.3468661308288
2018,Proportion of results indicators which will be monitored using government sources and monitoring systems - data by provider (%) [17.15.1],24.5726495981216
