Year,Series,Mechanism,Observation status,Unit multiplier,Units,Value
2020,Mechanisms in place to enhance policy coherence for sustainable development,Alignment across government levels,Normal value,Units,Percentage (%),100.0
2020,Mechanisms in place to enhance policy coherence for sustainable development,Financing for policy coherence,Normal value,Units,Percentage (%),50.0
2020,Mechanisms in place to enhance policy coherence for sustainable development,Institutionalization of Political Commitment,Normal value,Units,Percentage (%),100.0
2020,Mechanisms in place to enhance policy coherence for sustainable development,Inter-ministerial and cross-sectoral coordination,Normal value,Units,Percentage (%),30.0
2020,Mechanisms in place to enhance policy coherence for sustainable development,Long-term considerations in decision-making,Normal value,Units,Percentage (%),80.0
2020,Mechanisms in place to enhance policy coherence for sustainable development,Monitoring and reporting for policy coherence,Normal value,Units,Percentage (%),80.0
2020,Mechanisms in place to enhance policy coherence for sustainable development,Participatory processes,Normal value,Units,Percentage (%),80.0
2020,Mechanisms in place to enhance policy coherence for sustainable development,Policy linkages,Normal value,Units,Percentage (%),30.0
2020,Mechanisms in place to enhance policy coherence for sustainable development,,Normal value,Units,Percentage (%),68.75
