Year,Nature of data points,Observation-level footnotes,Source details,SERIES,Value
2010,Estimated,"Obs_Value = 0;  Out of 354 local breeds (including extinct ones), 1 are reported with genetic material stored, out of which 0 are reported with sufficient material stored to allow them to be reconstituted",DAD-IS 7.9.2021 http://www.fao.org/dad-is/,Number of local breeds for which sufficient genetic resources are stored for reconstitution [2.5.1],0
2011,Estimated,"Obs_Value = 0;  Out of 354 local breeds (including extinct ones), 1 are reported with genetic material stored, out of which 0 are reported with sufficient material stored to allow them to be reconstituted",DAD-IS 7.9.2021 http://www.fao.org/dad-is/,Number of local breeds for which sufficient genetic resources are stored for reconstitution [2.5.1],0
2012,Estimated,"Obs_Value = 0;  Out of 354 local breeds (including extinct ones), 1 are reported with genetic material stored, out of which 0 are reported with sufficient material stored to allow them to be reconstituted",DAD-IS 7.9.2021 http://www.fao.org/dad-is/,Number of local breeds for which sufficient genetic resources are stored for reconstitution [2.5.1],0
2013,Estimated,"Obs_Value = 0;  Out of 354 local breeds (including extinct ones), 1 are reported with genetic material stored, out of which 0 are reported with sufficient material stored to allow them to be reconstituted",DAD-IS 7.9.2021 http://www.fao.org/dad-is/,Number of local breeds for which sufficient genetic resources are stored for reconstitution [2.5.1],0
2014,Estimated,"Obs_Value = 0;  Out of 354 local breeds (including extinct ones), 1 are reported with genetic material stored, out of which 0 are reported with sufficient material stored to allow them to be reconstituted",DAD-IS 7.9.2021 http://www.fao.org/dad-is/,Number of local breeds for which sufficient genetic resources are stored for reconstitution [2.5.1],0
2015,Estimated,"Obs_Value = 0;  Out of 354 local breeds (including extinct ones), 1 are reported with genetic material stored, out of which 0 are reported with sufficient material stored to allow them to be reconstituted",DAD-IS 7.9.2021 http://www.fao.org/dad-is/,Number of local breeds for which sufficient genetic resources are stored for reconstitution [2.5.1],0
2016,Estimated,"Obs_Value = 0;  Out of 354 local breeds (including extinct ones), 1 are reported with genetic material stored, out of which 0 are reported with sufficient material stored to allow them to be reconstituted",DAD-IS 7.9.2021 http://www.fao.org/dad-is/,Number of local breeds for which sufficient genetic resources are stored for reconstitution [2.5.1],0
2017,Estimated,"Obs_Value = 0;  Out of 354 local breeds (including extinct ones), 1 are reported with genetic material stored, out of which 0 are reported with sufficient material stored to allow them to be reconstituted",DAD-IS 7.9.2021 http://www.fao.org/dad-is/,Number of local breeds for which sufficient genetic resources are stored for reconstitution [2.5.1],0
2018,Estimated,"Obs_Value = 0;  Out of 354 local breeds (including extinct ones), 1 are reported with genetic material stored, out of which 0 are reported with sufficient material stored to allow them to be reconstituted",DAD-IS 7.9.2021 http://www.fao.org/dad-is/,Number of local breeds for which sufficient genetic resources are stored for reconstitution [2.5.1],0
2019,Estimated,"Obs_Value = 0;  Out of 354 local breeds (including extinct ones), 1 are reported with genetic material stored, out of which 0 are reported with sufficient material stored to allow them to be reconstituted",DAD-IS 7.9.2021 http://www.fao.org/dad-is/,Number of local breeds for which sufficient genetic resources are stored for reconstitution [2.5.1],0
2020,Estimated,"Obs_Value = 0;  Out of 354 local breeds (including extinct ones), 1 are reported with genetic material stored, out of which 0 are reported with sufficient material stored to allow them to be reconstituted",DAD-IS 7.9.2021 http://www.fao.org/dad-is/,Number of local breeds for which sufficient genetic resources are stored for reconstitution [2.5.1],0
2021,Estimated,"Obs_Value = 0;  Out of 354 local breeds (including extinct ones), 1 are reported with genetic material stored, out of which 0 are reported with sufficient material stored to allow them to be reconstituted",DAD-IS 7.9.2021 http://www.fao.org/dad-is/,Number of local breeds for which sufficient genetic resources are stored for reconstitution [2.5.1],0
1995,Country Data,Estimate based on the acquisition date of each conserved accession as reported in 2014.,FAO-WIEWS (http://www.fao.org/wiews) and EURISCO (http://eurisco.ipk-gatersleben.de),Plant genetic resources accessions stored ex situ (number) [2.5.1],76440
2000,Country Data,Estimate based on the acquisition date of each conserved accession as reported in 2014.,FAO-WIEWS (http://www.fao.org/wiews) and EURISCO (http://eurisco.ipk-gatersleben.de),Plant genetic resources accessions stored ex situ (number) [2.5.1],115140
2005,Country Data,Estimate based on the acquisition date of each conserved accession as reported in 2014.,FAO-WIEWS (http://www.fao.org/wiews) and EURISCO (http://eurisco.ipk-gatersleben.de),Plant genetic resources accessions stored ex situ (number) [2.5.1],452255
2010,Country Data,Estimate based on the acquisition date of each conserved accession as reported in 2014.,FAO-WIEWS (http://www.fao.org/wiews) and EURISCO (http://eurisco.ipk-gatersleben.de),Plant genetic resources accessions stored ex situ (number) [2.5.1],688252
2012,Country Data,Estimate based on the acquisition date of each conserved accession as reported in 2014.,FAO-WIEWS (http://www.fao.org/wiews) and EURISCO (http://eurisco.ipk-gatersleben.de),Plant genetic resources accessions stored ex situ (number) [2.5.1],748571
2014,Country Data,Estimate based on the acquisition date of each conserved accession as reported in 2014.,FAO-WIEWS (http://www.fao.org/wiews) and EURISCO (http://eurisco.ipk-gatersleben.de),Plant genetic resources accessions stored ex situ (number) [2.5.1],785107
2016,Country Data,Estimate based on the acquisition date of each conserved accession as reported in 2014.,FAO-WIEWS (http://www.fao.org/wiews) and EURISCO (http://eurisco.ipk-gatersleben.de),Plant genetic resources accessions stored ex situ (number) [2.5.1],810741
2017,Country Data,Estimate based on the acquisition date of each conserved accession as reported in 2014.,FAO-WIEWS (http://www.fao.org/wiews) and EURISCO (http://eurisco.ipk-gatersleben.de),Plant genetic resources accessions stored ex situ (number) [2.5.1],829253
2018,Country Data,Estimate based on the acquisition date of each conserved accession as reported in 2014.,FAO-WIEWS (http://www.fao.org/wiews) and EURISCO (http://eurisco.ipk-gatersleben.de),Plant genetic resources accessions stored ex situ (number) [2.5.1],842508
2019,Country Data,Estimate based on the acquisition date of each conserved accession as reported in 2014.,FAO-WIEWS (http://www.fao.org/wiews) and EURISCO (http://eurisco.ipk-gatersleben.de),Plant genetic resources accessions stored ex situ (number) [2.5.1],846059
2020,Country Data,Estimate based on the acquisition date of each conserved accession as reported in 2014.,FAO-WIEWS (http://www.fao.org/wiews) and EURISCO (http://eurisco.ipk-gatersleben.de),Plant genetic resources accessions stored ex situ (number) [2.5.1],846289
