Year,SERIES,Value
2000,Proportion of population with large household expenditures on health (greater than 10%) as a share of total household expenditure or income [3.8.2],2.0
2005,Proportion of population with large household expenditures on health (greater than 10%) as a share of total household expenditure or income [3.8.2],2.03
2013,Proportion of population with large household expenditures on health (greater than 10%) as a share of total household expenditure or income [3.8.2],1.64
2000,Proportion of population with large household expenditures on health (greater than 25%) as a share of total household expenditure or income [3.8.2],0.26
2005,Proportion of population with large household expenditures on health (greater than 25%) as a share of total household expenditure or income [3.8.2],0.34
2013,Proportion of population with large household expenditures on health (greater than 25%) as a share of total household expenditure or income [3.8.2],0.48
