Year,SOURCE_DETAIL,Sex,Degree of urbanisation,Income or wealth quantile,Education level,Source details,COMMENT_OBS,Observation-level footnotes,Value
2005,"United Kingdom of Great Britain and Northern Ireland EU-SILC 2005. World Inequality Database on Education (WIDE), June 2019. Data extracted on 13 April 2021.",,,,Lower secondary education,"United Kingdom of Great Britain and Northern Ireland EU-SILC 2014. World Inequality Database on Education (WIDE), June 2019. Data extracted on 13 April 2021.",,,100.0
2011,"United Kingdom of Great Britain and Northern Ireland EU-SILC 2011. World Inequality Database on Education (WIDE), June 2019. Data extracted on 13 April 2021.",,,,Lower secondary education,"United Kingdom of Great Britain and Northern Ireland EU-SILC 2014. World Inequality Database on Education (WIDE), June 2019. Data extracted on 13 April 2021.",,,100.0
2013,"United Kingdom of Great Britain and Northern Ireland EU-SILC 2013. World Inequality Database on Education (WIDE), June 2019. Data extracted on 13 April 2021.",,,,Lower secondary education,"United Kingdom of Great Britain and Northern Ireland EU-SILC 2014. World Inequality Database on Education (WIDE), June 2019. Data extracted on 13 April 2021.",,,100.0
2014,"United Kingdom of Great Britain and Northern Ireland EU-SILC 2014. World Inequality Database on Education (WIDE), June 2019. Data extracted on 13 April 2021.",,,,Lower secondary education,"United Kingdom of Great Britain and Northern Ireland EU-SILC 2014. World Inequality Database on Education (WIDE), June 2019. Data extracted on 13 April 2021.",,,100.0
2005,"United Kingdom of Great Britain and Northern Ireland EU-SILC 2005. World Inequality Database on Education (WIDE), June 2019. Data extracted on 13 April 2021.",,,,Upper secondary education,"United Kingdom of Great Britain and Northern Ireland EU-SILC 2013. World Inequality Database on Education (WIDE), June 2019. Data extracted on 13 April 2021.",,,91.39
2011,"United Kingdom of Great Britain and Northern Ireland EU-SILC 2011. World Inequality Database on Education (WIDE), June 2019. Data extracted on 13 April 2021.",,,,Upper secondary education,"United Kingdom of Great Britain and Northern Ireland EU-SILC 2013. World Inequality Database on Education (WIDE), June 2019. Data extracted on 13 April 2021.",,,93.29
2013,"United Kingdom of Great Britain and Northern Ireland EU-SILC 2013. World Inequality Database on Education (WIDE), June 2019. Data extracted on 13 April 2021.",,,,Upper secondary education,"United Kingdom of Great Britain and Northern Ireland EU-SILC 2013. World Inequality Database on Education (WIDE), June 2019. Data extracted on 13 April 2021.",,,93.64
2005,"United Kingdom of Great Britain and Northern Ireland EU-SILC 2005. World Inequality Database on Education (WIDE), June 2019. Data extracted on 13 April 2021.",,,Quintile 1 (poorest),Lower secondary education,"United Kingdom of Great Britain and Northern Ireland EU-SILC 2014. World Inequality Database on Education (WIDE), June 2019. Data extracted on 13 April 2021.",,,100.0
2011,"United Kingdom of Great Britain and Northern Ireland EU-SILC 2011. World Inequality Database on Education (WIDE), June 2019. Data extracted on 13 April 2021.",,,Quintile 1 (poorest),Lower secondary education,"United Kingdom of Great Britain and Northern Ireland EU-SILC 2014. World Inequality Database on Education (WIDE), June 2019. Data extracted on 13 April 2021.",,,100.0
2013,"United Kingdom of Great Britain and Northern Ireland EU-SILC 2013. World Inequality Database on Education (WIDE), June 2019. Data extracted on 13 April 2021.",,,Quintile 1 (poorest),Lower secondary education,"United Kingdom of Great Britain and Northern Ireland EU-SILC 2014. World Inequality Database on Education (WIDE), June 2019. Data extracted on 13 April 2021.",,,100.0
2014,"United Kingdom of Great Britain and Northern Ireland EU-SILC 2014. World Inequality Database on Education (WIDE), June 2019. Data extracted on 13 April 2021.",,,Quintile 1 (poorest),Lower secondary education,"United Kingdom of Great Britain and Northern Ireland EU-SILC 2014. World Inequality Database on Education (WIDE), June 2019. Data extracted on 13 April 2021.",,,100.0
2005,"United Kingdom of Great Britain and Northern Ireland EU-SILC 2005. World Inequality Database on Education (WIDE), June 2019. Data extracted on 13 April 2021.",,,Quintile 1 (poorest),Upper secondary education,"United Kingdom of Great Britain and Northern Ireland EU-SILC 2013. World Inequality Database on Education (WIDE), June 2019. Data extracted on 13 April 2021.",,,86.0
2011,"United Kingdom of Great Britain and Northern Ireland EU-SILC 2011. World Inequality Database on Education (WIDE), June 2019. Data extracted on 13 April 2021.",,,Quintile 1 (poorest),Upper secondary education,"United Kingdom of Great Britain and Northern Ireland EU-SILC 2013. World Inequality Database on Education (WIDE), June 2019. Data extracted on 13 April 2021.",,,91.27
2013,"United Kingdom of Great Britain and Northern Ireland EU-SILC 2013. World Inequality Database on Education (WIDE), June 2019. Data extracted on 13 April 2021.",,,Quintile 1 (poorest),Upper secondary education,"United Kingdom of Great Britain and Northern Ireland EU-SILC 2013. World Inequality Database on Education (WIDE), June 2019. Data extracted on 13 April 2021.",,,94.06
2005,"United Kingdom of Great Britain and Northern Ireland EU-SILC 2005. World Inequality Database on Education (WIDE), June 2019. Data extracted on 13 April 2021.",,,Quintile 2,Lower secondary education,"United Kingdom of Great Britain and Northern Ireland EU-SILC 2014. World Inequality Database on Education (WIDE), June 2019. Data extracted on 13 April 2021.",,,100.0
2011,"United Kingdom of Great Britain and Northern Ireland EU-SILC 2011. World Inequality Database on Education (WIDE), June 2019. Data extracted on 13 April 2021.",,,Quintile 2,Lower secondary education,"United Kingdom of Great Britain and Northern Ireland EU-SILC 2014. World Inequality Database on Education (WIDE), June 2019. Data extracted on 13 April 2021.",,,100.0
2013,"United Kingdom of Great Britain and Northern Ireland EU-SILC 2013. World Inequality Database on Education (WIDE), June 2019. Data extracted on 13 April 2021.",,,Quintile 2,Lower secondary education,"United Kingdom of Great Britain and Northern Ireland EU-SILC 2014. World Inequality Database on Education (WIDE), June 2019. Data extracted on 13 April 2021.",,,100.0
2014,"United Kingdom of Great Britain and Northern Ireland EU-SILC 2014. World Inequality Database on Education (WIDE), June 2019. Data extracted on 13 April 2021.",,,Quintile 2,Lower secondary education,"United Kingdom of Great Britain and Northern Ireland EU-SILC 2014. World Inequality Database on Education (WIDE), June 2019. Data extracted on 13 April 2021.",,,100.0
2005,"United Kingdom of Great Britain and Northern Ireland EU-SILC 2005. World Inequality Database on Education (WIDE), June 2019. Data extracted on 13 April 2021.",,,Quintile 2,Upper secondary education,"United Kingdom of Great Britain and Northern Ireland EU-SILC 2013. World Inequality Database on Education (WIDE), June 2019. Data extracted on 13 April 2021.",,,94.19
2011,"United Kingdom of Great Britain and Northern Ireland EU-SILC 2011. World Inequality Database on Education (WIDE), June 2019. Data extracted on 13 April 2021.",,,Quintile 2,Upper secondary education,"United Kingdom of Great Britain and Northern Ireland EU-SILC 2013. World Inequality Database on Education (WIDE), June 2019. Data extracted on 13 April 2021.",,,88.87
2013,"United Kingdom of Great Britain and Northern Ireland EU-SILC 2013. World Inequality Database on Education (WIDE), June 2019. Data extracted on 13 April 2021.",,,Quintile 2,Upper secondary education,"United Kingdom of Great Britain and Northern Ireland EU-SILC 2013. World Inequality Database on Education (WIDE), June 2019. Data extracted on 13 April 2021.",,,88.27
2005,"United Kingdom of Great Britain and Northern Ireland EU-SILC 2005. World Inequality Database on Education (WIDE), June 2019. Data extracted on 13 April 2021.",,,Quintile 3,Lower secondary education,"United Kingdom of Great Britain and Northern Ireland EU-SILC 2014. World Inequality Database on Education (WIDE), June 2019. Data extracted on 13 April 2021.",,,100.0
2011,"United Kingdom of Great Britain and Northern Ireland EU-SILC 2011. World Inequality Database on Education (WIDE), June 2019. Data extracted on 13 April 2021.",,,Quintile 3,Lower secondary education,"United Kingdom of Great Britain and Northern Ireland EU-SILC 2014. World Inequality Database on Education (WIDE), June 2019. Data extracted on 13 April 2021.",,,100.0
2013,"United Kingdom of Great Britain and Northern Ireland EU-SILC 2013. World Inequality Database on Education (WIDE), June 2019. Data extracted on 13 April 2021.",,,Quintile 3,Lower secondary education,"United Kingdom of Great Britain and Northern Ireland EU-SILC 2014. World Inequality Database on Education (WIDE), June 2019. Data extracted on 13 April 2021.",,,100.0
2014,"United Kingdom of Great Britain and Northern Ireland EU-SILC 2014. World Inequality Database on Education (WIDE), June 2019. Data extracted on 13 April 2021.",,,Quintile 3,Lower secondary education,"United Kingdom of Great Britain and Northern Ireland EU-SILC 2014. World Inequality Database on Education (WIDE), June 2019. Data extracted on 13 April 2021.",,,100.0
2005,"United Kingdom of Great Britain and Northern Ireland EU-SILC 2005. World Inequality Database on Education (WIDE), June 2019. Data extracted on 13 April 2021.",,,Quintile 3,Upper secondary education,"United Kingdom of Great Britain and Northern Ireland EU-SILC 2013. World Inequality Database on Education (WIDE), June 2019. Data extracted on 13 April 2021.",,,89.65
2011,"United Kingdom of Great Britain and Northern Ireland EU-SILC 2011. World Inequality Database on Education (WIDE), June 2019. Data extracted on 13 April 2021.",,,Quintile 3,Upper secondary education,"United Kingdom of Great Britain and Northern Ireland EU-SILC 2013. World Inequality Database on Education (WIDE), June 2019. Data extracted on 13 April 2021.",,,90.66
2013,"United Kingdom of Great Britain and Northern Ireland EU-SILC 2013. World Inequality Database on Education (WIDE), June 2019. Data extracted on 13 April 2021.",,,Quintile 3,Upper secondary education,"United Kingdom of Great Britain and Northern Ireland EU-SILC 2013. World Inequality Database on Education (WIDE), June 2019. Data extracted on 13 April 2021.",,,88.32
2005,"United Kingdom of Great Britain and Northern Ireland EU-SILC 2005. World Inequality Database on Education (WIDE), June 2019. Data extracted on 13 April 2021.",,,Quintile 4,Lower secondary education,"United Kingdom of Great Britain and Northern Ireland EU-SILC 2014. World Inequality Database on Education (WIDE), June 2019. Data extracted on 13 April 2021.",,,100.0
2011,"United Kingdom of Great Britain and Northern Ireland EU-SILC 2011. World Inequality Database on Education (WIDE), June 2019. Data extracted on 13 April 2021.",,,Quintile 4,Lower secondary education,"United Kingdom of Great Britain and Northern Ireland EU-SILC 2014. World Inequality Database on Education (WIDE), June 2019. Data extracted on 13 April 2021.",,,100.0
2013,"United Kingdom of Great Britain and Northern Ireland EU-SILC 2013. World Inequality Database on Education (WIDE), June 2019. Data extracted on 13 April 2021.",,,Quintile 4,Lower secondary education,"United Kingdom of Great Britain and Northern Ireland EU-SILC 2014. World Inequality Database on Education (WIDE), June 2019. Data extracted on 13 April 2021.",,,100.0
2014,"United Kingdom of Great Britain and Northern Ireland EU-SILC 2014. World Inequality Database on Education (WIDE), June 2019. Data extracted on 13 April 2021.",,,Quintile 4,Lower secondary education,"United Kingdom of Great Britain and Northern Ireland EU-SILC 2014. World Inequality Database on Education (WIDE), June 2019. Data extracted on 13 April 2021.",,,100.0
2005,"United Kingdom of Great Britain and Northern Ireland EU-SILC 2005. World Inequality Database on Education (WIDE), June 2019. Data extracted on 13 April 2021.",,,Quintile 4,Upper secondary education,"United Kingdom of Great Britain and Northern Ireland EU-SILC 2013. World Inequality Database on Education (WIDE), June 2019. Data extracted on 13 April 2021.",,,95.46
2011,"United Kingdom of Great Britain and Northern Ireland EU-SILC 2011. World Inequality Database on Education (WIDE), June 2019. Data extracted on 13 April 2021.",,,Quintile 4,Upper secondary education,"United Kingdom of Great Britain and Northern Ireland EU-SILC 2013. World Inequality Database on Education (WIDE), June 2019. Data extracted on 13 April 2021.",,,97.13
2013,"United Kingdom of Great Britain and Northern Ireland EU-SILC 2013. World Inequality Database on Education (WIDE), June 2019. Data extracted on 13 April 2021.",,,Quintile 4,Upper secondary education,"United Kingdom of Great Britain and Northern Ireland EU-SILC 2013. World Inequality Database on Education (WIDE), June 2019. Data extracted on 13 April 2021.",,,97.09
2005,"United Kingdom of Great Britain and Northern Ireland EU-SILC 2005. World Inequality Database on Education (WIDE), June 2019. Data extracted on 13 April 2021.",,,Quintile 5 (richest),Lower secondary education,"United Kingdom of Great Britain and Northern Ireland EU-SILC 2014. World Inequality Database on Education (WIDE), June 2019. Data extracted on 13 April 2021.",,,100.0
2011,"United Kingdom of Great Britain and Northern Ireland EU-SILC 2011. World Inequality Database on Education (WIDE), June 2019. Data extracted on 13 April 2021.",,,Quintile 5 (richest),Lower secondary education,"United Kingdom of Great Britain and Northern Ireland EU-SILC 2014. World Inequality Database on Education (WIDE), June 2019. Data extracted on 13 April 2021.",,,100.0
2013,"United Kingdom of Great Britain and Northern Ireland EU-SILC 2013. World Inequality Database on Education (WIDE), June 2019. Data extracted on 13 April 2021.",,,Quintile 5 (richest),Lower secondary education,"United Kingdom of Great Britain and Northern Ireland EU-SILC 2014. World Inequality Database on Education (WIDE), June 2019. Data extracted on 13 April 2021.",,,100.0
2014,"United Kingdom of Great Britain and Northern Ireland EU-SILC 2014. World Inequality Database on Education (WIDE), June 2019. Data extracted on 13 April 2021.",,,Quintile 5 (richest),Lower secondary education,"United Kingdom of Great Britain and Northern Ireland EU-SILC 2014. World Inequality Database on Education (WIDE), June 2019. Data extracted on 13 April 2021.",,,100.0
2005,"United Kingdom of Great Britain and Northern Ireland EU-SILC 2005. World Inequality Database on Education (WIDE), June 2019. Data extracted on 13 April 2021.",,,Quintile 5 (richest),Upper secondary education,"United Kingdom of Great Britain and Northern Ireland EU-SILC 2013. World Inequality Database on Education (WIDE), June 2019. Data extracted on 13 April 2021.",,,94.83
2011,"United Kingdom of Great Britain and Northern Ireland EU-SILC 2011. World Inequality Database on Education (WIDE), June 2019. Data extracted on 13 April 2021.",,,Quintile 5 (richest),Upper secondary education,"United Kingdom of Great Britain and Northern Ireland EU-SILC 2013. World Inequality Database on Education (WIDE), June 2019. Data extracted on 13 April 2021.",,,98.94
2013,"United Kingdom of Great Britain and Northern Ireland EU-SILC 2013. World Inequality Database on Education (WIDE), June 2019. Data extracted on 13 April 2021.",,,Quintile 5 (richest),Upper secondary education,"United Kingdom of Great Britain and Northern Ireland EU-SILC 2013. World Inequality Database on Education (WIDE), June 2019. Data extracted on 13 April 2021.",,,99.13
2005,"United Kingdom of Great Britain and Northern Ireland EU-SILC 2005. World Inequality Database on Education (WIDE), June 2019.;Value suppressed (less than 25 unweighted observations in sample). Data extracted on 13 April 2021.",,Rural,,Lower secondary education,"United Kingdom of Great Britain and Northern Ireland EU-SILC 2014. World Inequality Database on Education (WIDE), June 2019. Data extracted on 13 April 2021.",Obs_Value = 0;  This data point is NOT APPLICABLE for the submitting nation.,Obs_Value = 0;  This data point is NOT APPLICABLE for the submitting nation.,0.0
2011,"United Kingdom of Great Britain and Northern Ireland EU-SILC 2011. World Inequality Database on Education (WIDE), June 2019. Data extracted on 13 April 2021.",,Rural,,Lower secondary education,"United Kingdom of Great Britain and Northern Ireland EU-SILC 2014. World Inequality Database on Education (WIDE), June 2019. Data extracted on 13 April 2021.",,Obs_Value = 0;  This data point is NOT APPLICABLE for the submitting nation.,100.0
2013,"United Kingdom of Great Britain and Northern Ireland EU-SILC 2013. World Inequality Database on Education (WIDE), June 2019. Data extracted on 13 April 2021.",,Rural,,Lower secondary education,"United Kingdom of Great Britain and Northern Ireland EU-SILC 2014. World Inequality Database on Education (WIDE), June 2019. Data extracted on 13 April 2021.",,Obs_Value = 0;  This data point is NOT APPLICABLE for the submitting nation.,100.0
2014,"United Kingdom of Great Britain and Northern Ireland EU-SILC 2014. World Inequality Database on Education (WIDE), June 2019. Data extracted on 13 April 2021.",,Rural,,Lower secondary education,"United Kingdom of Great Britain and Northern Ireland EU-SILC 2014. World Inequality Database on Education (WIDE), June 2019. Data extracted on 13 April 2021.",,Obs_Value = 0;  This data point is NOT APPLICABLE for the submitting nation.,100.0
2005,"United Kingdom of Great Britain and Northern Ireland EU-SILC 2005. World Inequality Database on Education (WIDE), June 2019.;Value suppressed (less than 25 unweighted observations in sample). Data extracted on 13 April 2021.",,Rural,,Upper secondary education,"United Kingdom of Great Britain and Northern Ireland EU-SILC 2013. World Inequality Database on Education (WIDE), June 2019. Data extracted on 13 April 2021.",Obs_Value = 0;  This data point is NOT APPLICABLE for the submitting nation.,Obs_Value = 0;  This data point is NOT APPLICABLE for the submitting nation.,0.0
2011,"United Kingdom of Great Britain and Northern Ireland EU-SILC 2011. World Inequality Database on Education (WIDE), June 2019. Data extracted on 13 April 2021.",,Rural,,Upper secondary education,"United Kingdom of Great Britain and Northern Ireland EU-SILC 2013. World Inequality Database on Education (WIDE), June 2019. Data extracted on 13 April 2021.",,Obs_Value = 0;  This data point is NOT APPLICABLE for the submitting nation.,92.18
2013,"United Kingdom of Great Britain and Northern Ireland EU-SILC 2013. World Inequality Database on Education (WIDE), June 2019. Data extracted on 13 April 2021.",,Rural,,Upper secondary education,"United Kingdom of Great Britain and Northern Ireland EU-SILC 2013. World Inequality Database on Education (WIDE), June 2019. Data extracted on 13 April 2021.",,Obs_Value = 0;  This data point is NOT APPLICABLE for the submitting nation.,93.38
2005,"United Kingdom of Great Britain and Northern Ireland EU-SILC 2005. World Inequality Database on Education (WIDE), June 2019. Data extracted on 13 April 2021.",,Urban,,Lower secondary education,"United Kingdom of Great Britain and Northern Ireland EU-SILC 2014. World Inequality Database on Education (WIDE), June 2019. Data extracted on 13 April 2021.",,,100.0
2011,"United Kingdom of Great Britain and Northern Ireland EU-SILC 2011. World Inequality Database on Education (WIDE), June 2019. Data extracted on 13 April 2021.",,Urban,,Lower secondary education,"United Kingdom of Great Britain and Northern Ireland EU-SILC 2014. World Inequality Database on Education (WIDE), June 2019. Data extracted on 13 April 2021.",,,100.0
2013,"United Kingdom of Great Britain and Northern Ireland EU-SILC 2013. World Inequality Database on Education (WIDE), June 2019. Data extracted on 13 April 2021.",,Urban,,Lower secondary education,"United Kingdom of Great Britain and Northern Ireland EU-SILC 2014. World Inequality Database on Education (WIDE), June 2019. Data extracted on 13 April 2021.",,,100.0
2014,"United Kingdom of Great Britain and Northern Ireland EU-SILC 2014. World Inequality Database on Education (WIDE), June 2019. Data extracted on 13 April 2021.",,Urban,,Lower secondary education,"United Kingdom of Great Britain and Northern Ireland EU-SILC 2014. World Inequality Database on Education (WIDE), June 2019. Data extracted on 13 April 2021.",,,100.0
2005,"United Kingdom of Great Britain and Northern Ireland EU-SILC 2005. World Inequality Database on Education (WIDE), June 2019. Data extracted on 13 April 2021.",,Urban,,Upper secondary education,"United Kingdom of Great Britain and Northern Ireland EU-SILC 2013. World Inequality Database on Education (WIDE), June 2019. Data extracted on 13 April 2021.",,,90.17
2011,"United Kingdom of Great Britain and Northern Ireland EU-SILC 2011. World Inequality Database on Education (WIDE), June 2019. Data extracted on 13 April 2021.",,Urban,,Upper secondary education,"United Kingdom of Great Britain and Northern Ireland EU-SILC 2013. World Inequality Database on Education (WIDE), June 2019. Data extracted on 13 April 2021.",,,93.43
2013,"United Kingdom of Great Britain and Northern Ireland EU-SILC 2013. World Inequality Database on Education (WIDE), June 2019. Data extracted on 13 April 2021.",,Urban,,Upper secondary education,"United Kingdom of Great Britain and Northern Ireland EU-SILC 2013. World Inequality Database on Education (WIDE), June 2019. Data extracted on 13 April 2021.",,,93.67
2005,"United Kingdom of Great Britain and Northern Ireland EU-SILC 2005. World Inequality Database on Education (WIDE), June 2019. Data extracted on 13 April 2021.",Female,,,Lower secondary education,"United Kingdom of Great Britain and Northern Ireland EU-SILC 2014. World Inequality Database on Education (WIDE), June 2019. Data extracted on 13 April 2021.",,,100.0
2011,"United Kingdom of Great Britain and Northern Ireland EU-SILC 2011. World Inequality Database on Education (WIDE), June 2019. Data extracted on 13 April 2021.",Female,,,Lower secondary education,"United Kingdom of Great Britain and Northern Ireland EU-SILC 2014. World Inequality Database on Education (WIDE), June 2019. Data extracted on 13 April 2021.",,,100.0
2013,"United Kingdom of Great Britain and Northern Ireland EU-SILC 2013. World Inequality Database on Education (WIDE), June 2019. Data extracted on 13 April 2021.",Female,,,Lower secondary education,"United Kingdom of Great Britain and Northern Ireland EU-SILC 2014. World Inequality Database on Education (WIDE), June 2019. Data extracted on 13 April 2021.",,,100.0
2014,"United Kingdom of Great Britain and Northern Ireland EU-SILC 2014. World Inequality Database on Education (WIDE), June 2019. Data extracted on 13 April 2021.",Female,,,Lower secondary education,"United Kingdom of Great Britain and Northern Ireland EU-SILC 2014. World Inequality Database on Education (WIDE), June 2019. Data extracted on 13 April 2021.",,,100.0
2005,"United Kingdom of Great Britain and Northern Ireland EU-SILC 2005. World Inequality Database on Education (WIDE), June 2019. Data extracted on 13 April 2021.",Female,,,Upper secondary education,"United Kingdom of Great Britain and Northern Ireland EU-SILC 2013. World Inequality Database on Education (WIDE), June 2019. Data extracted on 13 April 2021.",,,92.43
2011,"United Kingdom of Great Britain and Northern Ireland EU-SILC 2011. World Inequality Database on Education (WIDE), June 2019. Data extracted on 13 April 2021.",Female,,,Upper secondary education,"United Kingdom of Great Britain and Northern Ireland EU-SILC 2013. World Inequality Database on Education (WIDE), June 2019. Data extracted on 13 April 2021.",,,93.78
2013,"United Kingdom of Great Britain and Northern Ireland EU-SILC 2013. World Inequality Database on Education (WIDE), June 2019. Data extracted on 13 April 2021.",Female,,,Upper secondary education,"United Kingdom of Great Britain and Northern Ireland EU-SILC 2013. World Inequality Database on Education (WIDE), June 2019. Data extracted on 13 April 2021.",,,97.08
2005,"United Kingdom of Great Britain and Northern Ireland EU-SILC 2005. World Inequality Database on Education (WIDE), June 2019. Data extracted on 13 April 2021.",Male,,,Lower secondary education,"United Kingdom of Great Britain and Northern Ireland EU-SILC 2014. World Inequality Database on Education (WIDE), June 2019. Data extracted on 13 April 2021.",,,100.0
2011,"United Kingdom of Great Britain and Northern Ireland EU-SILC 2011. World Inequality Database on Education (WIDE), June 2019. Data extracted on 13 April 2021.",Male,,,Lower secondary education,"United Kingdom of Great Britain and Northern Ireland EU-SILC 2014. World Inequality Database on Education (WIDE), June 2019. Data extracted on 13 April 2021.",,,100.0
2013,"United Kingdom of Great Britain and Northern Ireland EU-SILC 2013. World Inequality Database on Education (WIDE), June 2019. Data extracted on 13 April 2021.",Male,,,Lower secondary education,"United Kingdom of Great Britain and Northern Ireland EU-SILC 2014. World Inequality Database on Education (WIDE), June 2019. Data extracted on 13 April 2021.",,,100.0
2014,"United Kingdom of Great Britain and Northern Ireland EU-SILC 2014. World Inequality Database on Education (WIDE), June 2019. Data extracted on 13 April 2021.",Male,,,Lower secondary education,"United Kingdom of Great Britain and Northern Ireland EU-SILC 2014. World Inequality Database on Education (WIDE), June 2019. Data extracted on 13 April 2021.",,,100.0
2005,"United Kingdom of Great Britain and Northern Ireland EU-SILC 2005. World Inequality Database on Education (WIDE), June 2019. Data extracted on 13 April 2021.",Male,,,Upper secondary education,"United Kingdom of Great Britain and Northern Ireland EU-SILC 2013. World Inequality Database on Education (WIDE), June 2019. Data extracted on 13 April 2021.",,,90.21
2011,"United Kingdom of Great Britain and Northern Ireland EU-SILC 2011. World Inequality Database on Education (WIDE), June 2019. Data extracted on 13 April 2021.",Male,,,Upper secondary education,"United Kingdom of Great Britain and Northern Ireland EU-SILC 2013. World Inequality Database on Education (WIDE), June 2019. Data extracted on 13 April 2021.",,,92.81
2013,"United Kingdom of Great Britain and Northern Ireland EU-SILC 2013. World Inequality Database on Education (WIDE), June 2019. Data extracted on 13 April 2021.",Male,,,Upper secondary education,"United Kingdom of Great Britain and Northern Ireland EU-SILC 2013. World Inequality Database on Education (WIDE), June 2019. Data extracted on 13 April 2021.",,,90.71
