Year,SOURCE_DETAIL,SEX,URBANISATION,INCOME_WEALTH_QUANTILE,EDUCATION_LEV,COMMENT_OBS,Value
2005,"United Kingdom of Great Britain and Northern Ireland EU-SILC 2014. World Inequality Database on Education (WIDE), June 2019. Data extracted on 13 April 2021.",,,,ISCED11_2,,100.0
2011,"United Kingdom of Great Britain and Northern Ireland EU-SILC 2014. World Inequality Database on Education (WIDE), June 2019. Data extracted on 13 April 2021.",,,,ISCED11_2,,100.0
2013,"United Kingdom of Great Britain and Northern Ireland EU-SILC 2014. World Inequality Database on Education (WIDE), June 2019. Data extracted on 13 April 2021.",,,,ISCED11_2,,100.0
2014,"United Kingdom of Great Britain and Northern Ireland EU-SILC 2014. World Inequality Database on Education (WIDE), June 2019. Data extracted on 13 April 2021.",,,,ISCED11_2,,100.0
2005,"United Kingdom of Great Britain and Northern Ireland EU-SILC 2013. World Inequality Database on Education (WIDE), June 2019. Data extracted on 13 April 2021.",,,,ISCED11_3,,91.39
2011,"United Kingdom of Great Britain and Northern Ireland EU-SILC 2013. World Inequality Database on Education (WIDE), June 2019. Data extracted on 13 April 2021.",,,,ISCED11_3,,93.29
2013,"United Kingdom of Great Britain and Northern Ireland EU-SILC 2013. World Inequality Database on Education (WIDE), June 2019. Data extracted on 13 April 2021.",,,,ISCED11_3,,93.64
2005,"United Kingdom of Great Britain and Northern Ireland EU-SILC 2014. World Inequality Database on Education (WIDE), June 2019. Data extracted on 13 April 2021.",,,Q1,ISCED11_2,,100.0
2011,"United Kingdom of Great Britain and Northern Ireland EU-SILC 2014. World Inequality Database on Education (WIDE), June 2019. Data extracted on 13 April 2021.",,,Q1,ISCED11_2,,100.0
2013,"United Kingdom of Great Britain and Northern Ireland EU-SILC 2014. World Inequality Database on Education (WIDE), June 2019. Data extracted on 13 April 2021.",,,Q1,ISCED11_2,,100.0
2014,"United Kingdom of Great Britain and Northern Ireland EU-SILC 2014. World Inequality Database on Education (WIDE), June 2019. Data extracted on 13 April 2021.",,,Q1,ISCED11_2,,100.0
2005,"United Kingdom of Great Britain and Northern Ireland EU-SILC 2013. World Inequality Database on Education (WIDE), June 2019. Data extracted on 13 April 2021.",,,Q1,ISCED11_3,,86.0
2011,"United Kingdom of Great Britain and Northern Ireland EU-SILC 2013. World Inequality Database on Education (WIDE), June 2019. Data extracted on 13 April 2021.",,,Q1,ISCED11_3,,91.27
2013,"United Kingdom of Great Britain and Northern Ireland EU-SILC 2013. World Inequality Database on Education (WIDE), June 2019. Data extracted on 13 April 2021.",,,Q1,ISCED11_3,,94.06
2005,"United Kingdom of Great Britain and Northern Ireland EU-SILC 2014. World Inequality Database on Education (WIDE), June 2019. Data extracted on 13 April 2021.",,,Q2,ISCED11_2,,100.0
2011,"United Kingdom of Great Britain and Northern Ireland EU-SILC 2014. World Inequality Database on Education (WIDE), June 2019. Data extracted on 13 April 2021.",,,Q2,ISCED11_2,,100.0
2013,"United Kingdom of Great Britain and Northern Ireland EU-SILC 2014. World Inequality Database on Education (WIDE), June 2019. Data extracted on 13 April 2021.",,,Q2,ISCED11_2,,100.0
2014,"United Kingdom of Great Britain and Northern Ireland EU-SILC 2014. World Inequality Database on Education (WIDE), June 2019. Data extracted on 13 April 2021.",,,Q2,ISCED11_2,,100.0
2005,"United Kingdom of Great Britain and Northern Ireland EU-SILC 2013. World Inequality Database on Education (WIDE), June 2019. Data extracted on 13 April 2021.",,,Q2,ISCED11_3,,94.19
2011,"United Kingdom of Great Britain and Northern Ireland EU-SILC 2013. World Inequality Database on Education (WIDE), June 2019. Data extracted on 13 April 2021.",,,Q2,ISCED11_3,,88.87
2013,"United Kingdom of Great Britain and Northern Ireland EU-SILC 2013. World Inequality Database on Education (WIDE), June 2019. Data extracted on 13 April 2021.",,,Q2,ISCED11_3,,88.27
2005,"United Kingdom of Great Britain and Northern Ireland EU-SILC 2014. World Inequality Database on Education (WIDE), June 2019. Data extracted on 13 April 2021.",,,Q3,ISCED11_2,,100.0
2011,"United Kingdom of Great Britain and Northern Ireland EU-SILC 2014. World Inequality Database on Education (WIDE), June 2019. Data extracted on 13 April 2021.",,,Q3,ISCED11_2,,100.0
2013,"United Kingdom of Great Britain and Northern Ireland EU-SILC 2014. World Inequality Database on Education (WIDE), June 2019. Data extracted on 13 April 2021.",,,Q3,ISCED11_2,,100.0
2014,"United Kingdom of Great Britain and Northern Ireland EU-SILC 2014. World Inequality Database on Education (WIDE), June 2019. Data extracted on 13 April 2021.",,,Q3,ISCED11_2,,100.0
2005,"United Kingdom of Great Britain and Northern Ireland EU-SILC 2013. World Inequality Database on Education (WIDE), June 2019. Data extracted on 13 April 2021.",,,Q3,ISCED11_3,,89.65
2011,"United Kingdom of Great Britain and Northern Ireland EU-SILC 2013. World Inequality Database on Education (WIDE), June 2019. Data extracted on 13 April 2021.",,,Q3,ISCED11_3,,90.66
2013,"United Kingdom of Great Britain and Northern Ireland EU-SILC 2013. World Inequality Database on Education (WIDE), June 2019. Data extracted on 13 April 2021.",,,Q3,ISCED11_3,,88.32
2005,"United Kingdom of Great Britain and Northern Ireland EU-SILC 2014. World Inequality Database on Education (WIDE), June 2019. Data extracted on 13 April 2021.",,,Q4,ISCED11_2,,100.0
2011,"United Kingdom of Great Britain and Northern Ireland EU-SILC 2014. World Inequality Database on Education (WIDE), June 2019. Data extracted on 13 April 2021.",,,Q4,ISCED11_2,,100.0
2013,"United Kingdom of Great Britain and Northern Ireland EU-SILC 2014. World Inequality Database on Education (WIDE), June 2019. Data extracted on 13 April 2021.",,,Q4,ISCED11_2,,100.0
2014,"United Kingdom of Great Britain and Northern Ireland EU-SILC 2014. World Inequality Database on Education (WIDE), June 2019. Data extracted on 13 April 2021.",,,Q4,ISCED11_2,,100.0
2005,"United Kingdom of Great Britain and Northern Ireland EU-SILC 2013. World Inequality Database on Education (WIDE), June 2019. Data extracted on 13 April 2021.",,,Q4,ISCED11_3,,95.46
2011,"United Kingdom of Great Britain and Northern Ireland EU-SILC 2013. World Inequality Database on Education (WIDE), June 2019. Data extracted on 13 April 2021.",,,Q4,ISCED11_3,,97.13
2013,"United Kingdom of Great Britain and Northern Ireland EU-SILC 2013. World Inequality Database on Education (WIDE), June 2019. Data extracted on 13 April 2021.",,,Q4,ISCED11_3,,97.09
2005,"United Kingdom of Great Britain and Northern Ireland EU-SILC 2014. World Inequality Database on Education (WIDE), June 2019. Data extracted on 13 April 2021.",,,Q5,ISCED11_2,,100.0
2011,"United Kingdom of Great Britain and Northern Ireland EU-SILC 2014. World Inequality Database on Education (WIDE), June 2019. Data extracted on 13 April 2021.",,,Q5,ISCED11_2,,100.0
2013,"United Kingdom of Great Britain and Northern Ireland EU-SILC 2014. World Inequality Database on Education (WIDE), June 2019. Data extracted on 13 April 2021.",,,Q5,ISCED11_2,,100.0
2014,"United Kingdom of Great Britain and Northern Ireland EU-SILC 2014. World Inequality Database on Education (WIDE), June 2019. Data extracted on 13 April 2021.",,,Q5,ISCED11_2,,100.0
2005,"United Kingdom of Great Britain and Northern Ireland EU-SILC 2013. World Inequality Database on Education (WIDE), June 2019. Data extracted on 13 April 2021.",,,Q5,ISCED11_3,,94.83
2011,"United Kingdom of Great Britain and Northern Ireland EU-SILC 2013. World Inequality Database on Education (WIDE), June 2019. Data extracted on 13 April 2021.",,,Q5,ISCED11_3,,98.94
2013,"United Kingdom of Great Britain and Northern Ireland EU-SILC 2013. World Inequality Database on Education (WIDE), June 2019. Data extracted on 13 April 2021.",,,Q5,ISCED11_3,,99.13
2005,"United Kingdom of Great Britain and Northern Ireland EU-SILC 2014. World Inequality Database on Education (WIDE), June 2019. Data extracted on 13 April 2021.",,R,,ISCED11_2,Obs_Value = 0;  This data point is NOT APPLICABLE for the submitting nation.,0.0
2011,"United Kingdom of Great Britain and Northern Ireland EU-SILC 2014. World Inequality Database on Education (WIDE), June 2019. Data extracted on 13 April 2021.",,R,,ISCED11_2,Obs_Value = 0;  This data point is NOT APPLICABLE for the submitting nation.,100.0
2013,"United Kingdom of Great Britain and Northern Ireland EU-SILC 2014. World Inequality Database on Education (WIDE), June 2019. Data extracted on 13 April 2021.",,R,,ISCED11_2,Obs_Value = 0;  This data point is NOT APPLICABLE for the submitting nation.,100.0
2014,"United Kingdom of Great Britain and Northern Ireland EU-SILC 2014. World Inequality Database on Education (WIDE), June 2019. Data extracted on 13 April 2021.",,R,,ISCED11_2,Obs_Value = 0;  This data point is NOT APPLICABLE for the submitting nation.,100.0
2005,"United Kingdom of Great Britain and Northern Ireland EU-SILC 2013. World Inequality Database on Education (WIDE), June 2019. Data extracted on 13 April 2021.",,R,,ISCED11_3,Obs_Value = 0;  This data point is NOT APPLICABLE for the submitting nation.,0.0
2011,"United Kingdom of Great Britain and Northern Ireland EU-SILC 2013. World Inequality Database on Education (WIDE), June 2019. Data extracted on 13 April 2021.",,R,,ISCED11_3,Obs_Value = 0;  This data point is NOT APPLICABLE for the submitting nation.,92.18
2013,"United Kingdom of Great Britain and Northern Ireland EU-SILC 2013. World Inequality Database on Education (WIDE), June 2019. Data extracted on 13 April 2021.",,R,,ISCED11_3,Obs_Value = 0;  This data point is NOT APPLICABLE for the submitting nation.,93.38
2005,"United Kingdom of Great Britain and Northern Ireland EU-SILC 2014. World Inequality Database on Education (WIDE), June 2019. Data extracted on 13 April 2021.",,U,,ISCED11_2,,100.0
2011,"United Kingdom of Great Britain and Northern Ireland EU-SILC 2014. World Inequality Database on Education (WIDE), June 2019. Data extracted on 13 April 2021.",,U,,ISCED11_2,,100.0
2013,"United Kingdom of Great Britain and Northern Ireland EU-SILC 2014. World Inequality Database on Education (WIDE), June 2019. Data extracted on 13 April 2021.",,U,,ISCED11_2,,100.0
2014,"United Kingdom of Great Britain and Northern Ireland EU-SILC 2014. World Inequality Database on Education (WIDE), June 2019. Data extracted on 13 April 2021.",,U,,ISCED11_2,,100.0
2005,"United Kingdom of Great Britain and Northern Ireland EU-SILC 2013. World Inequality Database on Education (WIDE), June 2019. Data extracted on 13 April 2021.",,U,,ISCED11_3,,90.17
2011,"United Kingdom of Great Britain and Northern Ireland EU-SILC 2013. World Inequality Database on Education (WIDE), June 2019. Data extracted on 13 April 2021.",,U,,ISCED11_3,,93.43
2013,"United Kingdom of Great Britain and Northern Ireland EU-SILC 2013. World Inequality Database on Education (WIDE), June 2019. Data extracted on 13 April 2021.",,U,,ISCED11_3,,93.67
2005,"United Kingdom of Great Britain and Northern Ireland EU-SILC 2014. World Inequality Database on Education (WIDE), June 2019. Data extracted on 13 April 2021.",F,,,ISCED11_2,,100.0
2011,"United Kingdom of Great Britain and Northern Ireland EU-SILC 2014. World Inequality Database on Education (WIDE), June 2019. Data extracted on 13 April 2021.",F,,,ISCED11_2,,100.0
2013,"United Kingdom of Great Britain and Northern Ireland EU-SILC 2014. World Inequality Database on Education (WIDE), June 2019. Data extracted on 13 April 2021.",F,,,ISCED11_2,,100.0
2014,"United Kingdom of Great Britain and Northern Ireland EU-SILC 2014. World Inequality Database on Education (WIDE), June 2019. Data extracted on 13 April 2021.",F,,,ISCED11_2,,100.0
2005,"United Kingdom of Great Britain and Northern Ireland EU-SILC 2013. World Inequality Database on Education (WIDE), June 2019. Data extracted on 13 April 2021.",F,,,ISCED11_3,,92.43
2011,"United Kingdom of Great Britain and Northern Ireland EU-SILC 2013. World Inequality Database on Education (WIDE), June 2019. Data extracted on 13 April 2021.",F,,,ISCED11_3,,93.78
2013,"United Kingdom of Great Britain and Northern Ireland EU-SILC 2013. World Inequality Database on Education (WIDE), June 2019. Data extracted on 13 April 2021.",F,,,ISCED11_3,,97.08
2005,"United Kingdom of Great Britain and Northern Ireland EU-SILC 2014. World Inequality Database on Education (WIDE), June 2019. Data extracted on 13 April 2021.",M,,,ISCED11_2,,100.0
2011,"United Kingdom of Great Britain and Northern Ireland EU-SILC 2014. World Inequality Database on Education (WIDE), June 2019. Data extracted on 13 April 2021.",M,,,ISCED11_2,,100.0
2013,"United Kingdom of Great Britain and Northern Ireland EU-SILC 2014. World Inequality Database on Education (WIDE), June 2019. Data extracted on 13 April 2021.",M,,,ISCED11_2,,100.0
2014,"United Kingdom of Great Britain and Northern Ireland EU-SILC 2014. World Inequality Database on Education (WIDE), June 2019. Data extracted on 13 April 2021.",M,,,ISCED11_2,,100.0
2005,"United Kingdom of Great Britain and Northern Ireland EU-SILC 2013. World Inequality Database on Education (WIDE), June 2019. Data extracted on 13 April 2021.",M,,,ISCED11_3,,90.21
2011,"United Kingdom of Great Britain and Northern Ireland EU-SILC 2013. World Inequality Database on Education (WIDE), June 2019. Data extracted on 13 April 2021.",M,,,ISCED11_3,,92.81
2013,"United Kingdom of Great Britain and Northern Ireland EU-SILC 2013. World Inequality Database on Education (WIDE), June 2019. Data extracted on 13 April 2021.",M,,,ISCED11_3,,90.71
