Year,COMMENT_OBS,SERIES,SEX,AGE,Value
2001,Travel related to unpaid domestic and care work is not included.,SL_DOM_TSPD,F,Y_GE15,14.83477
2015,Travel related to unpaid domestic and care work is not included.,SL_DOM_TSPD,F,Y_GE15,12.65278
2001,Travel related to unpaid domestic and care work is not included.,SL_DOM_TSPD,F,Y_GE65,15.48908
2015,Travel related to unpaid domestic and care work is not included.,SL_DOM_TSPD,F,Y_GE65,13.56408
2001,Travel related to unpaid domestic and care work is not included.,SL_DOM_TSPD,F,Y15T24,7.11165
2015,Travel related to unpaid domestic and care work is not included.,SL_DOM_TSPD,F,Y15T24,5.70642
2001,Travel related to unpaid domestic and care work is not included.,SL_DOM_TSPD,F,Y25T44,17.23488
2015,Travel related to unpaid domestic and care work is not included.,SL_DOM_TSPD,F,Y25T44,15.28516
2001,Travel related to unpaid domestic and care work is not included.,SL_DOM_TSPD,F,Y45T54,14.90383
2015,Travel related to unpaid domestic and care work is not included.,SL_DOM_TSPD,F,Y45T54,11.81233
2001,Travel related to unpaid domestic and care work is not included.,SL_DOM_TSPD,F,Y55T64,16.16135
2015,Travel related to unpaid domestic and care work is not included.,SL_DOM_TSPD,F,Y55T64,12.85204
2001,Travel related to unpaid domestic and care work is not included.,SL_DOM_TSPD,M,Y_GE15,8.14504
2015,Travel related to unpaid domestic and care work is not included.,SL_DOM_TSPD,M,Y_GE15,6.96528
2001,Travel related to unpaid domestic and care work is not included.,SL_DOM_TSPD,M,Y_GE65,11.59789
2015,Travel related to unpaid domestic and care work is not included.,SL_DOM_TSPD,M,Y_GE65,10.41041
2001,Travel related to unpaid domestic and care work is not included.,SL_DOM_TSPD,M,Y15T24,2.77266
2015,Travel related to unpaid domestic and care work is not included.,SL_DOM_TSPD,M,Y15T24,2.41965
2001,Travel related to unpaid domestic and care work is not included.,SL_DOM_TSPD,M,Y25T44,8.33565
2015,Travel related to unpaid domestic and care work is not included.,SL_DOM_TSPD,M,Y25T44,6.86988
2001,Travel related to unpaid domestic and care work is not included.,SL_DOM_TSPD,M,Y45T54,8.15256
2015,Travel related to unpaid domestic and care work is not included.,SL_DOM_TSPD,M,Y45T54,6.61347
2001,Travel related to unpaid domestic and care work is not included.,SL_DOM_TSPD,M,Y55T64,9.65019
2015,Travel related to unpaid domestic and care work is not included.,SL_DOM_TSPD,M,Y55T64,7.50078
2001,Travel related to unpaid care work is not included.,SL_DOM_TSPDCW,F,Y_GE15,3.26808
2015,Travel related to unpaid care work is not included.,SL_DOM_TSPDCW,F,Y_GE15,2.86806
2001,Travel related to unpaid care work is not included.,SL_DOM_TSPDCW,F,Y_GE65,0.71785
2015,Travel related to unpaid care work is not included.,SL_DOM_TSPDCW,F,Y_GE65,0.79613
2001,Travel related to unpaid care work is not included.,SL_DOM_TSPDCW,F,Y15T24,2.58424
2015,Travel related to unpaid care work is not included.,SL_DOM_TSPDCW,F,Y15T24,1.64399
2001,Travel related to unpaid care work is not included.,SL_DOM_TSPDCW,F,Y25T44,6.02911
2015,Travel related to unpaid care work is not included.,SL_DOM_TSPDCW,F,Y25T44,6.21055
2001,Travel related to unpaid care work is not included.,SL_DOM_TSPDCW,F,Y45T54,1.73551
2015,Travel related to unpaid care work is not included.,SL_DOM_TSPDCW,F,Y45T54,1.49709
2001,Travel related to unpaid care work is not included.,SL_DOM_TSPDCW,F,Y55T64,1.62803
2015,Travel related to unpaid care work is not included.,SL_DOM_TSPDCW,F,Y55T64,1.52774
2001,Travel related to unpaid care work is not included.,SL_DOM_TSPDCW,M,Y_GE15,1.45417
2015,Travel related to unpaid care work is not included.,SL_DOM_TSPDCW,M,Y_GE15,1.27083
2001,Travel related to unpaid care work is not included.,SL_DOM_TSPDCW,M,Y_GE65,0.60636
2015,Travel related to unpaid care work is not included.,SL_DOM_TSPDCW,M,Y_GE65,0.83578
2001,Travel related to unpaid care work is not included.,SL_DOM_TSPDCW,M,Y15T24,0.5575
2015,Travel related to unpaid care work is not included.,SL_DOM_TSPDCW,M,Y15T24,0.1832
2001,Travel related to unpaid care work is not included.,SL_DOM_TSPDCW,M,Y25T44,2.66146
2015,Travel related to unpaid care work is not included.,SL_DOM_TSPDCW,M,Y25T44,2.49953
2001,Travel related to unpaid care work is not included.,SL_DOM_TSPDCW,M,Y45T54,0.98205
2015,Travel related to unpaid care work is not included.,SL_DOM_TSPDCW,M,Y45T54,0.89664
2001,Travel related to unpaid care work is not included.,SL_DOM_TSPDCW,M,Y55T64,0.9254
2015,Travel related to unpaid care work is not included.,SL_DOM_TSPDCW,M,Y55T64,0.60416
2001,Travel related to unpaid domestic work is not included.,SL_DOM_TSPDDC,F,Y_GE15,11.56669
2015,Travel related to unpaid domestic work is not included.,SL_DOM_TSPDDC,F,Y_GE15,9.78472
2001,Travel related to unpaid domestic work is not included.,SL_DOM_TSPDDC,F,Y_GE65,14.77123
2015,Travel related to unpaid domestic work is not included.,SL_DOM_TSPDDC,F,Y_GE65,12.76796
2001,Travel related to unpaid domestic work is not included.,SL_DOM_TSPDDC,F,Y15T24,4.5274
2015,Travel related to unpaid domestic work is not included.,SL_DOM_TSPDDC,F,Y15T24,4.06244
2001,Travel related to unpaid domestic work is not included.,SL_DOM_TSPDDC,F,Y25T44,11.20576
2015,Travel related to unpaid domestic work is not included.,SL_DOM_TSPDDC,F,Y25T44,9.07461
2001,Travel related to unpaid domestic work is not included.,SL_DOM_TSPDDC,F,Y45T54,13.16831
2015,Travel related to unpaid domestic work is not included.,SL_DOM_TSPDDC,F,Y45T54,10.31524
2001,Travel related to unpaid domestic work is not included.,SL_DOM_TSPDDC,F,Y55T64,14.53332
2015,Travel related to unpaid domestic work is not included.,SL_DOM_TSPDDC,F,Y55T64,11.32431
2001,Travel related to unpaid domestic work is not included.,SL_DOM_TSPDDC,M,Y_GE15,6.69087
2015,Travel related to unpaid domestic work is not included.,SL_DOM_TSPDDC,M,Y_GE15,5.69444
2001,Travel related to unpaid domestic work is not included.,SL_DOM_TSPDDC,M,Y_GE65,10.99153
2015,Travel related to unpaid domestic work is not included.,SL_DOM_TSPDDC,M,Y_GE65,9.57463
2001,Travel related to unpaid domestic work is not included.,SL_DOM_TSPDDC,M,Y15T24,2.21516
2015,Travel related to unpaid domestic work is not included.,SL_DOM_TSPDDC,M,Y15T24,2.23645
2001,Travel related to unpaid domestic work is not included.,SL_DOM_TSPDDC,M,Y25T44,5.67419
2015,Travel related to unpaid domestic work is not included.,SL_DOM_TSPDDC,M,Y25T44,4.37035
2001,Travel related to unpaid domestic work is not included.,SL_DOM_TSPDDC,M,Y45T54,7.17051
2015,Travel related to unpaid domestic work is not included.,SL_DOM_TSPDDC,M,Y45T54,5.71683
2001,Travel related to unpaid domestic work is not included.,SL_DOM_TSPDDC,M,Y55T64,8.72478
2015,Travel related to unpaid domestic work is not included.,SL_DOM_TSPDDC,M,Y55T64,6.89663
