Year,Occupation unit group,Observation status,Unit multiplier,Value
2017,,Undefined,Units,27.1665963389
2016,,Undefined,Units,40.3886364269982
2015,,Undefined,Units,27.381343598892
2014,,Undefined,Units,27.259968421844
2013,,Undefined,Units,53.1083656436879
2012,,Undefined,Units,26.5986496624156
2017,Managers and proprietors in agriculture and horticulture,Undefined,Units,20.3329740768052
2017,Managers and proprietors in forestry fishing and related services,Undefined,Units,43.7728306568336
2016,Managers and proprietors in agriculture and horticulture,Undefined,Units,23.433461092789
2016,Managers and proprietors in forestry fishing and related services,Undefined,Units,68.7141687141687
2015,Managers and proprietors in agriculture and horticulture,Undefined,Units,15.2234054648122
2015,Managers and proprietors in forestry fishing and related services,Undefined,Units,47.1662041319765
2014,Managers and proprietors in agriculture and horticulture,Undefined,Units,21.3182157986543
2014,Managers and proprietors in forestry fishing and related services,Undefined,Units,51.7250224445299
2013,Managers and proprietors in agriculture and horticulture,Undefined,Units,36.7453041144901
2013,Managers and proprietors in forestry fishing and related services,Undefined,Units,76.4387055635262
2012,Managers and proprietors in agriculture and horticulture,Undefined,Units,24.0260877177624
2012,Managers and proprietors in forestry fishing and related services,Undefined,Units,32.2072716862295
