Year,Observation-level footnotes,SERIES,Sex,COMPOSITE_BREAKDOWN,Value
2000,Repository: ILO calculations based on Eurostat data | Coverage of occupational injuries: Reported injuries,Fatal occupational injuries among employees (rate) [8.8.1],,,0.9
2001,Repository: ILO calculations based on Eurostat data | Coverage of occupational injuries: Reported injuries,Fatal occupational injuries among employees (rate) [8.8.1],,,0.8
2002,Repository: ILO calculations based on Eurostat data | Coverage of occupational injuries: Reported injuries,Fatal occupational injuries among employees (rate) [8.8.1],,,0.7
2003,Repository: ILO calculations based on Eurostat data | Coverage of occupational injuries: Reported injuries,Fatal occupational injuries among employees (rate) [8.8.1],,,0.7
2004,Repository: ILO calculations based on Eurostat data | Coverage of occupational injuries: Reported injuries,Fatal occupational injuries among employees (rate) [8.8.1],,,0.7
2005,Repository: ILO calculations based on Eurostat data | Coverage of occupational injuries: Reported injuries,Fatal occupational injuries among employees (rate) [8.8.1],,,0.6
2006,Repository: ILO calculations based on Eurostat data | Coverage of occupational injuries: Reported injuries,Fatal occupational injuries among employees (rate) [8.8.1],,,0.7
2009,Repository: ILO calculations based on Eurostat data | Coverage of occupational injuries: Reported injuries,Fatal occupational injuries among employees (rate) [8.8.1],,,0.5
2010,Repository: ILO calculations based on Eurostat data | Coverage of occupational injuries: Reported injuries,Fatal occupational injuries among employees (rate) [8.8.1],,,0.5
2011,Repository: ILO calculations based on Eurostat data | Coverage of occupational injuries: Reported injuries,Fatal occupational injuries among employees (rate) [8.8.1],,,0.7
2012,Repository: ILO calculations based on Eurostat data | Coverage of occupational injuries: Reported injuries,Fatal occupational injuries among employees (rate) [8.8.1],,,0.6
2013,Repository: ILO calculations based on Eurostat data | Coverage of occupational injuries: Reported injuries,Fatal occupational injuries among employees (rate) [8.8.1],,,0.9
2014,Repository: ILO calculations based on Eurostat data | Coverage of occupational injuries: Reported injuries,Fatal occupational injuries among employees (rate) [8.8.1],,,0.8
2015,Repository: ILO calculations based on Eurostat data | Coverage of occupational injuries: Reported injuries,Fatal occupational injuries among employees (rate) [8.8.1],,,0.8
2009,Obs_Value = 0.0;  Repository: ILO calculations based on Eurostat data | Coverage of occupational injuries: Reported injuries,Fatal occupational injuries among employees (rate) [8.8.1],,Migrant Status: EU Migrant,0.0
2010,Obs_Value = 0.0;  Repository: ILO calculations based on Eurostat data | Coverage of occupational injuries: Reported injuries,Fatal occupational injuries among employees (rate) [8.8.1],,Migrant Status: EU Migrant,0.0
2011,Obs_Value = 0.0;  Repository: ILO calculations based on Eurostat data | Coverage of occupational injuries: Reported injuries,Fatal occupational injuries among employees (rate) [8.8.1],,Migrant Status: EU Migrant,0.0
2012,Obs_Value = 0.0;  Repository: ILO calculations based on Eurostat data | Coverage of occupational injuries: Reported injuries,Fatal occupational injuries among employees (rate) [8.8.1],,Migrant Status: EU Migrant,0.0
2013,Obs_Value = 0.0;  Repository: ILO calculations based on Eurostat data | Coverage of occupational injuries: Reported injuries,Fatal occupational injuries among employees (rate) [8.8.1],,Migrant Status: EU Migrant,0.0
2014,Obs_Value = 0.0;  Repository: ILO calculations based on Eurostat data | Coverage of occupational injuries: Reported injuries,Fatal occupational injuries among employees (rate) [8.8.1],,Migrant Status: EU Migrant,0.0
2015,Obs_Value = 0.0;  Repository: ILO calculations based on Eurostat data | Coverage of occupational injuries: Reported injuries,Fatal occupational injuries among employees (rate) [8.8.1],,Migrant Status: EU Migrant,0.0
2009,Obs_Value = 0.0;  Repository: ILO calculations based on Eurostat data | Coverage of occupational injuries: Reported injuries,Fatal occupational injuries among employees (rate) [8.8.1],,Migrant Status: Non-migrant,0.0
2010,Obs_Value = 0.0;  Repository: ILO calculations based on Eurostat data | Coverage of occupational injuries: Reported injuries,Fatal occupational injuries among employees (rate) [8.8.1],,Migrant Status: Non-migrant,0.0
2011,Obs_Value = 0.0;  Repository: ILO calculations based on Eurostat data | Coverage of occupational injuries: Reported injuries,Fatal occupational injuries among employees (rate) [8.8.1],,Migrant Status: Non-migrant,0.0
2012,Obs_Value = 0.0;  Repository: ILO calculations based on Eurostat data | Coverage of occupational injuries: Reported injuries,Fatal occupational injuries among employees (rate) [8.8.1],,Migrant Status: Non-migrant,0.0
2013,Obs_Value = 0.0;  Repository: ILO calculations based on Eurostat data | Coverage of occupational injuries: Reported injuries,Fatal occupational injuries among employees (rate) [8.8.1],,Migrant Status: Non-migrant,0.0
2014,Obs_Value = 0.0;  Repository: ILO calculations based on Eurostat data | Coverage of occupational injuries: Reported injuries,Fatal occupational injuries among employees (rate) [8.8.1],,Migrant Status: Non-migrant,0.0
2015,Obs_Value = 0.0;  Repository: ILO calculations based on Eurostat data | Coverage of occupational injuries: Reported injuries,Fatal occupational injuries among employees (rate) [8.8.1],,Migrant Status: Non-migrant,0.0
2009,Obs_Value = 0.0;  Repository: ILO calculations based on Eurostat data | Coverage of occupational injuries: Reported injuries,Fatal occupational injuries among employees (rate) [8.8.1],,Migrant Status: Non-EU Migrant,0.0
2010,Obs_Value = 0.0;  Repository: ILO calculations based on Eurostat data | Coverage of occupational injuries: Reported injuries,Fatal occupational injuries among employees (rate) [8.8.1],,Migrant Status: Non-EU Migrant,0.0
2011,Obs_Value = 0.0;  Repository: ILO calculations based on Eurostat data | Coverage of occupational injuries: Reported injuries,Fatal occupational injuries among employees (rate) [8.8.1],,Migrant Status: Non-EU Migrant,0.0
2012,Obs_Value = 0.0;  Repository: ILO calculations based on Eurostat data | Coverage of occupational injuries: Reported injuries,Fatal occupational injuries among employees (rate) [8.8.1],,Migrant Status: Non-EU Migrant,0.0
2013,Obs_Value = 0.0;  Repository: ILO calculations based on Eurostat data | Coverage of occupational injuries: Reported injuries,Fatal occupational injuries among employees (rate) [8.8.1],,Migrant Status: Non-EU Migrant,0.0
2014,Obs_Value = 0.0;  Repository: ILO calculations based on Eurostat data | Coverage of occupational injuries: Reported injuries,Fatal occupational injuries among employees (rate) [8.8.1],,Migrant Status: Non-EU Migrant,0.2
2015,Obs_Value = 0.0;  Repository: ILO calculations based on Eurostat data | Coverage of occupational injuries: Reported injuries,Fatal occupational injuries among employees (rate) [8.8.1],,Migrant Status: Non-EU Migrant,0.0
2001,Repository: ILO calculations based on Eurostat data | Coverage of occupational injuries: Reported injuries,Fatal occupational injuries among employees (rate) [8.8.1],Female,,0.0
2002,Repository: ILO calculations based on Eurostat data | Coverage of occupational injuries: Reported injuries,Fatal occupational injuries among employees (rate) [8.8.1],Female,,0.1
2003,Repository: ILO calculations based on Eurostat data | Coverage of occupational injuries: Reported injuries,Fatal occupational injuries among employees (rate) [8.8.1],Female,,0.1
2004,Repository: ILO calculations based on Eurostat data | Coverage of occupational injuries: Reported injuries,Fatal occupational injuries among employees (rate) [8.8.1],Female,,0.1
2005,Repository: ILO calculations based on Eurostat data | Coverage of occupational injuries: Reported injuries,Fatal occupational injuries among employees (rate) [8.8.1],Female,,0.1
2006,Repository: ILO calculations based on Eurostat data | Coverage of occupational injuries: Reported injuries,Fatal occupational injuries among employees (rate) [8.8.1],Female,,0.0
2009,Repository: ILO calculations based on Eurostat data | Coverage of occupational injuries: Reported injuries,Fatal occupational injuries among employees (rate) [8.8.1],Female,,0.1
2010,Repository: ILO calculations based on Eurostat data | Coverage of occupational injuries: Reported injuries,Fatal occupational injuries among employees (rate) [8.8.1],Female,,0.1
2011,Repository: ILO calculations based on Eurostat data | Coverage of occupational injuries: Reported injuries,Fatal occupational injuries among employees (rate) [8.8.1],Female,,0.1
2012,Repository: ILO calculations based on Eurostat data | Coverage of occupational injuries: Reported injuries,Fatal occupational injuries among employees (rate) [8.8.1],Female,,0.1
2013,Repository: ILO calculations based on Eurostat data | Coverage of occupational injuries: Reported injuries,Fatal occupational injuries among employees (rate) [8.8.1],Female,,0.2
2014,Repository: ILO calculations based on Eurostat data | Coverage of occupational injuries: Reported injuries,Fatal occupational injuries among employees (rate) [8.8.1],Female,,0.2
2015,Repository: ILO calculations based on Eurostat data | Coverage of occupational injuries: Reported injuries,Fatal occupational injuries among employees (rate) [8.8.1],Female,,0.2
2009,Obs_Value = 0.0;  Repository: ILO calculations based on Eurostat data | Coverage of occupational injuries: Reported injuries,Fatal occupational injuries among employees (rate) [8.8.1],Female,Migrant Status: EU Migrant,0.0
2010,Obs_Value = 0.0;  Repository: ILO calculations based on Eurostat data | Coverage of occupational injuries: Reported injuries,Fatal occupational injuries among employees (rate) [8.8.1],Female,Migrant Status: EU Migrant,0.0
2011,Obs_Value = 0.0;  Repository: ILO calculations based on Eurostat data | Coverage of occupational injuries: Reported injuries,Fatal occupational injuries among employees (rate) [8.8.1],Female,Migrant Status: EU Migrant,0.0
2012,Obs_Value = 0.0;  Repository: ILO calculations based on Eurostat data | Coverage of occupational injuries: Reported injuries,Fatal occupational injuries among employees (rate) [8.8.1],Female,Migrant Status: EU Migrant,0.0
2013,Obs_Value = 0.0;  Repository: ILO calculations based on Eurostat data | Coverage of occupational injuries: Reported injuries,Fatal occupational injuries among employees (rate) [8.8.1],Female,Migrant Status: EU Migrant,0.0
2014,Obs_Value = 0.0;  Repository: ILO calculations based on Eurostat data | Coverage of occupational injuries: Reported injuries,Fatal occupational injuries among employees (rate) [8.8.1],Female,Migrant Status: EU Migrant,0.0
2015,Obs_Value = 0.0;  Repository: ILO calculations based on Eurostat data | Coverage of occupational injuries: Reported injuries,Fatal occupational injuries among employees (rate) [8.8.1],Female,Migrant Status: EU Migrant,0.0
2009,Obs_Value = 0.0;  Repository: ILO calculations based on Eurostat data | Coverage of occupational injuries: Reported injuries,Fatal occupational injuries among employees (rate) [8.8.1],Female,Migrant Status: Non-migrant,0.0
2010,Obs_Value = 0.0;  Repository: ILO calculations based on Eurostat data | Coverage of occupational injuries: Reported injuries,Fatal occupational injuries among employees (rate) [8.8.1],Female,Migrant Status: Non-migrant,0.0
2011,Obs_Value = 0.0;  Repository: ILO calculations based on Eurostat data | Coverage of occupational injuries: Reported injuries,Fatal occupational injuries among employees (rate) [8.8.1],Female,Migrant Status: Non-migrant,0.0
2012,Obs_Value = 0.0;  Repository: ILO calculations based on Eurostat data | Coverage of occupational injuries: Reported injuries,Fatal occupational injuries among employees (rate) [8.8.1],Female,Migrant Status: Non-migrant,0.0
2013,Obs_Value = 0.0;  Repository: ILO calculations based on Eurostat data | Coverage of occupational injuries: Reported injuries,Fatal occupational injuries among employees (rate) [8.8.1],Female,Migrant Status: Non-migrant,0.0
2014,Obs_Value = 0.0;  Repository: ILO calculations based on Eurostat data | Coverage of occupational injuries: Reported injuries,Fatal occupational injuries among employees (rate) [8.8.1],Female,Migrant Status: Non-migrant,0.0
2015,Obs_Value = 0.0;  Repository: ILO calculations based on Eurostat data | Coverage of occupational injuries: Reported injuries,Fatal occupational injuries among employees (rate) [8.8.1],Female,Migrant Status: Non-migrant,0.0
2009,Obs_Value = 0.0;  Repository: ILO calculations based on Eurostat data | Coverage of occupational injuries: Reported injuries,Fatal occupational injuries among employees (rate) [8.8.1],Female,Migrant Status: Non-EU Migrant,0.0
2010,Obs_Value = 0.0;  Repository: ILO calculations based on Eurostat data | Coverage of occupational injuries: Reported injuries,Fatal occupational injuries among employees (rate) [8.8.1],Female,Migrant Status: Non-EU Migrant,0.0
2011,Obs_Value = 0.0;  Repository: ILO calculations based on Eurostat data | Coverage of occupational injuries: Reported injuries,Fatal occupational injuries among employees (rate) [8.8.1],Female,Migrant Status: Non-EU Migrant,0.0
2012,Obs_Value = 0.0;  Repository: ILO calculations based on Eurostat data | Coverage of occupational injuries: Reported injuries,Fatal occupational injuries among employees (rate) [8.8.1],Female,Migrant Status: Non-EU Migrant,0.0
2013,Obs_Value = 0.0;  Repository: ILO calculations based on Eurostat data | Coverage of occupational injuries: Reported injuries,Fatal occupational injuries among employees (rate) [8.8.1],Female,Migrant Status: Non-EU Migrant,0.0
2014,Obs_Value = 0.0;  Repository: ILO calculations based on Eurostat data | Coverage of occupational injuries: Reported injuries,Fatal occupational injuries among employees (rate) [8.8.1],Female,Migrant Status: Non-EU Migrant,0.0
2015,Obs_Value = 0.0;  Repository: ILO calculations based on Eurostat data | Coverage of occupational injuries: Reported injuries,Fatal occupational injuries among employees (rate) [8.8.1],Female,Migrant Status: Non-EU Migrant,0.0
2000,Repository: ILO calculations based on Eurostat data | Coverage of occupational injuries: Reported injuries,Fatal occupational injuries among employees (rate) [8.8.1],Male,,1.6
2001,Repository: ILO calculations based on Eurostat data | Coverage of occupational injuries: Reported injuries,Fatal occupational injuries among employees (rate) [8.8.1],Male,,1.6
2002,Repository: ILO calculations based on Eurostat data | Coverage of occupational injuries: Reported injuries,Fatal occupational injuries among employees (rate) [8.8.1],Male,,1.4
2003,Repository: ILO calculations based on Eurostat data | Coverage of occupational injuries: Reported injuries,Fatal occupational injuries among employees (rate) [8.8.1],Male,,1.3
2004,Repository: ILO calculations based on Eurostat data | Coverage of occupational injuries: Reported injuries,Fatal occupational injuries among employees (rate) [8.8.1],Male,,1.3
2005,Repository: ILO calculations based on Eurostat data | Coverage of occupational injuries: Reported injuries,Fatal occupational injuries among employees (rate) [8.8.1],Male,,1.2
2006,Repository: ILO calculations based on Eurostat data | Coverage of occupational injuries: Reported injuries,Fatal occupational injuries among employees (rate) [8.8.1],Male,,1.4
2009,Repository: ILO calculations based on Eurostat data | Coverage of occupational injuries: Reported injuries,Fatal occupational injuries among employees (rate) [8.8.1],Male,,0.9
2010,Repository: ILO calculations based on Eurostat data | Coverage of occupational injuries: Reported injuries,Fatal occupational injuries among employees (rate) [8.8.1],Male,,0.9
2011,Repository: ILO calculations based on Eurostat data | Coverage of occupational injuries: Reported injuries,Fatal occupational injuries among employees (rate) [8.8.1],Male,,1.2
2012,Repository: ILO calculations based on Eurostat data | Coverage of occupational injuries: Reported injuries,Fatal occupational injuries among employees (rate) [8.8.1],Male,,1.0
2013,Repository: ILO calculations based on Eurostat data | Coverage of occupational injuries: Reported injuries,Fatal occupational injuries among employees (rate) [8.8.1],Male,,1.6
2014,Repository: ILO calculations based on Eurostat data | Coverage of occupational injuries: Reported injuries,Fatal occupational injuries among employees (rate) [8.8.1],Male,,1.4
2015,Repository: ILO calculations based on Eurostat data | Coverage of occupational injuries: Reported injuries,Fatal occupational injuries among employees (rate) [8.8.1],Male,,1.4
2009,Obs_Value = 0.0;  Repository: ILO calculations based on Eurostat data | Coverage of occupational injuries: Reported injuries,Fatal occupational injuries among employees (rate) [8.8.1],Male,Migrant Status: EU Migrant,0.0
2010,Obs_Value = 0.0;  Repository: ILO calculations based on Eurostat data | Coverage of occupational injuries: Reported injuries,Fatal occupational injuries among employees (rate) [8.8.1],Male,Migrant Status: EU Migrant,0.0
2011,Obs_Value = 0.0;  Repository: ILO calculations based on Eurostat data | Coverage of occupational injuries: Reported injuries,Fatal occupational injuries among employees (rate) [8.8.1],Male,Migrant Status: EU Migrant,0.0
2012,Obs_Value = 0.0;  Repository: ILO calculations based on Eurostat data | Coverage of occupational injuries: Reported injuries,Fatal occupational injuries among employees (rate) [8.8.1],Male,Migrant Status: EU Migrant,0.0
2013,Obs_Value = 0.0;  Repository: ILO calculations based on Eurostat data | Coverage of occupational injuries: Reported injuries,Fatal occupational injuries among employees (rate) [8.8.1],Male,Migrant Status: EU Migrant,0.0
2014,Obs_Value = 0.0;  Repository: ILO calculations based on Eurostat data | Coverage of occupational injuries: Reported injuries,Fatal occupational injuries among employees (rate) [8.8.1],Male,Migrant Status: EU Migrant,0.0
2015,Obs_Value = 0.0;  Repository: ILO calculations based on Eurostat data | Coverage of occupational injuries: Reported injuries,Fatal occupational injuries among employees (rate) [8.8.1],Male,Migrant Status: EU Migrant,0.0
2009,Obs_Value = 0.0;  Repository: ILO calculations based on Eurostat data | Coverage of occupational injuries: Reported injuries,Fatal occupational injuries among employees (rate) [8.8.1],Male,Migrant Status: Non-migrant,0.0
2010,Obs_Value = 0.0;  Repository: ILO calculations based on Eurostat data | Coverage of occupational injuries: Reported injuries,Fatal occupational injuries among employees (rate) [8.8.1],Male,Migrant Status: Non-migrant,0.0
2011,Obs_Value = 0.0;  Repository: ILO calculations based on Eurostat data | Coverage of occupational injuries: Reported injuries,Fatal occupational injuries among employees (rate) [8.8.1],Male,Migrant Status: Non-migrant,0.0
2012,Obs_Value = 0.0;  Repository: ILO calculations based on Eurostat data | Coverage of occupational injuries: Reported injuries,Fatal occupational injuries among employees (rate) [8.8.1],Male,Migrant Status: Non-migrant,0.0
2013,Obs_Value = 0.0;  Repository: ILO calculations based on Eurostat data | Coverage of occupational injuries: Reported injuries,Fatal occupational injuries among employees (rate) [8.8.1],Male,Migrant Status: Non-migrant,0.0
2014,Obs_Value = 0.0;  Repository: ILO calculations based on Eurostat data | Coverage of occupational injuries: Reported injuries,Fatal occupational injuries among employees (rate) [8.8.1],Male,Migrant Status: Non-migrant,0.1
2015,Obs_Value = 0.0;  Repository: ILO calculations based on Eurostat data | Coverage of occupational injuries: Reported injuries,Fatal occupational injuries among employees (rate) [8.8.1],Male,Migrant Status: Non-migrant,0.0
2009,Obs_Value = 0.0;  Repository: ILO calculations based on Eurostat data | Coverage of occupational injuries: Reported injuries,Fatal occupational injuries among employees (rate) [8.8.1],Male,Migrant Status: Non-EU Migrant,0.0
2010,Obs_Value = 0.0;  Repository: ILO calculations based on Eurostat data | Coverage of occupational injuries: Reported injuries,Fatal occupational injuries among employees (rate) [8.8.1],Male,Migrant Status: Non-EU Migrant,0.0
2011,Obs_Value = 0.0;  Repository: ILO calculations based on Eurostat data | Coverage of occupational injuries: Reported injuries,Fatal occupational injuries among employees (rate) [8.8.1],Male,Migrant Status: Non-EU Migrant,0.0
2012,Obs_Value = 0.0;  Repository: ILO calculations based on Eurostat data | Coverage of occupational injuries: Reported injuries,Fatal occupational injuries among employees (rate) [8.8.1],Male,Migrant Status: Non-EU Migrant,0.0
2013,Obs_Value = 0.0;  Repository: ILO calculations based on Eurostat data | Coverage of occupational injuries: Reported injuries,Fatal occupational injuries among employees (rate) [8.8.1],Male,Migrant Status: Non-EU Migrant,0.0
2014,Obs_Value = 0.0;  Repository: ILO calculations based on Eurostat data | Coverage of occupational injuries: Reported injuries,Fatal occupational injuries among employees (rate) [8.8.1],Male,Migrant Status: Non-EU Migrant,0.3
2015,Obs_Value = 0.0;  Repository: ILO calculations based on Eurostat data | Coverage of occupational injuries: Reported injuries,Fatal occupational injuries among employees (rate) [8.8.1],Male,Migrant Status: Non-EU Migrant,0.0
2000,Repository: ILO calculations based on Eurostat data | Reference group coverage: Employees | Coverage of occupational injuries: Reported injuries | Definition of permanent incapacity: Permanent incapacity is defined as 183 or days of absence from work,Non-fatal occupational injuries among employees (rate) [8.8.1],,,645.2
2001,Repository: ILO calculations based on Eurostat data | Reference group coverage: Employees | Coverage of occupational injuries: Reported injuries | Definition of permanent incapacity: Permanent incapacity is defined as 183 or days of absence from work,Non-fatal occupational injuries among employees (rate) [8.8.1],,,623.3
2002,Repository: ILO calculations based on Eurostat data | Reference group coverage: Employees | Coverage of occupational injuries: Reported injuries | Definition of permanent incapacity: Permanent incapacity is defined as 183 or days of absence from work,Non-fatal occupational injuries among employees (rate) [8.8.1],,,614.5
2003,Repository: ILO calculations based on Eurostat data | Reference group coverage: Employees | Coverage of occupational injuries: Reported injuries | Definition of permanent incapacity: Permanent incapacity is defined as 183 or days of absence from work,Non-fatal occupational injuries among employees (rate) [8.8.1],,,630.0
2004,Repository: ILO calculations based on Eurostat data | Reference group coverage: Employees | Coverage of occupational injuries: Reported injuries | Definition of permanent incapacity: Permanent incapacity is defined as 183 or days of absence from work,Non-fatal occupational injuries among employees (rate) [8.8.1],,,585.0
2005,Repository: ILO calculations based on Eurostat data | Reference group coverage: Employees | Coverage of occupational injuries: Reported injuries | Definition of permanent incapacity: Permanent incapacity is defined as 183 or days of absence from work,Non-fatal occupational injuries among employees (rate) [8.8.1],,,562.0
2006,Repository: ILO calculations based on Eurostat data | Reference group coverage: Employees | Coverage of occupational injuries: Reported injuries | Definition of permanent incapacity: Permanent incapacity is defined as 183 or days of absence from work,Non-fatal occupational injuries among employees (rate) [8.8.1],,,514.6
2009,Repository: ILO calculations based on Eurostat data | Reference group coverage: Employees | Coverage of occupational injuries: Reported injuries | Definition of permanent incapacity: Permanent incapacity is defined as 183 or days of absence from work,Non-fatal occupational injuries among employees (rate) [8.8.1],,,912.8
2010,Repository: ILO calculations based on Eurostat data | Reference group coverage: Employees | Coverage of occupational injuries: Reported injuries | Definition of permanent incapacity: Permanent incapacity is defined as 183 or days of absence from work,Non-fatal occupational injuries among employees (rate) [8.8.1],,,906.0
2011,Repository: ILO calculations based on Eurostat data | Reference group coverage: Employees | Coverage of occupational injuries: Reported injuries | Definition of permanent incapacity: Permanent incapacity is defined as 183 or days of absence from work,Non-fatal occupational injuries among employees (rate) [8.8.1],,,864.7
2012,Repository: ILO calculations based on Eurostat data | Reference group coverage: Employees | Coverage of occupational injuries: Reported injuries | Definition of permanent incapacity: Permanent incapacity is defined as 183 or days of absence from work,Non-fatal occupational injuries among employees (rate) [8.8.1],,,776.3
2013,Repository: ILO calculations based on Eurostat data | Reference group coverage: Employees | Coverage of occupational injuries: Reported injuries | Definition of permanent incapacity: Permanent incapacity is defined as 183 or days of absence from work,Non-fatal occupational injuries among employees (rate) [8.8.1],,,831.5
2014,Repository: ILO calculations based on Eurostat data | Reference group coverage: Employees | Coverage of occupational injuries: Reported injuries | Definition of permanent incapacity: Permanent incapacity is defined as 183 or days of absence from work,Non-fatal occupational injuries among employees (rate) [8.8.1],,,827.1
2015,Repository: ILO calculations based on Eurostat data | Reference group coverage: Employees | Coverage of occupational injuries: Reported injuries | Definition of permanent incapacity: Permanent incapacity is defined as 183 or days of absence from work,Non-fatal occupational injuries among employees (rate) [8.8.1],,,759.6
2009,Obs_Value = 0.0;  Repository: ILO calculations based on Eurostat data | Reference group coverage: Employees | Coverage of occupational injuries: Reported injuries | Definition of permanent incapacity: Permanent incapacity is defined as 183 or days of absence from work,Non-fatal occupational injuries among employees (rate) [8.8.1],,Migrant Status: EU Migrant,0.0
2010,Obs_Value = 0.0;  Repository: ILO calculations based on Eurostat data | Reference group coverage: Employees | Coverage of occupational injuries: Reported injuries | Definition of permanent incapacity: Permanent incapacity is defined as 183 or days of absence from work,Non-fatal occupational injuries among employees (rate) [8.8.1],,Migrant Status: EU Migrant,0.0
2011,Obs_Value = 0.0;  Repository: ILO calculations based on Eurostat data | Reference group coverage: Employees | Coverage of occupational injuries: Reported injuries | Definition of permanent incapacity: Permanent incapacity is defined as 183 or days of absence from work,Non-fatal occupational injuries among employees (rate) [8.8.1],,Migrant Status: EU Migrant,0.0
2012,Obs_Value = 0.0;  Repository: ILO calculations based on Eurostat data | Reference group coverage: Employees | Coverage of occupational injuries: Reported injuries | Definition of permanent incapacity: Permanent incapacity is defined as 183 or days of absence from work,Non-fatal occupational injuries among employees (rate) [8.8.1],,Migrant Status: EU Migrant,0.0
2013,Obs_Value = 0.0;  Repository: ILO calculations based on Eurostat data | Reference group coverage: Employees | Coverage of occupational injuries: Reported injuries | Definition of permanent incapacity: Permanent incapacity is defined as 183 or days of absence from work,Non-fatal occupational injuries among employees (rate) [8.8.1],,Migrant Status: EU Migrant,0.0
2014,Obs_Value = 0.0;  Repository: ILO calculations based on Eurostat data | Reference group coverage: Employees | Coverage of occupational injuries: Reported injuries | Definition of permanent incapacity: Permanent incapacity is defined as 183 or days of absence from work,Non-fatal occupational injuries among employees (rate) [8.8.1],,Migrant Status: EU Migrant,3.1
2015,Obs_Value = 0.0;  Repository: ILO calculations based on Eurostat data | Reference group coverage: Employees | Coverage of occupational injuries: Reported injuries | Definition of permanent incapacity: Permanent incapacity is defined as 183 or days of absence from work,Non-fatal occupational injuries among employees (rate) [8.8.1],,Migrant Status: EU Migrant,0.0
2009,Obs_Value = 0.0;  Repository: ILO calculations based on Eurostat data | Reference group coverage: Employees | Coverage of occupational injuries: Reported injuries | Definition of permanent incapacity: Permanent incapacity is defined as 183 or days of absence from work,Non-fatal occupational injuries among employees (rate) [8.8.1],,Migrant Status: Non-migrant,0.0
2010,Obs_Value = 0.0;  Repository: ILO calculations based on Eurostat data | Reference group coverage: Employees | Coverage of occupational injuries: Reported injuries | Definition of permanent incapacity: Permanent incapacity is defined as 183 or days of absence from work,Non-fatal occupational injuries among employees (rate) [8.8.1],,Migrant Status: Non-migrant,987.3
2011,Obs_Value = 0.0;  Repository: ILO calculations based on Eurostat data | Reference group coverage: Employees | Coverage of occupational injuries: Reported injuries | Definition of permanent incapacity: Permanent incapacity is defined as 183 or days of absence from work,Non-fatal occupational injuries among employees (rate) [8.8.1],,Migrant Status: Non-migrant,0.0
2012,Obs_Value = 0.0;  Repository: ILO calculations based on Eurostat data | Reference group coverage: Employees | Coverage of occupational injuries: Reported injuries | Definition of permanent incapacity: Permanent incapacity is defined as 183 or days of absence from work,Non-fatal occupational injuries among employees (rate) [8.8.1],,Migrant Status: Non-migrant,0.0
2013,Obs_Value = 0.0;  Repository: ILO calculations based on Eurostat data | Reference group coverage: Employees | Coverage of occupational injuries: Reported injuries | Definition of permanent incapacity: Permanent incapacity is defined as 183 or days of absence from work,Non-fatal occupational injuries among employees (rate) [8.8.1],,Migrant Status: Non-migrant,0.0
2014,Obs_Value = 0.0;  Repository: ILO calculations based on Eurostat data | Reference group coverage: Employees | Coverage of occupational injuries: Reported injuries | Definition of permanent incapacity: Permanent incapacity is defined as 183 or days of absence from work,Non-fatal occupational injuries among employees (rate) [8.8.1],,Migrant Status: Non-migrant,1.4
2015,Obs_Value = 0.0;  Repository: ILO calculations based on Eurostat data | Reference group coverage: Employees | Coverage of occupational injuries: Reported injuries | Definition of permanent incapacity: Permanent incapacity is defined as 183 or days of absence from work,Non-fatal occupational injuries among employees (rate) [8.8.1],,Migrant Status: Non-migrant,0.0
2009,Obs_Value = 0.0;  Repository: ILO calculations based on Eurostat data | Reference group coverage: Employees | Coverage of occupational injuries: Reported injuries | Definition of permanent incapacity: Permanent incapacity is defined as 183 or days of absence from work,Non-fatal occupational injuries among employees (rate) [8.8.1],,Migrant Status: Non-EU Migrant,0.0
2010,Obs_Value = 0.0;  Repository: ILO calculations based on Eurostat data | Reference group coverage: Employees | Coverage of occupational injuries: Reported injuries | Definition of permanent incapacity: Permanent incapacity is defined as 183 or days of absence from work,Non-fatal occupational injuries among employees (rate) [8.8.1],,Migrant Status: Non-EU Migrant,0.0
2011,Obs_Value = 0.0;  Repository: ILO calculations based on Eurostat data | Reference group coverage: Employees | Coverage of occupational injuries: Reported injuries | Definition of permanent incapacity: Permanent incapacity is defined as 183 or days of absence from work,Non-fatal occupational injuries among employees (rate) [8.8.1],,Migrant Status: Non-EU Migrant,0.0
2012,Obs_Value = 0.0;  Repository: ILO calculations based on Eurostat data | Reference group coverage: Employees | Coverage of occupational injuries: Reported injuries | Definition of permanent incapacity: Permanent incapacity is defined as 183 or days of absence from work,Non-fatal occupational injuries among employees (rate) [8.8.1],,Migrant Status: Non-EU Migrant,0.0
2013,Obs_Value = 0.0;  Repository: ILO calculations based on Eurostat data | Reference group coverage: Employees | Coverage of occupational injuries: Reported injuries | Definition of permanent incapacity: Permanent incapacity is defined as 183 or days of absence from work,Non-fatal occupational injuries among employees (rate) [8.8.1],,Migrant Status: Non-EU Migrant,0.0
2014,Obs_Value = 0.0;  Repository: ILO calculations based on Eurostat data | Reference group coverage: Employees | Coverage of occupational injuries: Reported injuries | Definition of permanent incapacity: Permanent incapacity is defined as 183 or days of absence from work,Non-fatal occupational injuries among employees (rate) [8.8.1],,Migrant Status: Non-EU Migrant,3.1
2015,Obs_Value = 0.0;  Repository: ILO calculations based on Eurostat data | Reference group coverage: Employees | Coverage of occupational injuries: Reported injuries | Definition of permanent incapacity: Permanent incapacity is defined as 183 or days of absence from work,Non-fatal occupational injuries among employees (rate) [8.8.1],,Migrant Status: Non-EU Migrant,0.0
2000,Repository: ILO calculations based on Eurostat data | Reference group coverage: Employees | Coverage of occupational injuries: Reported injuries | Definition of permanent incapacity: Permanent incapacity is defined as 183 or days of absence from work,Non-fatal occupational injuries among employees (rate) [8.8.1],Female,,333.9
2001,Repository: ILO calculations based on Eurostat data | Reference group coverage: Employees | Coverage of occupational injuries: Reported injuries | Definition of permanent incapacity: Permanent incapacity is defined as 183 or days of absence from work,Non-fatal occupational injuries among employees (rate) [8.8.1],Female,,319.5
2002,Repository: ILO calculations based on Eurostat data | Reference group coverage: Employees | Coverage of occupational injuries: Reported injuries | Definition of permanent incapacity: Permanent incapacity is defined as 183 or days of absence from work,Non-fatal occupational injuries among employees (rate) [8.8.1],Female,,320.2
2003,Repository: ILO calculations based on Eurostat data | Reference group coverage: Employees | Coverage of occupational injuries: Reported injuries | Definition of permanent incapacity: Permanent incapacity is defined as 183 or days of absence from work,Non-fatal occupational injuries among employees (rate) [8.8.1],Female,,347.0
2004,Repository: ILO calculations based on Eurostat data | Reference group coverage: Employees | Coverage of occupational injuries: Reported injuries | Definition of permanent incapacity: Permanent incapacity is defined as 183 or days of absence from work,Non-fatal occupational injuries among employees (rate) [8.8.1],Female,,327.0
2005,Repository: ILO calculations based on Eurostat data | Reference group coverage: Employees | Coverage of occupational injuries: Reported injuries | Definition of permanent incapacity: Permanent incapacity is defined as 183 or days of absence from work,Non-fatal occupational injuries among employees (rate) [8.8.1],Female,,323.6
2006,Repository: ILO calculations based on Eurostat data | Reference group coverage: Employees | Coverage of occupational injuries: Reported injuries | Definition of permanent incapacity: Permanent incapacity is defined as 183 or days of absence from work,Non-fatal occupational injuries among employees (rate) [8.8.1],Female,,301.4
2009,Repository: ILO calculations based on Eurostat data | Reference group coverage: Employees | Coverage of occupational injuries: Reported injuries | Definition of permanent incapacity: Permanent incapacity is defined as 183 or days of absence from work,Non-fatal occupational injuries among employees (rate) [8.8.1],Female,,677.2
2010,Repository: ILO calculations based on Eurostat data | Reference group coverage: Employees | Coverage of occupational injuries: Reported injuries | Definition of permanent incapacity: Permanent incapacity is defined as 183 or days of absence from work,Non-fatal occupational injuries among employees (rate) [8.8.1],Female,,687.9
2011,Repository: ILO calculations based on Eurostat data | Reference group coverage: Employees | Coverage of occupational injuries: Reported injuries | Definition of permanent incapacity: Permanent incapacity is defined as 183 or days of absence from work,Non-fatal occupational injuries among employees (rate) [8.8.1],Female,,656.9
2012,Repository: ILO calculations based on Eurostat data | Reference group coverage: Employees | Coverage of occupational injuries: Reported injuries | Definition of permanent incapacity: Permanent incapacity is defined as 183 or days of absence from work,Non-fatal occupational injuries among employees (rate) [8.8.1],Female,,614.6
2013,Repository: ILO calculations based on Eurostat data | Reference group coverage: Employees | Coverage of occupational injuries: Reported injuries | Definition of permanent incapacity: Permanent incapacity is defined as 183 or days of absence from work,Non-fatal occupational injuries among employees (rate) [8.8.1],Female,,645.9
2014,Repository: ILO calculations based on Eurostat data | Reference group coverage: Employees | Coverage of occupational injuries: Reported injuries | Definition of permanent incapacity: Permanent incapacity is defined as 183 or days of absence from work,Non-fatal occupational injuries among employees (rate) [8.8.1],Female,,632.8
2015,Repository: ILO calculations based on Eurostat data | Reference group coverage: Employees | Coverage of occupational injuries: Reported injuries | Definition of permanent incapacity: Permanent incapacity is defined as 183 or days of absence from work,Non-fatal occupational injuries among employees (rate) [8.8.1],Female,,589.3
2009,Obs_Value = 0.0;  Repository: ILO calculations based on Eurostat data | Reference group coverage: Employees | Coverage of occupational injuries: Reported injuries | Definition of permanent incapacity: Permanent incapacity is defined as 183 or days of absence from work,Non-fatal occupational injuries among employees (rate) [8.8.1],Female,Migrant Status: EU Migrant,0.0
2010,Obs_Value = 0.0;  Repository: ILO calculations based on Eurostat data | Reference group coverage: Employees | Coverage of occupational injuries: Reported injuries | Definition of permanent incapacity: Permanent incapacity is defined as 183 or days of absence from work,Non-fatal occupational injuries among employees (rate) [8.8.1],Female,Migrant Status: EU Migrant,0.0
2011,Obs_Value = 0.0;  Repository: ILO calculations based on Eurostat data | Reference group coverage: Employees | Coverage of occupational injuries: Reported injuries | Definition of permanent incapacity: Permanent incapacity is defined as 183 or days of absence from work,Non-fatal occupational injuries among employees (rate) [8.8.1],Female,Migrant Status: EU Migrant,0.0
2012,Obs_Value = 0.0;  Repository: ILO calculations based on Eurostat data | Reference group coverage: Employees | Coverage of occupational injuries: Reported injuries | Definition of permanent incapacity: Permanent incapacity is defined as 183 or days of absence from work,Non-fatal occupational injuries among employees (rate) [8.8.1],Female,Migrant Status: EU Migrant,0.0
2013,Obs_Value = 0.0;  Repository: ILO calculations based on Eurostat data | Reference group coverage: Employees | Coverage of occupational injuries: Reported injuries | Definition of permanent incapacity: Permanent incapacity is defined as 183 or days of absence from work,Non-fatal occupational injuries among employees (rate) [8.8.1],Female,Migrant Status: EU Migrant,0.0
2014,Obs_Value = 0.0;  Repository: ILO calculations based on Eurostat data | Reference group coverage: Employees | Coverage of occupational injuries: Reported injuries | Definition of permanent incapacity: Permanent incapacity is defined as 183 or days of absence from work,Non-fatal occupational injuries among employees (rate) [8.8.1],Female,Migrant Status: EU Migrant,1.2
2015,Obs_Value = 0.0;  Repository: ILO calculations based on Eurostat data | Reference group coverage: Employees | Coverage of occupational injuries: Reported injuries | Definition of permanent incapacity: Permanent incapacity is defined as 183 or days of absence from work,Non-fatal occupational injuries among employees (rate) [8.8.1],Female,Migrant Status: EU Migrant,0.0
2009,Obs_Value = 0.0;  Repository: ILO calculations based on Eurostat data | Reference group coverage: Employees | Coverage of occupational injuries: Reported injuries | Definition of permanent incapacity: Permanent incapacity is defined as 183 or days of absence from work,Non-fatal occupational injuries among employees (rate) [8.8.1],Female,Migrant Status: Non-migrant,0.0
2010,Obs_Value = 0.0;  Repository: ILO calculations based on Eurostat data | Reference group coverage: Employees | Coverage of occupational injuries: Reported injuries | Definition of permanent incapacity: Permanent incapacity is defined as 183 or days of absence from work,Non-fatal occupational injuries among employees (rate) [8.8.1],Female,Migrant Status: Non-migrant,747.0
2011,Obs_Value = 0.0;  Repository: ILO calculations based on Eurostat data | Reference group coverage: Employees | Coverage of occupational injuries: Reported injuries | Definition of permanent incapacity: Permanent incapacity is defined as 183 or days of absence from work,Non-fatal occupational injuries among employees (rate) [8.8.1],Female,Migrant Status: Non-migrant,0.0
2012,Obs_Value = 0.0;  Repository: ILO calculations based on Eurostat data | Reference group coverage: Employees | Coverage of occupational injuries: Reported injuries | Definition of permanent incapacity: Permanent incapacity is defined as 183 or days of absence from work,Non-fatal occupational injuries among employees (rate) [8.8.1],Female,Migrant Status: Non-migrant,0.0
2013,Obs_Value = 0.0;  Repository: ILO calculations based on Eurostat data | Reference group coverage: Employees | Coverage of occupational injuries: Reported injuries | Definition of permanent incapacity: Permanent incapacity is defined as 183 or days of absence from work,Non-fatal occupational injuries among employees (rate) [8.8.1],Female,Migrant Status: Non-migrant,0.0
2014,Obs_Value = 0.0;  Repository: ILO calculations based on Eurostat data | Reference group coverage: Employees | Coverage of occupational injuries: Reported injuries | Definition of permanent incapacity: Permanent incapacity is defined as 183 or days of absence from work,Non-fatal occupational injuries among employees (rate) [8.8.1],Female,Migrant Status: Non-migrant,0.3
2015,Obs_Value = 0.0;  Repository: ILO calculations based on Eurostat data | Reference group coverage: Employees | Coverage of occupational injuries: Reported injuries | Definition of permanent incapacity: Permanent incapacity is defined as 183 or days of absence from work,Non-fatal occupational injuries among employees (rate) [8.8.1],Female,Migrant Status: Non-migrant,0.0
2009,Obs_Value = 0.0;  Repository: ILO calculations based on Eurostat data | Reference group coverage: Employees | Coverage of occupational injuries: Reported injuries | Definition of permanent incapacity: Permanent incapacity is defined as 183 or days of absence from work,Non-fatal occupational injuries among employees (rate) [8.8.1],Female,Migrant Status: Non-EU Migrant,0.0
2010,Obs_Value = 0.0;  Repository: ILO calculations based on Eurostat data | Reference group coverage: Employees | Coverage of occupational injuries: Reported injuries | Definition of permanent incapacity: Permanent incapacity is defined as 183 or days of absence from work,Non-fatal occupational injuries among employees (rate) [8.8.1],Female,Migrant Status: Non-EU Migrant,0.0
2011,Obs_Value = 0.0;  Repository: ILO calculations based on Eurostat data | Reference group coverage: Employees | Coverage of occupational injuries: Reported injuries | Definition of permanent incapacity: Permanent incapacity is defined as 183 or days of absence from work,Non-fatal occupational injuries among employees (rate) [8.8.1],Female,Migrant Status: Non-EU Migrant,0.0
2012,Obs_Value = 0.0;  Repository: ILO calculations based on Eurostat data | Reference group coverage: Employees | Coverage of occupational injuries: Reported injuries | Definition of permanent incapacity: Permanent incapacity is defined as 183 or days of absence from work,Non-fatal occupational injuries among employees (rate) [8.8.1],Female,Migrant Status: Non-EU Migrant,0.0
2013,Obs_Value = 0.0;  Repository: ILO calculations based on Eurostat data | Reference group coverage: Employees | Coverage of occupational injuries: Reported injuries | Definition of permanent incapacity: Permanent incapacity is defined as 183 or days of absence from work,Non-fatal occupational injuries among employees (rate) [8.8.1],Female,Migrant Status: Non-EU Migrant,0.0
2014,Obs_Value = 0.0;  Repository: ILO calculations based on Eurostat data | Reference group coverage: Employees | Coverage of occupational injuries: Reported injuries | Definition of permanent incapacity: Permanent incapacity is defined as 183 or days of absence from work,Non-fatal occupational injuries among employees (rate) [8.8.1],Female,Migrant Status: Non-EU Migrant,0.0
2015,Obs_Value = 0.0;  Repository: ILO calculations based on Eurostat data | Reference group coverage: Employees | Coverage of occupational injuries: Reported injuries | Definition of permanent incapacity: Permanent incapacity is defined as 183 or days of absence from work,Non-fatal occupational injuries among employees (rate) [8.8.1],Female,Migrant Status: Non-EU Migrant,0.0
2000,Repository: ILO calculations based on Eurostat data | Reference group coverage: Employees | Coverage of occupational injuries: Reported injuries | Definition of permanent incapacity: Permanent incapacity is defined as 183 or days of absence from work,Non-fatal occupational injuries among employees (rate) [8.8.1],Male,,945.6
2001,Repository: ILO calculations based on Eurostat data | Reference group coverage: Employees | Coverage of occupational injuries: Reported injuries | Definition of permanent incapacity: Permanent incapacity is defined as 183 or days of absence from work,Non-fatal occupational injuries among employees (rate) [8.8.1],Male,,922.1
2002,Repository: ILO calculations based on Eurostat data | Reference group coverage: Employees | Coverage of occupational injuries: Reported injuries | Definition of permanent incapacity: Permanent incapacity is defined as 183 or days of absence from work,Non-fatal occupational injuries among employees (rate) [8.8.1],Male,,901.9
2003,Repository: ILO calculations based on Eurostat data | Reference group coverage: Employees | Coverage of occupational injuries: Reported injuries | Definition of permanent incapacity: Permanent incapacity is defined as 183 or days of absence from work,Non-fatal occupational injuries among employees (rate) [8.8.1],Male,,906.0
2004,Repository: ILO calculations based on Eurostat data | Reference group coverage: Employees | Coverage of occupational injuries: Reported injuries | Definition of permanent incapacity: Permanent incapacity is defined as 183 or days of absence from work,Non-fatal occupational injuries among employees (rate) [8.8.1],Male,,841.0
2005,Repository: ILO calculations based on Eurostat data | Reference group coverage: Employees | Coverage of occupational injuries: Reported injuries | Definition of permanent incapacity: Permanent incapacity is defined as 183 or days of absence from work,Non-fatal occupational injuries among employees (rate) [8.8.1],Male,,798.0
2006,Repository: ILO calculations based on Eurostat data | Reference group coverage: Employees | Coverage of occupational injuries: Reported injuries | Definition of permanent incapacity: Permanent incapacity is defined as 183 or days of absence from work,Non-fatal occupational injuries among employees (rate) [8.8.1],Male,,723.5
2009,Repository: ILO calculations based on Eurostat data | Reference group coverage: Employees | Coverage of occupational injuries: Reported injuries | Definition of permanent incapacity: Permanent incapacity is defined as 183 or days of absence from work,Non-fatal occupational injuries among employees (rate) [8.8.1],Male,,1121.0
2010,Repository: ILO calculations based on Eurostat data | Reference group coverage: Employees | Coverage of occupational injuries: Reported injuries | Definition of permanent incapacity: Permanent incapacity is defined as 183 or days of absence from work,Non-fatal occupational injuries among employees (rate) [8.8.1],Male,,1094.9
2011,Repository: ILO calculations based on Eurostat data | Reference group coverage: Employees | Coverage of occupational injuries: Reported injuries | Definition of permanent incapacity: Permanent incapacity is defined as 183 or days of absence from work,Non-fatal occupational injuries among employees (rate) [8.8.1],Male,,1044.9
2012,Repository: ILO calculations based on Eurostat data | Reference group coverage: Employees | Coverage of occupational injuries: Reported injuries | Definition of permanent incapacity: Permanent incapacity is defined as 183 or days of absence from work,Non-fatal occupational injuries among employees (rate) [8.8.1],Male,,916.3
2013,Repository: ILO calculations based on Eurostat data | Reference group coverage: Employees | Coverage of occupational injuries: Reported injuries | Definition of permanent incapacity: Permanent incapacity is defined as 183 or days of absence from work,Non-fatal occupational injuries among employees (rate) [8.8.1],Male,,994.3
2014,Repository: ILO calculations based on Eurostat data | Reference group coverage: Employees | Coverage of occupational injuries: Reported injuries | Definition of permanent incapacity: Permanent incapacity is defined as 183 or days of absence from work,Non-fatal occupational injuries among employees (rate) [8.8.1],Male,,999.5
2015,Repository: ILO calculations based on Eurostat data | Reference group coverage: Employees | Coverage of occupational injuries: Reported injuries | Definition of permanent incapacity: Permanent incapacity is defined as 183 or days of absence from work,Non-fatal occupational injuries among employees (rate) [8.8.1],Male,,908.5
2009,Obs_Value = 0.0;  Repository: ILO calculations based on Eurostat data | Reference group coverage: Employees | Coverage of occupational injuries: Reported injuries | Definition of permanent incapacity: Permanent incapacity is defined as 183 or days of absence from work,Non-fatal occupational injuries among employees (rate) [8.8.1],Male,Migrant Status: EU Migrant,0.0
2010,Obs_Value = 0.0;  Repository: ILO calculations based on Eurostat data | Reference group coverage: Employees | Coverage of occupational injuries: Reported injuries | Definition of permanent incapacity: Permanent incapacity is defined as 183 or days of absence from work,Non-fatal occupational injuries among employees (rate) [8.8.1],Male,Migrant Status: EU Migrant,0.0
2011,Obs_Value = 0.0;  Repository: ILO calculations based on Eurostat data | Reference group coverage: Employees | Coverage of occupational injuries: Reported injuries | Definition of permanent incapacity: Permanent incapacity is defined as 183 or days of absence from work,Non-fatal occupational injuries among employees (rate) [8.8.1],Male,Migrant Status: EU Migrant,0.0
2012,Obs_Value = 0.0;  Repository: ILO calculations based on Eurostat data | Reference group coverage: Employees | Coverage of occupational injuries: Reported injuries | Definition of permanent incapacity: Permanent incapacity is defined as 183 or days of absence from work,Non-fatal occupational injuries among employees (rate) [8.8.1],Male,Migrant Status: EU Migrant,0.0
2013,Obs_Value = 0.0;  Repository: ILO calculations based on Eurostat data | Reference group coverage: Employees | Coverage of occupational injuries: Reported injuries | Definition of permanent incapacity: Permanent incapacity is defined as 183 or days of absence from work,Non-fatal occupational injuries among employees (rate) [8.8.1],Male,Migrant Status: EU Migrant,0.0
2014,Obs_Value = 0.0;  Repository: ILO calculations based on Eurostat data | Reference group coverage: Employees | Coverage of occupational injuries: Reported injuries | Definition of permanent incapacity: Permanent incapacity is defined as 183 or days of absence from work,Non-fatal occupational injuries among employees (rate) [8.8.1],Male,Migrant Status: EU Migrant,4.8
2015,Obs_Value = 0.0;  Repository: ILO calculations based on Eurostat data | Reference group coverage: Employees | Coverage of occupational injuries: Reported injuries | Definition of permanent incapacity: Permanent incapacity is defined as 183 or days of absence from work,Non-fatal occupational injuries among employees (rate) [8.8.1],Male,Migrant Status: EU Migrant,0.0
2009,Obs_Value = 0.0;  Repository: ILO calculations based on Eurostat data | Reference group coverage: Employees | Coverage of occupational injuries: Reported injuries | Definition of permanent incapacity: Permanent incapacity is defined as 183 or days of absence from work,Non-fatal occupational injuries among employees (rate) [8.8.1],Male,Migrant Status: Non-migrant,0.0
2010,Obs_Value = 0.0;  Repository: ILO calculations based on Eurostat data | Reference group coverage: Employees | Coverage of occupational injuries: Reported injuries | Definition of permanent incapacity: Permanent incapacity is defined as 183 or days of absence from work,Non-fatal occupational injuries among employees (rate) [8.8.1],Male,Migrant Status: Non-migrant,1196.8
2011,Obs_Value = 0.0;  Repository: ILO calculations based on Eurostat data | Reference group coverage: Employees | Coverage of occupational injuries: Reported injuries | Definition of permanent incapacity: Permanent incapacity is defined as 183 or days of absence from work,Non-fatal occupational injuries among employees (rate) [8.8.1],Male,Migrant Status: Non-migrant,0.0
2012,Obs_Value = 0.0;  Repository: ILO calculations based on Eurostat data | Reference group coverage: Employees | Coverage of occupational injuries: Reported injuries | Definition of permanent incapacity: Permanent incapacity is defined as 183 or days of absence from work,Non-fatal occupational injuries among employees (rate) [8.8.1],Male,Migrant Status: Non-migrant,0.0
2013,Obs_Value = 0.0;  Repository: ILO calculations based on Eurostat data | Reference group coverage: Employees | Coverage of occupational injuries: Reported injuries | Definition of permanent incapacity: Permanent incapacity is defined as 183 or days of absence from work,Non-fatal occupational injuries among employees (rate) [8.8.1],Male,Migrant Status: Non-migrant,0.0
2014,Obs_Value = 0.0;  Repository: ILO calculations based on Eurostat data | Reference group coverage: Employees | Coverage of occupational injuries: Reported injuries | Definition of permanent incapacity: Permanent incapacity is defined as 183 or days of absence from work,Non-fatal occupational injuries among employees (rate) [8.8.1],Male,Migrant Status: Non-migrant,2.3
2015,Obs_Value = 0.0;  Repository: ILO calculations based on Eurostat data | Reference group coverage: Employees | Coverage of occupational injuries: Reported injuries | Definition of permanent incapacity: Permanent incapacity is defined as 183 or days of absence from work,Non-fatal occupational injuries among employees (rate) [8.8.1],Male,Migrant Status: Non-migrant,0.0
2009,Obs_Value = 0.0;  Repository: ILO calculations based on Eurostat data | Reference group coverage: Employees | Coverage of occupational injuries: Reported injuries | Definition of permanent incapacity: Permanent incapacity is defined as 183 or days of absence from work,Non-fatal occupational injuries among employees (rate) [8.8.1],Male,Migrant Status: Non-EU Migrant,0.0
2010,Obs_Value = 0.0;  Repository: ILO calculations based on Eurostat data | Reference group coverage: Employees | Coverage of occupational injuries: Reported injuries | Definition of permanent incapacity: Permanent incapacity is defined as 183 or days of absence from work,Non-fatal occupational injuries among employees (rate) [8.8.1],Male,Migrant Status: Non-EU Migrant,0.0
2011,Obs_Value = 0.0;  Repository: ILO calculations based on Eurostat data | Reference group coverage: Employees | Coverage of occupational injuries: Reported injuries | Definition of permanent incapacity: Permanent incapacity is defined as 183 or days of absence from work,Non-fatal occupational injuries among employees (rate) [8.8.1],Male,Migrant Status: Non-EU Migrant,0.0
2012,Obs_Value = 0.0;  Repository: ILO calculations based on Eurostat data | Reference group coverage: Employees | Coverage of occupational injuries: Reported injuries | Definition of permanent incapacity: Permanent incapacity is defined as 183 or days of absence from work,Non-fatal occupational injuries among employees (rate) [8.8.1],Male,Migrant Status: Non-EU Migrant,0.0
2013,Obs_Value = 0.0;  Repository: ILO calculations based on Eurostat data | Reference group coverage: Employees | Coverage of occupational injuries: Reported injuries | Definition of permanent incapacity: Permanent incapacity is defined as 183 or days of absence from work,Non-fatal occupational injuries among employees (rate) [8.8.1],Male,Migrant Status: Non-EU Migrant,0.0
2014,Obs_Value = 0.0;  Repository: ILO calculations based on Eurostat data | Reference group coverage: Employees | Coverage of occupational injuries: Reported injuries | Definition of permanent incapacity: Permanent incapacity is defined as 183 or days of absence from work,Non-fatal occupational injuries among employees (rate) [8.8.1],Male,Migrant Status: Non-EU Migrant,5.2
2015,Obs_Value = 0.0;  Repository: ILO calculations based on Eurostat data | Reference group coverage: Employees | Coverage of occupational injuries: Reported injuries | Definition of permanent incapacity: Permanent incapacity is defined as 183 or days of absence from work,Non-fatal occupational injuries among employees (rate) [8.8.1],Male,Migrant Status: Non-EU Migrant,0.0
