Year,Observation-level footnotes,Economic activity,Value
2000,Repository: Eurostat special tabulation | Break in series: Methodology revised,Manufacturing (ISIC3 D),16.94
2001,Repository: Eurostat special tabulation | Break in series: Methodology revised,Manufacturing (ISIC3 D),16.26
2002,Repository: Eurostat special tabulation | Break in series: Methodology revised,Manufacturing (ISIC3 D),15.5
2003,Repository: Eurostat special tabulation | Break in series: Methodology revised,Manufacturing (ISIC3 D),14.77
2004,Repository: Eurostat special tabulation | Break in series: Methodology revised,Manufacturing (ISIC3 D),13.53
2005,Repository: Eurostat special tabulation | Break in series: Methodology revised,Manufacturing (ISIC3 D),13.2
2006,Repository: Eurostat special tabulation | Break in series: Methodology revised,Manufacturing (ISIC3 D),12.89
2007,Repository: Eurostat special tabulation | Break in series: Methodology revised,Manufacturing (ISIC3 D),12.75
2008,Repository: Eurostat special tabulation,Manufacturing,11.33
2009,Repository: Eurostat special tabulation,Manufacturing,9.66
2010,Repository: Eurostat special tabulation,Manufacturing,9.84
2011,Repository: Eurostat special tabulation,Manufacturing,9.76
2012,Repository: Eurostat special tabulation,Manufacturing,9.8
2013,Repository: Eurostat special tabulation,Manufacturing,9.75
2014,Repository: Eurostat special tabulation,Manufacturing,9.81
2015,Repository: Eurostat special tabulation,Manufacturing,9.59
2016,Repository: Eurostat special tabulation,Manufacturing,9.47
2017,Repository: Eurostat special tabulation,Manufacturing,9.15
2018,Repository: Eurostat special tabulation,Manufacturing,8.94
2019,Repository: Eurostat special tabulation,Manufacturing,9.14
