Year,NATURE,SOURCE_DETAIL,SDG Series,Composite breakdown,Unit of measure,Nature of data points,Source details,Observation-level footnotes,COMMENT_OBS,Value
2000,E,"Data based on the World Telecommunication/ICT Indicators Database, 2020, International Telecommunication Union (ITU)",Fixed broadband subscriptions per 100 inhabitants [17.6.1],,Per 100 population,Estimated,"Data based on the World Telecommunication/ICT Indicators Database, 2020, International Telecommunication Union (ITU)",,,0.08976
2001,E,"Data based on the World Telecommunication/ICT Indicators Database, 2020, International Telecommunication Union (ITU)",Fixed broadband subscriptions per 100 inhabitants [17.6.1],,Per 100 population,Estimated,"Data based on the World Telecommunication/ICT Indicators Database, 2020, International Telecommunication Union (ITU)",,,0.55977
2002,E,"Data based on the World Telecommunication/ICT Indicators Database, 2020, International Telecommunication Union (ITU)",Fixed broadband subscriptions per 100 inhabitants [17.6.1],,Per 100 population,Estimated,"Data based on the World Telecommunication/ICT Indicators Database, 2020, International Telecommunication Union (ITU)",,,2.28648
2003,E,"Data based on the World Telecommunication/ICT Indicators Database, 2020, International Telecommunication Union (ITU)",Fixed broadband subscriptions per 100 inhabitants [17.6.1],,Per 100 population,Estimated,"Data based on the World Telecommunication/ICT Indicators Database, 2020, International Telecommunication Union (ITU)",,,5.22772
2004,E,"Data based on the World Telecommunication/ICT Indicators Database, 2020, International Telecommunication Union (ITU)",Fixed broadband subscriptions per 100 inhabitants [17.6.1],,Per 100 population,Estimated,"Data based on the World Telecommunication/ICT Indicators Database, 2020, International Telecommunication Union (ITU)",,,10.2282
2005,E,"Data based on the World Telecommunication/ICT Indicators Database, 2020, International Telecommunication Union (ITU)",Fixed broadband subscriptions per 100 inhabitants [17.6.1],,Per 100 population,Estimated,"Data based on the World Telecommunication/ICT Indicators Database, 2020, International Telecommunication Union (ITU)",,,16.41896
2006,E,"Data based on the World Telecommunication/ICT Indicators Database, 2020, International Telecommunication Union (ITU)",Fixed broadband subscriptions per 100 inhabitants [17.6.1],,Per 100 population,Estimated,"Data based on the World Telecommunication/ICT Indicators Database, 2020, International Telecommunication Union (ITU)",,,21.39545
2007,E,"Data based on the World Telecommunication/ICT Indicators Database, 2020, International Telecommunication Union (ITU)",Fixed broadband subscriptions per 100 inhabitants [17.6.1],,Per 100 population,Estimated,"Data based on the World Telecommunication/ICT Indicators Database, 2020, International Telecommunication Union (ITU)",,,25.39412
2008,E,"Data based on the World Telecommunication/ICT Indicators Database, 2020, International Telecommunication Union (ITU)",Fixed broadband subscriptions per 100 inhabitants [17.6.1],,Per 100 population,Estimated,"Data based on the World Telecommunication/ICT Indicators Database, 2020, International Telecommunication Union (ITU)",,,27.85421
2009,E,"Data based on the World Telecommunication/ICT Indicators Database, 2020, International Telecommunication Union (ITU)",Fixed broadband subscriptions per 100 inhabitants [17.6.1],,Per 100 population,Estimated,"Data based on the World Telecommunication/ICT Indicators Database, 2020, International Telecommunication Union (ITU)",,,28.45395
2010,E,"Data based on the World Telecommunication/ICT Indicators Database, 2020, International Telecommunication Union (ITU)",Fixed broadband subscriptions per 100 inhabitants [17.6.1],,Per 100 population,Estimated,"Data based on the World Telecommunication/ICT Indicators Database, 2020, International Telecommunication Union (ITU)",,,30.17896
2011,E,"Data based on the World Telecommunication/ICT Indicators Database, 2020, International Telecommunication Union (ITU)",Fixed broadband subscriptions per 100 inhabitants [17.6.1],,Per 100 population,Estimated,"Data based on the World Telecommunication/ICT Indicators Database, 2020, International Telecommunication Union (ITU)",,,32.15914
2012,E,"Data based on the World Telecommunication/ICT Indicators Database, 2020, International Telecommunication Union (ITU)",Fixed broadband subscriptions per 100 inhabitants [17.6.1],,Per 100 population,Estimated,"Data based on the World Telecommunication/ICT Indicators Database, 2020, International Telecommunication Union (ITU)",,,33.608
2013,E,"Data based on the World Telecommunication/ICT Indicators Database, 2020, International Telecommunication Union (ITU)",Fixed broadband subscriptions per 100 inhabitants [17.6.1],,Per 100 population,Estimated,"Data based on the World Telecommunication/ICT Indicators Database, 2020, International Telecommunication Union (ITU)",,,35.45457
2014,E,"Data based on the World Telecommunication/ICT Indicators Database, 2020, International Telecommunication Union (ITU)",Fixed broadband subscriptions per 100 inhabitants [17.6.1],,Per 100 population,Estimated,"Data based on the World Telecommunication/ICT Indicators Database, 2020, International Telecommunication Union (ITU)",,,36.27132
2015,E,"Data based on the World Telecommunication/ICT Indicators Database, 2020, International Telecommunication Union (ITU)",Fixed broadband subscriptions per 100 inhabitants [17.6.1],,Per 100 population,Estimated,"Data based on the World Telecommunication/ICT Indicators Database, 2020, International Telecommunication Union (ITU)",,,37.4477
2016,E,"Data based on the World Telecommunication/ICT Indicators Database, 2020, International Telecommunication Union (ITU)",Fixed broadband subscriptions per 100 inhabitants [17.6.1],,Per 100 population,Estimated,"Data based on the World Telecommunication/ICT Indicators Database, 2020, International Telecommunication Union (ITU)",,,38.42294
2017,E,"Data based on the World Telecommunication/ICT Indicators Database, 2020, International Telecommunication Union (ITU)",Fixed broadband subscriptions per 100 inhabitants [17.6.1],,Per 100 population,Estimated,"Data based on the World Telecommunication/ICT Indicators Database, 2020, International Telecommunication Union (ITU)",,,39.02955
2018,E,"Data based on the World Telecommunication/ICT Indicators Database, 2020, International Telecommunication Union (ITU)",Fixed broadband subscriptions per 100 inhabitants [17.6.1],,Per 100 population,Estimated,"Data based on the World Telecommunication/ICT Indicators Database, 2020, International Telecommunication Union (ITU)",,,39.59703
2019,E,"Data based on the World Telecommunication/ICT Indicators Database, 2020, International Telecommunication Union (ITU)",Fixed broadband subscriptions per 100 inhabitants [17.6.1],,Per 100 population,Estimated,"Data based on the World Telecommunication/ICT Indicators Database, 2020, International Telecommunication Union (ITU)",,,39.66666
2008,E,"Data based on the World Telecommunication/ICT Indicators Database, 2020, International Telecommunication Union (ITU)",Fixed broadband subscriptions per 100 inhabitants [17.6.1],Internet speed: 256 kbit/s to less than 2 Mbit/s,Per 100 population,Estimated,"Data based on the World Telecommunication/ICT Indicators Database, 2020, International Telecommunication Union (ITU)",Obs_Value = 0;  ,,1.34844
2009,E,"Data based on the World Telecommunication/ICT Indicators Database, 2020, International Telecommunication Union (ITU)",Fixed broadband subscriptions per 100 inhabitants [17.6.1],Internet speed: 256 kbit/s to less than 2 Mbit/s,Per 100 population,Estimated,"Data based on the World Telecommunication/ICT Indicators Database, 2020, International Telecommunication Union (ITU)",Obs_Value = 0;  ,,0.63029
2010,E,"Data based on the World Telecommunication/ICT Indicators Database, 2020, International Telecommunication Union (ITU)",Fixed broadband subscriptions per 100 inhabitants [17.6.1],Internet speed: 256 kbit/s to less than 2 Mbit/s,Per 100 population,Estimated,"Data based on the World Telecommunication/ICT Indicators Database, 2020, International Telecommunication Union (ITU)",Obs_Value = 0;  ,,0.38275
2011,E,"Data based on the World Telecommunication/ICT Indicators Database, 2020, International Telecommunication Union (ITU)",Fixed broadband subscriptions per 100 inhabitants [17.6.1],Internet speed: 256 kbit/s to less than 2 Mbit/s,Per 100 population,Estimated,"Data based on the World Telecommunication/ICT Indicators Database, 2020, International Telecommunication Union (ITU)",Obs_Value = 0;  ,Obs_Value = 0;  ,0.0
2012,E,"Data based on the World Telecommunication/ICT Indicators Database, 2020, International Telecommunication Union (ITU)",Fixed broadband subscriptions per 100 inhabitants [17.6.1],Internet speed: 256 kbit/s to less than 2 Mbit/s,Per 100 population,Estimated,"Data based on the World Telecommunication/ICT Indicators Database, 2020, International Telecommunication Union (ITU)",Obs_Value = 0;  ,Obs_Value = 0;  ,0.0
2013,E,"Data based on the World Telecommunication/ICT Indicators Database, 2020, International Telecommunication Union (ITU)",Fixed broadband subscriptions per 100 inhabitants [17.6.1],Internet speed: 256 kbit/s to less than 2 Mbit/s,Per 100 population,Estimated,"Data based on the World Telecommunication/ICT Indicators Database, 2020, International Telecommunication Union (ITU)",Obs_Value = 0;  ,Obs_Value = 0;  ,0.0
2014,E,"Data based on the World Telecommunication/ICT Indicators Database, 2020, International Telecommunication Union (ITU)",Fixed broadband subscriptions per 100 inhabitants [17.6.1],Internet speed: 256 kbit/s to less than 2 Mbit/s,Per 100 population,Estimated,"Data based on the World Telecommunication/ICT Indicators Database, 2020, International Telecommunication Union (ITU)",Obs_Value = 0;  ,Obs_Value = 0;  ,0.0
2015,E,"Data based on the World Telecommunication/ICT Indicators Database, 2020, International Telecommunication Union (ITU)",Fixed broadband subscriptions per 100 inhabitants [17.6.1],Internet speed: 256 kbit/s to less than 2 Mbit/s,Per 100 population,Estimated,"Data based on the World Telecommunication/ICT Indicators Database, 2020, International Telecommunication Union (ITU)",Obs_Value = 0;  ,Obs_Value = 0;  ,0.0
2016,E,"Data based on the World Telecommunication/ICT Indicators Database, 2020, International Telecommunication Union (ITU)",Fixed broadband subscriptions per 100 inhabitants [17.6.1],Internet speed: 256 kbit/s to less than 2 Mbit/s,Per 100 population,Estimated,"Data based on the World Telecommunication/ICT Indicators Database, 2020, International Telecommunication Union (ITU)",Obs_Value = 0;  ,Obs_Value = 0;  ,0.0
2017,E,"Data based on the World Telecommunication/ICT Indicators Database, 2020, International Telecommunication Union (ITU)",Fixed broadband subscriptions per 100 inhabitants [17.6.1],Internet speed: 256 kbit/s to less than 2 Mbit/s,Per 100 population,Estimated,"Data based on the World Telecommunication/ICT Indicators Database, 2020, International Telecommunication Union (ITU)",Obs_Value = 0;  ,Obs_Value = 0;  ,0.0
2018,E,"Data based on the World Telecommunication/ICT Indicators Database, 2020, International Telecommunication Union (ITU)",Fixed broadband subscriptions per 100 inhabitants [17.6.1],Internet speed: 256 kbit/s to less than 2 Mbit/s,Per 100 population,Estimated,"Data based on the World Telecommunication/ICT Indicators Database, 2020, International Telecommunication Union (ITU)",Obs_Value = 0;  ,Obs_Value = 0;  ,0.0
2019,E,"Data based on the World Telecommunication/ICT Indicators Database, 2020, International Telecommunication Union (ITU)",Fixed broadband subscriptions per 100 inhabitants [17.6.1],Internet speed: 256 kbit/s to less than 2 Mbit/s,Per 100 population,Estimated,"Data based on the World Telecommunication/ICT Indicators Database, 2020, International Telecommunication Union (ITU)",Obs_Value = 0;  ,Obs_Value = 0;  ,0.0
2008,E,"Data based on the World Telecommunication/ICT Indicators Database, 2020, International Telecommunication Union (ITU)",Fixed broadband subscriptions per 100 inhabitants [17.6.1],Internet speed: 2 Mbit/s to less than 10 Mbit/s,Per 100 population,Estimated,"Data based on the World Telecommunication/ICT Indicators Database, 2020, International Telecommunication Union (ITU)",,,24.56598
2009,E,"Data based on the World Telecommunication/ICT Indicators Database, 2020, International Telecommunication Union (ITU)",Fixed broadband subscriptions per 100 inhabitants [17.6.1],Internet speed: 2 Mbit/s to less than 10 Mbit/s,Per 100 population,Estimated,"Data based on the World Telecommunication/ICT Indicators Database, 2020, International Telecommunication Union (ITU)",,,18.23661
2010,E,"Data based on the World Telecommunication/ICT Indicators Database, 2020, International Telecommunication Union (ITU)",Fixed broadband subscriptions per 100 inhabitants [17.6.1],Internet speed: 2 Mbit/s to less than 10 Mbit/s,Per 100 population,Estimated,"Data based on the World Telecommunication/ICT Indicators Database, 2020, International Telecommunication Union (ITU)",,,9.93042
2011,E,"Data based on the World Telecommunication/ICT Indicators Database, 2020, International Telecommunication Union (ITU)",Fixed broadband subscriptions per 100 inhabitants [17.6.1],Internet speed: 2 Mbit/s to less than 10 Mbit/s,Per 100 population,Estimated,"Data based on the World Telecommunication/ICT Indicators Database, 2020, International Telecommunication Union (ITU)",,,8.56806
2012,E,"Data based on the World Telecommunication/ICT Indicators Database, 2020, International Telecommunication Union (ITU)",Fixed broadband subscriptions per 100 inhabitants [17.6.1],Internet speed: 2 Mbit/s to less than 10 Mbit/s,Per 100 population,Estimated,"Data based on the World Telecommunication/ICT Indicators Database, 2020, International Telecommunication Union (ITU)",,,7.42279
2013,E,"Data based on the World Telecommunication/ICT Indicators Database, 2020, International Telecommunication Union (ITU)",Fixed broadband subscriptions per 100 inhabitants [17.6.1],Internet speed: 2 Mbit/s to less than 10 Mbit/s,Per 100 population,Estimated,"Data based on the World Telecommunication/ICT Indicators Database, 2020, International Telecommunication Union (ITU)",,,5.80817
2014,E,"Data based on the World Telecommunication/ICT Indicators Database, 2020, International Telecommunication Union (ITU)",Fixed broadband subscriptions per 100 inhabitants [17.6.1],Internet speed: 2 Mbit/s to less than 10 Mbit/s,Per 100 population,Estimated,"Data based on the World Telecommunication/ICT Indicators Database, 2020, International Telecommunication Union (ITU)",,,4.68702
2015,E,"Data based on the World Telecommunication/ICT Indicators Database, 2020, International Telecommunication Union (ITU)",Fixed broadband subscriptions per 100 inhabitants [17.6.1],Internet speed: 2 Mbit/s to less than 10 Mbit/s,Per 100 population,Estimated,"Data based on the World Telecommunication/ICT Indicators Database, 2020, International Telecommunication Union (ITU)",,,2.62134
2016,E,"Data based on the World Telecommunication/ICT Indicators Database, 2020, International Telecommunication Union (ITU)",Fixed broadband subscriptions per 100 inhabitants [17.6.1],Internet speed: 2 Mbit/s to less than 10 Mbit/s,Per 100 population,Estimated,"Data based on the World Telecommunication/ICT Indicators Database, 2020, International Telecommunication Union (ITU)",,,1.76745
2017,E,"Data based on the World Telecommunication/ICT Indicators Database, 2020, International Telecommunication Union (ITU)",Fixed broadband subscriptions per 100 inhabitants [17.6.1],Internet speed: 2 Mbit/s to less than 10 Mbit/s,Per 100 population,Estimated,"Data based on the World Telecommunication/ICT Indicators Database, 2020, International Telecommunication Union (ITU)",,,1.17954
2018,E,"Data based on the World Telecommunication/ICT Indicators Database, 2020, International Telecommunication Union (ITU)",Fixed broadband subscriptions per 100 inhabitants [17.6.1],Internet speed: 2 Mbit/s to less than 10 Mbit/s,Per 100 population,Estimated,"Data based on the World Telecommunication/ICT Indicators Database, 2020, International Telecommunication Union (ITU)",,,0.62714
2019,E,"Data based on the World Telecommunication/ICT Indicators Database, 2020, International Telecommunication Union (ITU)",Fixed broadband subscriptions per 100 inhabitants [17.6.1],Internet speed: 2 Mbit/s to less than 10 Mbit/s,Per 100 population,Estimated,"Data based on the World Telecommunication/ICT Indicators Database, 2020, International Telecommunication Union (ITU)",,,0.39669
2008,E,"Data based on the World Telecommunication/ICT Indicators Database, 2020, International Telecommunication Union (ITU)",Fixed broadband subscriptions per 100 inhabitants [17.6.1],Internet speed: 10 Mbit/s or above,Per 100 population,Estimated,"Data based on the World Telecommunication/ICT Indicators Database, 2020, International Telecommunication Union (ITU)",,,1.88186
2009,E,"Data based on the World Telecommunication/ICT Indicators Database, 2020, International Telecommunication Union (ITU)",Fixed broadband subscriptions per 100 inhabitants [17.6.1],Internet speed: 10 Mbit/s or above,Per 100 population,Estimated,"Data based on the World Telecommunication/ICT Indicators Database, 2020, International Telecommunication Union (ITU)",,,9.55792
2010,E,"Data based on the World Telecommunication/ICT Indicators Database, 2020, International Telecommunication Union (ITU)",Fixed broadband subscriptions per 100 inhabitants [17.6.1],Internet speed: 10 Mbit/s or above,Per 100 population,Estimated,"Data based on the World Telecommunication/ICT Indicators Database, 2020, International Telecommunication Union (ITU)",,,19.83672
2011,E,"Data based on the World Telecommunication/ICT Indicators Database, 2020, International Telecommunication Union (ITU)",Fixed broadband subscriptions per 100 inhabitants [17.6.1],Internet speed: 10 Mbit/s or above,Per 100 population,Estimated,"Data based on the World Telecommunication/ICT Indicators Database, 2020, International Telecommunication Union (ITU)",,,22.34296
2012,E,"Data based on the World Telecommunication/ICT Indicators Database, 2020, International Telecommunication Union (ITU)",Fixed broadband subscriptions per 100 inhabitants [17.6.1],Internet speed: 10 Mbit/s or above,Per 100 population,Estimated,"Data based on the World Telecommunication/ICT Indicators Database, 2020, International Telecommunication Union (ITU)",,,25.40093
2013,E,"Data based on the World Telecommunication/ICT Indicators Database, 2020, International Telecommunication Union (ITU)",Fixed broadband subscriptions per 100 inhabitants [17.6.1],Internet speed: 10 Mbit/s or above,Per 100 population,Estimated,"Data based on the World Telecommunication/ICT Indicators Database, 2020, International Telecommunication Union (ITU)",,,27.72843
2014,E,"Data based on the World Telecommunication/ICT Indicators Database, 2020, International Telecommunication Union (ITU)",Fixed broadband subscriptions per 100 inhabitants [17.6.1],Internet speed: 10 Mbit/s or above,Per 100 population,Estimated,"Data based on the World Telecommunication/ICT Indicators Database, 2020, International Telecommunication Union (ITU)",,,31.5843
2015,E,"Data based on the World Telecommunication/ICT Indicators Database, 2020, International Telecommunication Union (ITU)",Fixed broadband subscriptions per 100 inhabitants [17.6.1],Internet speed: 10 Mbit/s or above,Per 100 population,Estimated,"Data based on the World Telecommunication/ICT Indicators Database, 2020, International Telecommunication Union (ITU)",,,34.82636
2016,E,"Data based on the World Telecommunication/ICT Indicators Database, 2020, International Telecommunication Union (ITU)",Fixed broadband subscriptions per 100 inhabitants [17.6.1],Internet speed: 10 Mbit/s or above,Per 100 population,Estimated,"Data based on the World Telecommunication/ICT Indicators Database, 2020, International Telecommunication Union (ITU)",,,36.65549
2017,E,"Data based on the World Telecommunication/ICT Indicators Database, 2020, International Telecommunication Union (ITU)",Fixed broadband subscriptions per 100 inhabitants [17.6.1],Internet speed: 10 Mbit/s or above,Per 100 population,Estimated,"Data based on the World Telecommunication/ICT Indicators Database, 2020, International Telecommunication Union (ITU)",,,37.85001
2018,E,"Data based on the World Telecommunication/ICT Indicators Database, 2020, International Telecommunication Union (ITU)",Fixed broadband subscriptions per 100 inhabitants [17.6.1],Internet speed: 10 Mbit/s or above,Per 100 population,Estimated,"Data based on the World Telecommunication/ICT Indicators Database, 2020, International Telecommunication Union (ITU)",,,38.96989
2019,E,"Data based on the World Telecommunication/ICT Indicators Database, 2020, International Telecommunication Union (ITU)",Fixed broadband subscriptions per 100 inhabitants [17.6.1],Internet speed: 10 Mbit/s or above,Per 100 population,Estimated,"Data based on the World Telecommunication/ICT Indicators Database, 2020, International Telecommunication Union (ITU)",,,39.26997
2000,C,Office of Communications (Ofcom).,Fixed broadband subscriptions (number) [17.6.1],,Number,Country Data,Ofcom,Excl. corporate connections.,,52890.0
2001,C,Office of Communications (Ofcom).,Fixed broadband subscriptions (number) [17.6.1],,Number,Country Data,Ofcom,Excl. corporate connections.,,330960.0
2002,C,Office of Communications (Ofcom).,Fixed broadband subscriptions (number) [17.6.1],,Number,Country Data,Ofcom,Excl. corporate connections.,,1356481.0
2003,C,Office of Communications (Ofcom).,Fixed broadband subscriptions (number) [17.6.1],,Number,Country Data,Ofcom,Excl. corporate connections.,,3113702.33
2004,C,Office of Communications (Ofcom).,Fixed broadband subscriptions (number) [17.6.1],,Number,Country Data,Ofcom,Excl. corporate connections.,,6123907.0
2005,C,Office of Communications (Ofcom).,Fixed broadband subscriptions (number) [17.6.1],,Number,Country Data,Ofcom,Excl. corporate connections.,Excl. corporate connections.,9898653.0
2006,C,Office of Communications (Ofcom).,Fixed broadband subscriptions (number) [17.6.1],,Number,Country Data,Ofcom,Excl. corporate connections.,Excl. corporate connections.,13013000.0
2007,C,Office of Communications (Ofcom).,Fixed broadband subscriptions (number) [17.6.1],,Number,Country Data,Ofcom,Excl. corporate connections.,Excl. corporate connections.,15606000.0
2008,C,Office of Communications,Fixed broadband subscriptions (number) [17.6.1],,Number,Country Data,Ofcom,Excl. corporate connections.,Excl. corporate connections.,17310023.0
2009,C,Office of Communications,Fixed broadband subscriptions (number) [17.6.1],,Number,Country Data,Ofcom,Excl. corporate connections.,Excl. corporate connections.,17877223.0
2010,C,Office of Communications,Fixed broadband subscriptions (number) [17.6.1],,Number,Country Data,Ofcom,Excl. corporate connections.,Excl. corporate connections.,19151508.0
2011,C,Office of Communications,Fixed broadband subscriptions (number) [17.6.1],,Number,Country Data,Ofcom,Excl. corporate connections.,Excl. corporate connections.,20588901.0
2012,C,Office of Communications,Fixed broadband subscriptions (number) [17.6.1],,Number,Country Data,Ofcom,Excl. corporate connections.,Excl. corporate connections.,21685668.0
2013,C,Office of Communications,Fixed broadband subscriptions (number) [17.6.1],,Number,Country Data,Ofcom,Excl. corporate connections.,,23039803.0
2014,C,Office of Communications,Fixed broadband subscriptions (number) [17.6.1],,Number,Country Data,Ofcom,Excl. corporate connections.,,23729800.0
2015,C,Office of Communications,Fixed broadband subscriptions (number) [17.6.1],,Number,Country Data,Ofcom,Excl. corporate connections.,,24663109.0
2016,C,Ofcom,Fixed broadband subscriptions (number) [17.6.1],,Number,Country Data,Ofcom,Excl. corporate connections.,,25473619.0
2017,C,Ofcom,Fixed broadband subscriptions (number) [17.6.1],,Number,Country Data,Ofcom,Excl. corporate connections.,,26043431.0
2018,C,Ofcom,Fixed broadband subscriptions (number) [17.6.1],,Number,Country Data,Ofcom,Excl. corporate connections.,,26586110.0
2019,C,Ofcom,Fixed broadband subscriptions (number) [17.6.1],,Number,Country Data,Ofcom,Excl. corporate connections.,,26786963.0
2008,C,Office of Communications,Fixed broadband subscriptions (number) [17.6.1],Internet speed: 256 kbit/s to less than 2 Mbit/s,Number,Country Data,Ofcom,Obs_Value = 0;  Estimated breakdown based on data for residential connections.,,837991.0
2009,C,Office of Communications,Fixed broadband subscriptions (number) [17.6.1],Internet speed: 256 kbit/s to less than 2 Mbit/s,Number,Country Data,Ofcom,Obs_Value = 0;  Estimated breakdown based on data for residential connections.,,396005.0
2010,C,Office of Communications,Fixed broadband subscriptions (number) [17.6.1],Internet speed: 256 kbit/s to less than 2 Mbit/s,Number,Country Data,Ofcom,Obs_Value = 0;  Estimated breakdown based on data for residential connections.,,242891.0
2011,C,Office of Communications,Fixed broadband subscriptions (number) [17.6.1],Internet speed: 256 kbit/s to less than 2 Mbit/s,Number,Country Data,Ofcom,Obs_Value = 0;  Estimated breakdown based on data for residential connections.,Obs_Value = 0;  Data only for ≤2 Mbit/s Considered most of these subscriptions are at 2 Mbit/s.,0.0
2012,E,ITU WTID2020,Fixed broadband subscriptions (number) [17.6.1],Internet speed: 256 kbit/s to less than 2 Mbit/s,Number,Country Data,Ofcom,Obs_Value = 0;  Estimated breakdown based on data for residential connections.,Obs_Value = 0;  Data only for ≤2 Mbit/s Considered most of these subscriptions are at 2 Mbit/s.,0.0
2013,C,Office of Communications,Fixed broadband subscriptions (number) [17.6.1],Internet speed: 256 kbit/s to less than 2 Mbit/s,Number,Country Data,Ofcom,Obs_Value = 0;  Estimated breakdown based on data for residential connections.,Obs_Value = 0;  Data only for ≤2 Mbit/s Considered most of these subscriptions are at 2 Mbit/s.,0.0
2014,C,Office of Communications,Fixed broadband subscriptions (number) [17.6.1],Internet speed: 256 kbit/s to less than 2 Mbit/s,Number,Country Data,Ofcom,Obs_Value = 0;  Estimated breakdown based on data for residential connections.,Obs_Value = 0;  Data only for ≤2 Mbit/s Considered most of these subscriptions are at 2 Mbit/s.,0.0
2015,C,Office of Communications,Fixed broadband subscriptions (number) [17.6.1],Internet speed: 256 kbit/s to less than 2 Mbit/s,Number,Country Data,Ofcom,Obs_Value = 0;  Estimated breakdown based on data for residential connections.,Obs_Value = 0;  Data only for ≤2 Mbit/s Considered most of these subscriptions are at 2 Mbit/s.,0.0
2016,C,Ofcom,Fixed broadband subscriptions (number) [17.6.1],Internet speed: 256 kbit/s to less than 2 Mbit/s,Number,Country Data,Ofcom,Obs_Value = 0;  Estimated breakdown based on data for residential connections.,Obs_Value = 0;  Data only for ≤2 Mbit/s Considered most of these subscriptions are at 2 Mbit/s.,0.0
2017,C,Ofcom,Fixed broadband subscriptions (number) [17.6.1],Internet speed: 256 kbit/s to less than 2 Mbit/s,Number,Country Data,Ofcom,Obs_Value = 0;  Estimated breakdown based on data for residential connections.,Obs_Value = 0;  Estimated breakdown based on data for residential connections.,0.0
2018,C,Ofcom,Fixed broadband subscriptions (number) [17.6.1],Internet speed: 256 kbit/s to less than 2 Mbit/s,Number,Country Data,Ofcom,Obs_Value = 0;  Estimated breakdown based on data for residential connections.,Obs_Value = 0;  Estimated breakdown based on data for residential connections.,0.0
2019,C,Ofcom,Fixed broadband subscriptions (number) [17.6.1],Internet speed: 256 kbit/s to less than 2 Mbit/s,Number,Country Data,Ofcom,Obs_Value = 0;  Estimated breakdown based on data for residential connections.,Obs_Value = 0;  Estimated breakdown based on data for residential connections.,0.0
2008,C,Office of Communications,Fixed broadband subscriptions (number) [17.6.1],Internet speed: 2 Mbit/s to less than 10 Mbit/s,Number,Country Data,Ofcom,"Incl. <2 Mbit/s, Estimated breakdown based on data for residential connections.",,15266549.0
2009,C,Office of Communications,Fixed broadband subscriptions (number) [17.6.1],Internet speed: 2 Mbit/s to less than 10 Mbit/s,Number,Country Data,Ofcom,"Incl. <2 Mbit/s, Estimated breakdown based on data for residential connections.",,11457811.0
2010,C,Office of Communications,Fixed broadband subscriptions (number) [17.6.1],Internet speed: 2 Mbit/s to less than 10 Mbit/s,Number,Country Data,Ofcom,"Incl. <2 Mbit/s, Estimated breakdown based on data for residential connections.",,6301828.0
2011,C,Office of Communications,Fixed broadband subscriptions (number) [17.6.1],Internet speed: 2 Mbit/s to less than 10 Mbit/s,Number,Country Data,Ofcom,"Incl. <2 Mbit/s, Estimated breakdown based on data for residential connections.","Incl. <2 Mbit/s, estimated to be marginal.",5485439.0
2012,C,Office of Communications,Fixed broadband subscriptions (number) [17.6.1],Internet speed: 2 Mbit/s to less than 10 Mbit/s,Number,Country Data,Ofcom,"Incl. <2 Mbit/s, Estimated breakdown based on data for residential connections.","Incl. <2 Mbit/s, estimated to be marginal.",4789579.0
2013,C,Office of Communications,Fixed broadband subscriptions (number) [17.6.1],Internet speed: 2 Mbit/s to less than 10 Mbit/s,Number,Country Data,Ofcom,"Incl. <2 Mbit/s, Estimated breakdown based on data for residential connections.","Incl. <2 Mbit/s, estimated to be marginal.",3774383.0
2014,C,Office of Communications,Fixed broadband subscriptions (number) [17.6.1],Internet speed: 2 Mbit/s to less than 10 Mbit/s,Number,Country Data,Ofcom,"Incl. <2 Mbit/s, Estimated breakdown based on data for residential connections.","Incl. <2 Mbit/s, estimated to be marginal.",3066389.0
2015,C,Office of Communications,Fixed broadband subscriptions (number) [17.6.1],Internet speed: 2 Mbit/s to less than 10 Mbit/s,Number,Country Data,Ofcom,"Incl. <2 Mbit/s, Estimated breakdown based on data for residential connections.","Incl. <2 Mbit/s, estimated to be marginal.",1726418.0
2016,C,Ofcom,Fixed broadband subscriptions (number) [17.6.1],Internet speed: 2 Mbit/s to less than 10 Mbit/s,Number,Country Data,Ofcom,"Incl. <2 Mbit/s, Estimated breakdown based on data for residential connections.","Incl. <2 Mbit/s, estimated to be marginal.",1171786.0
2017,C,Ofcom,Fixed broadband subscriptions (number) [17.6.1],Internet speed: 2 Mbit/s to less than 10 Mbit/s,Number,Country Data,Ofcom,"Incl. <2 Mbit/s, Estimated breakdown based on data for residential connections.","Incl. <2 Mbit/s, Estimated breakdown based on data for residential connections.",787079.0
2018,C,Ofcom,Fixed broadband subscriptions (number) [17.6.1],Internet speed: 2 Mbit/s to less than 10 Mbit/s,Number,Country Data,Ofcom,"Incl. <2 Mbit/s, Estimated breakdown based on data for residential connections.","Incl. <2 Mbit/s, Estimated breakdown based on data for residential connections.",421072.0
2019,C,Ofcom,Fixed broadband subscriptions (number) [17.6.1],Internet speed: 2 Mbit/s to less than 10 Mbit/s,Number,Country Data,Ofcom,"Incl. <2 Mbit/s, Estimated breakdown based on data for residential connections.","Incl. <2 Mbit/s, Estimated breakdown based on data for residential connections.",267883.0
2008,C,Office of Communications,Fixed broadband subscriptions (number) [17.6.1],Internet speed: 10 Mbit/s or above,Number,Country Data,Ofcom,Estimated breakdown based on data for residential connections.,,1169483.0
2009,C,Office of Communications,Fixed broadband subscriptions (number) [17.6.1],Internet speed: 10 Mbit/s or above,Number,Country Data,Ofcom,Estimated breakdown based on data for residential connections.,,6005106.0
2010,C,Office of Communications,Fixed broadband subscriptions (number) [17.6.1],Internet speed: 10 Mbit/s or above,Number,Country Data,Ofcom,Estimated breakdown based on data for residential connections.,,12588345.0
2011,C,Office of Communications,Fixed broadband subscriptions (number) [17.6.1],Internet speed: 10 Mbit/s or above,Number,Country Data,Ofcom,Estimated breakdown based on data for residential connections.,,14304394.0
2012,C,Office of Communications,Fixed broadband subscriptions (number) [17.6.1],Internet speed: 10 Mbit/s or above,Number,Country Data,Ofcom,Estimated breakdown based on data for residential connections.,,16390030.0
2013,C,Office of Communications,Fixed broadband subscriptions (number) [17.6.1],Internet speed: 10 Mbit/s or above,Number,Country Data,Ofcom,Estimated breakdown based on data for residential connections.,,18019050.0
2014,C,Office of Communications,Fixed broadband subscriptions (number) [17.6.1],Internet speed: 10 Mbit/s or above,Number,Country Data,Ofcom,Estimated breakdown based on data for residential connections.,,20663411.0
2015,C,Office of Communications,Fixed broadband subscriptions (number) [17.6.1],Internet speed: 10 Mbit/s or above,Number,Country Data,Ofcom,Estimated breakdown based on data for residential connections.,,22936692.0
2016,C,Ofcom,Fixed broadband subscriptions (number) [17.6.1],Internet speed: 10 Mbit/s or above,Number,Country Data,Ofcom,Estimated breakdown based on data for residential connections.,,24301833.0
2017,C,Ofcom,Fixed broadband subscriptions (number) [17.6.1],Internet speed: 10 Mbit/s or above,Number,Country Data,Ofcom,Estimated breakdown based on data for residential connections.,Estimated breakdown based on data for residential connections.,25256352.0
2018,C,Ofcom,Fixed broadband subscriptions (number) [17.6.1],Internet speed: 10 Mbit/s or above,Number,Country Data,Ofcom,Estimated breakdown based on data for residential connections.,Estimated breakdown based on data for residential connections.,26165038.0
2019,C,Ofcom,Fixed broadband subscriptions (number) [17.6.1],Internet speed: 10 Mbit/s or above,Number,Country Data,Ofcom,Estimated breakdown based on data for residential connections.,Estimated breakdown based on data for residential connections.,26519080.0
