Year,SOURCE_DETAIL,SDG Series,Value
2000,"United Kingdom - Family Expenditure Survey (FES) 2000; Key indicator of the 2019 global report on Global Monitoring Report on Financial Protection in Health 2019. Geneva: World Health Organization and International Bank for Reconstruction and Development The World Bank; 2019, available at https://www.who.int/health_financing/topics/financial-protection/en/ and http://datatopics.worldbank.org/universal-health-coverage/",Proportion of population with large household expenditures on health (greater than 10%) as a share of total household expenditure or income [3.8.2],2.0
2005,"United Kingdom - Family Expenditure Survey (FES) 2005; Key indicator of the 2019 global report on Global Monitoring Report on Financial Protection in Health 2019. Geneva: World Health Organization and International Bank for Reconstruction and Development The World Bank; 2019, available at https://www.who.int/health_financing/topics/financial-protection/en/ and http://datatopics.worldbank.org/universal-health-coverage/",Proportion of population with large household expenditures on health (greater than 10%) as a share of total household expenditure or income [3.8.2],2.03
2013,"United Kingdom - Living Costs and Food Survey (LCFS) 2013; Key indicator of the 2019 global report on Global Monitoring Report on Financial Protection in Health 2019. Geneva: World Health Organization and International Bank for Reconstruction and Development The World Bank; 2019, available at https://www.who.int/health_financing/topics/financial-protection/en/ and http://datatopics.worldbank.org/universal-health-coverage/",Proportion of population with large household expenditures on health (greater than 10%) as a share of total household expenditure or income [3.8.2],1.64
2000,"United Kingdom - Family Expenditure Survey (FES) 2000; Key indicator of the 2019 global report on Global Monitoring Report on Financial Protection in Health 2019. Geneva: World Health Organization and International Bank for Reconstruction and Development The World Bank; 2019, available at https://www.who.int/health_financing/topics/financial-protection/en/ and http://datatopics.worldbank.org/universal-health-coverage/",Proportion of population with large household expenditures on health (greater than 25%) as a share of total household expenditure or income [3.8.2],0.26
2005,"United Kingdom - Family Expenditure Survey (FES) 2005; Key indicator of the 2019 global report on Global Monitoring Report on Financial Protection in Health 2019. Geneva: World Health Organization and International Bank for Reconstruction and Development The World Bank; 2019, available at https://www.who.int/health_financing/topics/financial-protection/en/ and http://datatopics.worldbank.org/universal-health-coverage/",Proportion of population with large household expenditures on health (greater than 25%) as a share of total household expenditure or income [3.8.2],0.34
2013,"United Kingdom - Living Costs and Food Survey (LCFS) 2013; Key indicator of the 2019 global report on Global Monitoring Report on Financial Protection in Health 2019. Geneva: World Health Organization and International Bank for Reconstruction and Development The World Bank; 2019, available at https://www.who.int/health_financing/topics/financial-protection/en/ and http://datatopics.worldbank.org/universal-health-coverage/",Proportion of population with large household expenditures on health (greater than 25%) as a share of total household expenditure or income [3.8.2],0.48
