Year,UNIT_MULT,SOURCE_DETAIL,SDG Series,Economic activity,Unit of measure,Unit multiplier,Source details,BASE_PER,Base period,Value
2000,6,"IEA (2020), CO2 Emissions from fuel combustion. https://www.iea.org/statistics",Carbon dioxide emissions from fuel combustion [9.4.1],,Metric Tons,Millions,"IEA (2020), CO2 Emissions from fuel combustion. https://www.iea.org/statistics",,,520.563
2001,6,"IEA (2020), CO2 Emissions from fuel combustion. https://www.iea.org/statistics",Carbon dioxide emissions from fuel combustion [9.4.1],,Metric Tons,Millions,"IEA (2020), CO2 Emissions from fuel combustion. https://www.iea.org/statistics",,,535.303
2002,6,"IEA (2020), CO2 Emissions from fuel combustion. https://www.iea.org/statistics",Carbon dioxide emissions from fuel combustion [9.4.1],,Metric Tons,Millions,"IEA (2020), CO2 Emissions from fuel combustion. https://www.iea.org/statistics",,,521.177
2003,6,"IEA (2020), CO2 Emissions from fuel combustion. https://www.iea.org/statistics",Carbon dioxide emissions from fuel combustion [9.4.1],,Metric Tons,Millions,"IEA (2020), CO2 Emissions from fuel combustion. https://www.iea.org/statistics",,,533.472
2004,6,"IEA (2020), CO2 Emissions from fuel combustion. https://www.iea.org/statistics",Carbon dioxide emissions from fuel combustion [9.4.1],,Metric Tons,Millions,"IEA (2020), CO2 Emissions from fuel combustion. https://www.iea.org/statistics",,,533.391
2005,6,"IEA (2020), CO2 Emissions from fuel combustion. https://www.iea.org/statistics",Carbon dioxide emissions from fuel combustion [9.4.1],,Metric Tons,Millions,"IEA (2020), CO2 Emissions from fuel combustion. https://www.iea.org/statistics",,,531.649
2006,6,"IEA (2020), CO2 Emissions from fuel combustion. https://www.iea.org/statistics",Carbon dioxide emissions from fuel combustion [9.4.1],,Metric Tons,Millions,"IEA (2020), CO2 Emissions from fuel combustion. https://www.iea.org/statistics",,,532.9
2007,6,"IEA (2020), CO2 Emissions from fuel combustion. https://www.iea.org/statistics",Carbon dioxide emissions from fuel combustion [9.4.1],,Metric Tons,Millions,"IEA (2020), CO2 Emissions from fuel combustion. https://www.iea.org/statistics",,,521.733
2008,6,"IEA (2020), CO2 Emissions from fuel combustion. https://www.iea.org/statistics",Carbon dioxide emissions from fuel combustion [9.4.1],,Metric Tons,Millions,"IEA (2020), CO2 Emissions from fuel combustion. https://www.iea.org/statistics",,,507.897
2009,6,"IEA (2020), CO2 Emissions from fuel combustion. https://www.iea.org/statistics",Carbon dioxide emissions from fuel combustion [9.4.1],,Metric Tons,Millions,"IEA (2020), CO2 Emissions from fuel combustion. https://www.iea.org/statistics",,,460.084
2010,6,"IEA (2020), CO2 Emissions from fuel combustion. https://www.iea.org/statistics",Carbon dioxide emissions from fuel combustion [9.4.1],,Metric Tons,Millions,"IEA (2020), CO2 Emissions from fuel combustion. https://www.iea.org/statistics",,,476.626
2011,6,"IEA (2020), CO2 Emissions from fuel combustion. https://www.iea.org/statistics",Carbon dioxide emissions from fuel combustion [9.4.1],,Metric Tons,Millions,"IEA (2020), CO2 Emissions from fuel combustion. https://www.iea.org/statistics",,,439.179
2012,6,"IEA (2020), CO2 Emissions from fuel combustion. https://www.iea.org/statistics",Carbon dioxide emissions from fuel combustion [9.4.1],,Metric Tons,Millions,"IEA (2020), CO2 Emissions from fuel combustion. https://www.iea.org/statistics",,,461.442
2013,6,"IEA (2020), CO2 Emissions from fuel combustion. https://www.iea.org/statistics",Carbon dioxide emissions from fuel combustion [9.4.1],,Metric Tons,Millions,"IEA (2020), CO2 Emissions from fuel combustion. https://www.iea.org/statistics",,,447.003
2014,6,"IEA (2020), CO2 Emissions from fuel combustion. https://www.iea.org/statistics",Carbon dioxide emissions from fuel combustion [9.4.1],,Metric Tons,Millions,"IEA (2020), CO2 Emissions from fuel combustion. https://www.iea.org/statistics",,,408.663
2015,6,"IEA (2020), CO2 Emissions from fuel combustion. https://www.iea.org/statistics",Carbon dioxide emissions from fuel combustion [9.4.1],,Metric Tons,Millions,"IEA (2020), CO2 Emissions from fuel combustion. https://www.iea.org/statistics",,,394.022
2016,6,"IEA (2020), CO2 Emissions from fuel combustion. https://www.iea.org/statistics",Carbon dioxide emissions from fuel combustion [9.4.1],,Metric Tons,Millions,"IEA (2020), CO2 Emissions from fuel combustion. https://www.iea.org/statistics",,,372.353
2017,6,"IEA (2020), CO2 Emissions from fuel combustion. https://www.iea.org/statistics",Carbon dioxide emissions from fuel combustion [9.4.1],,Metric Tons,Millions,"IEA (2020), CO2 Emissions from fuel combustion. https://www.iea.org/statistics",,,359.944
2018,6,"IEA (2020), CO2 Emissions from fuel combustion. https://www.iea.org/statistics",Carbon dioxide emissions from fuel combustion [9.4.1],,Metric Tons,Millions,"IEA (2020), CO2 Emissions from fuel combustion. https://www.iea.org/statistics",,,352.363
2000,6,"IEA (2020), CO2 Emissions from fuel combustion. https://www.iea.org/statistics",Carbon dioxide emissions from fuel combustion [9.4.1],Manufacturing excl. coke and refined petroleum products and repair and installation of machinery and equipment,Metric Tons,Millions,"IEA (2020), CO2 Emissions from fuel combustion. https://www.iea.org/statistics",,,59.373
2001,6,"IEA (2020), CO2 Emissions from fuel combustion. https://www.iea.org/statistics",Carbon dioxide emissions from fuel combustion [9.4.1],Manufacturing excl. coke and refined petroleum products and repair and installation of machinery and equipment,Metric Tons,Millions,"IEA (2020), CO2 Emissions from fuel combustion. https://www.iea.org/statistics",,,62.671
2002,6,"IEA (2020), CO2 Emissions from fuel combustion. https://www.iea.org/statistics",Carbon dioxide emissions from fuel combustion [9.4.1],Manufacturing excl. coke and refined petroleum products and repair and installation of machinery and equipment,Metric Tons,Millions,"IEA (2020), CO2 Emissions from fuel combustion. https://www.iea.org/statistics",,,58.265
2003,6,"IEA (2020), CO2 Emissions from fuel combustion. https://www.iea.org/statistics",Carbon dioxide emissions from fuel combustion [9.4.1],Manufacturing excl. coke and refined petroleum products and repair and installation of machinery and equipment,Metric Tons,Millions,"IEA (2020), CO2 Emissions from fuel combustion. https://www.iea.org/statistics",,,59.118
2004,6,"IEA (2020), CO2 Emissions from fuel combustion. https://www.iea.org/statistics",Carbon dioxide emissions from fuel combustion [9.4.1],Manufacturing excl. coke and refined petroleum products and repair and installation of machinery and equipment,Metric Tons,Millions,"IEA (2020), CO2 Emissions from fuel combustion. https://www.iea.org/statistics",,,57.152
2005,6,"IEA (2020), CO2 Emissions from fuel combustion. https://www.iea.org/statistics",Carbon dioxide emissions from fuel combustion [9.4.1],Manufacturing excl. coke and refined petroleum products and repair and installation of machinery and equipment,Metric Tons,Millions,"IEA (2020), CO2 Emissions from fuel combustion. https://www.iea.org/statistics",,,54.05
2006,6,"IEA (2020), CO2 Emissions from fuel combustion. https://www.iea.org/statistics",Carbon dioxide emissions from fuel combustion [9.4.1],Manufacturing excl. coke and refined petroleum products and repair and installation of machinery and equipment,Metric Tons,Millions,"IEA (2020), CO2 Emissions from fuel combustion. https://www.iea.org/statistics",,,53.39
2007,6,"IEA (2020), CO2 Emissions from fuel combustion. https://www.iea.org/statistics",Carbon dioxide emissions from fuel combustion [9.4.1],Manufacturing excl. coke and refined petroleum products and repair and installation of machinery and equipment,Metric Tons,Millions,"IEA (2020), CO2 Emissions from fuel combustion. https://www.iea.org/statistics",,,52.484
2008,6,"IEA (2020), CO2 Emissions from fuel combustion. https://www.iea.org/statistics",Carbon dioxide emissions from fuel combustion [9.4.1],Manufacturing excl. coke and refined petroleum products and repair and installation of machinery and equipment,Metric Tons,Millions,"IEA (2020), CO2 Emissions from fuel combustion. https://www.iea.org/statistics",,,50.9
2009,6,"IEA (2020), CO2 Emissions from fuel combustion. https://www.iea.org/statistics",Carbon dioxide emissions from fuel combustion [9.4.1],Manufacturing excl. coke and refined petroleum products and repair and installation of machinery and equipment,Metric Tons,Millions,"IEA (2020), CO2 Emissions from fuel combustion. https://www.iea.org/statistics",,,42.14
2010,6,"IEA (2020), CO2 Emissions from fuel combustion. https://www.iea.org/statistics",Carbon dioxide emissions from fuel combustion [9.4.1],Manufacturing excl. coke and refined petroleum products and repair and installation of machinery and equipment,Metric Tons,Millions,"IEA (2020), CO2 Emissions from fuel combustion. https://www.iea.org/statistics",,,43.876
2011,6,"IEA (2020), CO2 Emissions from fuel combustion. https://www.iea.org/statistics",Carbon dioxide emissions from fuel combustion [9.4.1],Manufacturing excl. coke and refined petroleum products and repair and installation of machinery and equipment,Metric Tons,Millions,"IEA (2020), CO2 Emissions from fuel combustion. https://www.iea.org/statistics",,,39.148
2012,6,"IEA (2020), CO2 Emissions from fuel combustion. https://www.iea.org/statistics",Carbon dioxide emissions from fuel combustion [9.4.1],Manufacturing excl. coke and refined petroleum products and repair and installation of machinery and equipment,Metric Tons,Millions,"IEA (2020), CO2 Emissions from fuel combustion. https://www.iea.org/statistics",,,39.201
2013,6,"IEA (2020), CO2 Emissions from fuel combustion. https://www.iea.org/statistics",Carbon dioxide emissions from fuel combustion [9.4.1],Manufacturing excl. coke and refined petroleum products and repair and installation of machinery and equipment,Metric Tons,Millions,"IEA (2020), CO2 Emissions from fuel combustion. https://www.iea.org/statistics",,,39.856
2014,6,"IEA (2020), CO2 Emissions from fuel combustion. https://www.iea.org/statistics",Carbon dioxide emissions from fuel combustion [9.4.1],Manufacturing excl. coke and refined petroleum products and repair and installation of machinery and equipment,Metric Tons,Millions,"IEA (2020), CO2 Emissions from fuel combustion. https://www.iea.org/statistics",,,39.509
2015,6,"IEA (2020), CO2 Emissions from fuel combustion. https://www.iea.org/statistics",Carbon dioxide emissions from fuel combustion [9.4.1],Manufacturing excl. coke and refined petroleum products and repair and installation of machinery and equipment,Metric Tons,Millions,"IEA (2020), CO2 Emissions from fuel combustion. https://www.iea.org/statistics",,,37.823
2016,6,"IEA (2020), CO2 Emissions from fuel combustion. https://www.iea.org/statistics",Carbon dioxide emissions from fuel combustion [9.4.1],Manufacturing excl. coke and refined petroleum products and repair and installation of machinery and equipment,Metric Tons,Millions,"IEA (2020), CO2 Emissions from fuel combustion. https://www.iea.org/statistics",,,30.638
2017,6,"IEA (2020), CO2 Emissions from fuel combustion. https://www.iea.org/statistics",Carbon dioxide emissions from fuel combustion [9.4.1],Manufacturing excl. coke and refined petroleum products and repair and installation of machinery and equipment,Metric Tons,Millions,"IEA (2020), CO2 Emissions from fuel combustion. https://www.iea.org/statistics",,,31.479
2018,6,"IEA (2020), CO2 Emissions from fuel combustion. https://www.iea.org/statistics",Carbon dioxide emissions from fuel combustion [9.4.1],Manufacturing excl. coke and refined petroleum products and repair and installation of machinery and equipment,Metric Tons,Millions,"IEA (2020), CO2 Emissions from fuel combustion. https://www.iea.org/statistics",,,30.393
2000,0,"IEA (2020), CO2 Emissions from fuel combustion. https://www.iea.org/statistics",Carbon dioxide emissions per unit of GDP [9.4.1],,Kilograms per constant USD,Units,"IEA (2020), CO2 Emissions from fuel combustion. https://www.iea.org/statistics",2017,2017,0.23181
2001,0,"IEA (2020), CO2 Emissions from fuel combustion. https://www.iea.org/statistics",Carbon dioxide emissions per unit of GDP [9.4.1],,Kilograms per constant USD,Units,"IEA (2020), CO2 Emissions from fuel combustion. https://www.iea.org/statistics",2017,2017,0.23149
2002,0,"IEA (2020), CO2 Emissions from fuel combustion. https://www.iea.org/statistics",Carbon dioxide emissions per unit of GDP [9.4.1],,Kilograms per constant USD,Units,"IEA (2020), CO2 Emissions from fuel combustion. https://www.iea.org/statistics",2017,2017,0.22026
2003,0,"IEA (2020), CO2 Emissions from fuel combustion. https://www.iea.org/statistics",Carbon dioxide emissions per unit of GDP [9.4.1],,Kilograms per constant USD,Units,"IEA (2020), CO2 Emissions from fuel combustion. https://www.iea.org/statistics",2017,2017,0.21828
2004,0,"IEA (2020), CO2 Emissions from fuel combustion. https://www.iea.org/statistics",Carbon dioxide emissions per unit of GDP [9.4.1],,Kilograms per constant USD,Units,"IEA (2020), CO2 Emissions from fuel combustion. https://www.iea.org/statistics",2017,2017,0.21319
2005,0,"IEA (2020), CO2 Emissions from fuel combustion. https://www.iea.org/statistics",Carbon dioxide emissions per unit of GDP [9.4.1],,Kilograms per constant USD,Units,"IEA (2020), CO2 Emissions from fuel combustion. https://www.iea.org/statistics",2017,2017,0.20594
2006,0,"IEA (2020), CO2 Emissions from fuel combustion. https://www.iea.org/statistics",Carbon dioxide emissions per unit of GDP [9.4.1],,Kilograms per constant USD,Units,"IEA (2020), CO2 Emissions from fuel combustion. https://www.iea.org/statistics",2017,2017,0.20083
2007,0,"IEA (2020), CO2 Emissions from fuel combustion. https://www.iea.org/statistics",Carbon dioxide emissions per unit of GDP [9.4.1],,Kilograms per constant USD,Units,"IEA (2020), CO2 Emissions from fuel combustion. https://www.iea.org/statistics",2017,2017,0.19195
2008,0,"IEA (2020), CO2 Emissions from fuel combustion. https://www.iea.org/statistics",Carbon dioxide emissions per unit of GDP [9.4.1],,Kilograms per constant USD,Units,"IEA (2020), CO2 Emissions from fuel combustion. https://www.iea.org/statistics",2017,2017,0.18739
2009,0,"IEA (2020), CO2 Emissions from fuel combustion. https://www.iea.org/statistics",Carbon dioxide emissions per unit of GDP [9.4.1],,Kilograms per constant USD,Units,"IEA (2020), CO2 Emissions from fuel combustion. https://www.iea.org/statistics",2017,2017,0.17728
2010,0,"IEA (2020), CO2 Emissions from fuel combustion. https://www.iea.org/statistics",Carbon dioxide emissions per unit of GDP [9.4.1],,Kilograms per constant USD,Units,"IEA (2020), CO2 Emissions from fuel combustion. https://www.iea.org/statistics",2017,2017,0.18014
2011,0,"IEA (2020), CO2 Emissions from fuel combustion. https://www.iea.org/statistics",Carbon dioxide emissions per unit of GDP [9.4.1],,Kilograms per constant USD,Units,"IEA (2020), CO2 Emissions from fuel combustion. https://www.iea.org/statistics",2017,2017,0.16347
2012,0,"IEA (2020), CO2 Emissions from fuel combustion. https://www.iea.org/statistics",Carbon dioxide emissions per unit of GDP [9.4.1],,Kilograms per constant USD,Units,"IEA (2020), CO2 Emissions from fuel combustion. https://www.iea.org/statistics",2017,2017,0.16926
2013,0,"IEA (2020), CO2 Emissions from fuel combustion. https://www.iea.org/statistics",Carbon dioxide emissions per unit of GDP [9.4.1],,Kilograms per constant USD,Units,"IEA (2020), CO2 Emissions from fuel combustion. https://www.iea.org/statistics",2017,2017,0.16052
2014,0,"IEA (2020), CO2 Emissions from fuel combustion. https://www.iea.org/statistics",Carbon dioxide emissions per unit of GDP [9.4.1],,Kilograms per constant USD,Units,"IEA (2020), CO2 Emissions from fuel combustion. https://www.iea.org/statistics",2017,2017,0.14303
2015,0,"IEA (2020), CO2 Emissions from fuel combustion. https://www.iea.org/statistics",Carbon dioxide emissions per unit of GDP [9.4.1],,Kilograms per constant USD,Units,"IEA (2020), CO2 Emissions from fuel combustion. https://www.iea.org/statistics",2017,2017,0.13473
2016,0,"IEA (2020), CO2 Emissions from fuel combustion. https://www.iea.org/statistics",Carbon dioxide emissions per unit of GDP [9.4.1],,Kilograms per constant USD,Units,"IEA (2020), CO2 Emissions from fuel combustion. https://www.iea.org/statistics",2017,2017,0.12492
2017,0,"IEA (2020), CO2 Emissions from fuel combustion. https://www.iea.org/statistics",Carbon dioxide emissions per unit of GDP [9.4.1],,Kilograms per constant USD,Units,"IEA (2020), CO2 Emissions from fuel combustion. https://www.iea.org/statistics",2017,2017,0.11852
2018,0,"IEA (2020), CO2 Emissions from fuel combustion. https://www.iea.org/statistics",Carbon dioxide emissions per unit of GDP [9.4.1],,Kilograms per constant USD,Units,"IEA (2020), CO2 Emissions from fuel combustion. https://www.iea.org/statistics",2017,2017,0.11449
2000,0,"UNIDO MVA 2021 Database. Available at https://stat.unido.org. IEA (2020), CO2 Emissions from Fuel Combustion. https://www.iea.org/statistics",Carbon dioxide emissions per unit of manufacturing value added [9.4.1],Manufacturing,Kilograms per constant USD,Units,"UNIDO MVA 2021 Database. Available at https://stat.unido.org. IEA (2020), CO2 Emissions from Fuel Combustion. https://www.iea.org/statistics",2015,2015,0.207
2001,0,"UNIDO MVA 2021 Database. Available at https://stat.unido.org. IEA (2020), CO2 Emissions from Fuel Combustion. https://www.iea.org/statistics",Carbon dioxide emissions per unit of manufacturing value added [9.4.1],Manufacturing,Kilograms per constant USD,Units,"UNIDO MVA 2021 Database. Available at https://stat.unido.org. IEA (2020), CO2 Emissions from Fuel Combustion. https://www.iea.org/statistics",2015,2015,0.221
2002,0,"UNIDO MVA 2021 Database. Available at https://stat.unido.org. IEA (2020), CO2 Emissions from Fuel Combustion. https://www.iea.org/statistics",Carbon dioxide emissions per unit of manufacturing value added [9.4.1],Manufacturing,Kilograms per constant USD,Units,"UNIDO MVA 2021 Database. Available at https://stat.unido.org. IEA (2020), CO2 Emissions from Fuel Combustion. https://www.iea.org/statistics",2015,2015,0.211
2003,0,"UNIDO MVA 2021 Database. Available at https://stat.unido.org. IEA (2020), CO2 Emissions from Fuel Combustion. https://www.iea.org/statistics",Carbon dioxide emissions per unit of manufacturing value added [9.4.1],Manufacturing,Kilograms per constant USD,Units,"UNIDO MVA 2021 Database. Available at https://stat.unido.org. IEA (2020), CO2 Emissions from Fuel Combustion. https://www.iea.org/statistics",2015,2015,0.215
2004,0,"UNIDO MVA 2021 Database. Available at https://stat.unido.org. IEA (2020), CO2 Emissions from Fuel Combustion. https://www.iea.org/statistics",Carbon dioxide emissions per unit of manufacturing value added [9.4.1],Manufacturing,Kilograms per constant USD,Units,"UNIDO MVA 2021 Database. Available at https://stat.unido.org. IEA (2020), CO2 Emissions from Fuel Combustion. https://www.iea.org/statistics",2015,2015,0.204
2005,0,"UNIDO MVA 2021 Database. Available at https://stat.unido.org. IEA (2020), CO2 Emissions from Fuel Combustion. https://www.iea.org/statistics",Carbon dioxide emissions per unit of manufacturing value added [9.4.1],Manufacturing,Kilograms per constant USD,Units,"UNIDO MVA 2021 Database. Available at https://stat.unido.org. IEA (2020), CO2 Emissions from Fuel Combustion. https://www.iea.org/statistics",2015,2015,0.193
2006,0,"UNIDO MVA 2021 Database. Available at https://stat.unido.org. IEA (2020), CO2 Emissions from Fuel Combustion. https://www.iea.org/statistics",Carbon dioxide emissions per unit of manufacturing value added [9.4.1],Manufacturing,Kilograms per constant USD,Units,"UNIDO MVA 2021 Database. Available at https://stat.unido.org. IEA (2020), CO2 Emissions from Fuel Combustion. https://www.iea.org/statistics",2015,2015,0.186
2007,0,"UNIDO MVA 2021 Database. Available at https://stat.unido.org. IEA (2020), CO2 Emissions from Fuel Combustion. https://www.iea.org/statistics",Carbon dioxide emissions per unit of manufacturing value added [9.4.1],Manufacturing,Kilograms per constant USD,Units,"UNIDO MVA 2021 Database. Available at https://stat.unido.org. IEA (2020), CO2 Emissions from Fuel Combustion. https://www.iea.org/statistics",2015,2015,0.182
2008,0,"UNIDO MVA 2021 Database. Available at https://stat.unido.org. IEA (2020), CO2 Emissions from Fuel Combustion. https://www.iea.org/statistics",Carbon dioxide emissions per unit of manufacturing value added [9.4.1],Manufacturing,Kilograms per constant USD,Units,"UNIDO MVA 2021 Database. Available at https://stat.unido.org. IEA (2020), CO2 Emissions from Fuel Combustion. https://www.iea.org/statistics",2015,2015,0.182
2009,0,"UNIDO MVA 2021 Database. Available at https://stat.unido.org. IEA (2020), CO2 Emissions from Fuel Combustion. https://www.iea.org/statistics",Carbon dioxide emissions per unit of manufacturing value added [9.4.1],Manufacturing,Kilograms per constant USD,Units,"UNIDO MVA 2021 Database. Available at https://stat.unido.org. IEA (2020), CO2 Emissions from Fuel Combustion. https://www.iea.org/statistics",2015,2015,0.165
2010,0,"UNIDO MVA 2021 Database. Available at https://stat.unido.org. IEA (2020), CO2 Emissions from Fuel Combustion. https://www.iea.org/statistics",Carbon dioxide emissions per unit of manufacturing value added [9.4.1],Manufacturing,Kilograms per constant USD,Units,"UNIDO MVA 2021 Database. Available at https://stat.unido.org. IEA (2020), CO2 Emissions from Fuel Combustion. https://www.iea.org/statistics",2015,2015,0.164
2011,0,"UNIDO MVA 2021 Database. Available at https://stat.unido.org. IEA (2020), CO2 Emissions from Fuel Combustion. https://www.iea.org/statistics",Carbon dioxide emissions per unit of manufacturing value added [9.4.1],Manufacturing,Kilograms per constant USD,Units,"UNIDO MVA 2021 Database. Available at https://stat.unido.org. IEA (2020), CO2 Emissions from Fuel Combustion. https://www.iea.org/statistics",2015,2015,0.143
2012,0,"UNIDO MVA 2021 Database. Available at https://stat.unido.org. IEA (2020), CO2 Emissions from Fuel Combustion. https://www.iea.org/statistics",Carbon dioxide emissions per unit of manufacturing value added [9.4.1],Manufacturing,Kilograms per constant USD,Units,"UNIDO MVA 2021 Database. Available at https://stat.unido.org. IEA (2020), CO2 Emissions from Fuel Combustion. https://www.iea.org/statistics",2015,2015,0.145
2013,0,"UNIDO MVA 2021 Database. Available at https://stat.unido.org. IEA (2020), CO2 Emissions from Fuel Combustion. https://www.iea.org/statistics",Carbon dioxide emissions per unit of manufacturing value added [9.4.1],Manufacturing,Kilograms per constant USD,Units,"UNIDO MVA 2021 Database. Available at https://stat.unido.org. IEA (2020), CO2 Emissions from Fuel Combustion. https://www.iea.org/statistics",2015,2015,0.149
2014,0,"UNIDO MVA 2021 Database. Available at https://stat.unido.org. IEA (2020), CO2 Emissions from Fuel Combustion. https://www.iea.org/statistics",Carbon dioxide emissions per unit of manufacturing value added [9.4.1],Manufacturing,Kilograms per constant USD,Units,"UNIDO MVA 2021 Database. Available at https://stat.unido.org. IEA (2020), CO2 Emissions from Fuel Combustion. https://www.iea.org/statistics",2015,2015,0.143
2015,0,"UNIDO MVA 2021 Database. Available at https://stat.unido.org. IEA (2020), CO2 Emissions from Fuel Combustion. https://www.iea.org/statistics",Carbon dioxide emissions per unit of manufacturing value added [9.4.1],Manufacturing,Kilograms per constant USD,Units,"UNIDO MVA 2021 Database. Available at https://stat.unido.org. IEA (2020), CO2 Emissions from Fuel Combustion. https://www.iea.org/statistics",2015,2015,0.138
2016,0,"UNIDO MVA 2021 Database. Available at https://stat.unido.org. IEA (2020), CO2 Emissions from Fuel Combustion. https://www.iea.org/statistics",Carbon dioxide emissions per unit of manufacturing value added [9.4.1],Manufacturing,Kilograms per constant USD,Units,"UNIDO MVA 2021 Database. Available at https://stat.unido.org. IEA (2020), CO2 Emissions from Fuel Combustion. https://www.iea.org/statistics",2015,2015,0.111
2017,0,"UNIDO MVA 2021 Database. Available at https://stat.unido.org. IEA (2020), CO2 Emissions from Fuel Combustion. https://www.iea.org/statistics",Carbon dioxide emissions per unit of manufacturing value added [9.4.1],Manufacturing,Kilograms per constant USD,Units,"UNIDO MVA 2021 Database. Available at https://stat.unido.org. IEA (2020), CO2 Emissions from Fuel Combustion. https://www.iea.org/statistics",2015,2015,0.112
2018,0,"UNIDO MVA 2021 Database. Available at https://stat.unido.org. IEA (2020), CO2 Emissions from Fuel Combustion. https://www.iea.org/statistics",Carbon dioxide emissions per unit of manufacturing value added [9.4.1],Manufacturing,Kilograms per constant USD,Units,"UNIDO MVA 2021 Database. Available at https://stat.unido.org. IEA (2020), CO2 Emissions from Fuel Combustion. https://www.iea.org/statistics",2015,2015,0.107
