Year,Country Group,Product Sector,Units,OBS_STATUS,UNIT_MULT,REPORTING_TYPE,SERIES,PRODUCT,UNIT_MEASURE,Value
2005,Developing countries,,Percentage (%),,,,,,,43.050804738415
2006,Developing countries,,Percentage (%),,,,,,,43.00242385920539
2007,Developing countries,,Percentage (%),,,,,,,41.02660938803128
2008,Developing countries,,Percentage (%),,,,,,,41.88083249963098
2009,Developing countries,,Percentage (%),,,,,,,42.05498017300517
2010,Developing countries,,Percentage (%),,,,,,,42.61787312148675
2011,Developing countries,,Percentage (%),,,,,,,43.0338519108832
2012,Developing countries,,Percentage (%),,,,,,,42.65996845209519
2013,Developing countries,,Percentage (%),,,,,,,42.810601967814286
2014,Developing countries,,Percentage (%),,,,,,,43.310456064122185
2015,Developing countries,,Percentage (%),,,,,,,43.50717014836501
2016,Developing countries,,Percentage (%),,,,,,,45.260405670948565
2017,Developing countries,,Percentage (%),,,,,,,45.8966565349544
2018,Developing countries,,Percentage (%),,,,,,,46.95576436694974
2019,Developing countries,,Percentage (%),,,,,,,47.67470172875578
2005,Developing countries,AGRI,Percentage (%),,,,,,,46.8641975308642
2006,Developing countries,AGRI,Percentage (%),,,,,,,47.39347774339443
2007,Developing countries,AGRI,Percentage (%),,,,,,,46.79541595925297
2008,Developing countries,AGRI,Percentage (%),,,,,,,47.8101402373247
2009,Developing countries,AGRI,Percentage (%),,,,,,,50.11363636363636
2010,Developing countries,AGRI,Percentage (%),,,,,,,50.15886464732048
2011,Developing countries,AGRI,Percentage (%),,,,,,,53.70499419279907
2012,Developing countries,AGRI,Percentage (%),,,,,,,54.68655513001411
2013,Developing countries,AGRI,Percentage (%),,,,,,,54.681367968604
2014,Developing countries,AGRI,Percentage (%),,,,,,,56.51280134554288
2015,Developing countries,AGRI,Percentage (%),,,,,,,58.60411459334743
2016,Developing countries,AGRI,Percentage (%),,,,,,,58.75885203130824
2017,Developing countries,AGRI,Percentage (%),,,,,,,59.15313013323599
2018,Developing countries,AGRI,Percentage (%),,,,,,,61.117136659436014
2019,Developing countries,AGRI,Percentage (%),,,,,,,60.7479964381122
2005,Developing countries,FISH,Percentage (%),,,,,,,32.3809523809524
2006,Developing countries,FISH,Percentage (%),,,,,,,29.411764705882355
2007,Developing countries,FISH,Percentage (%),,,,,,,29.658792650918635
2008,Developing countries,FISH,Percentage (%),,,,,,,29.166666666666668
2009,Developing countries,FISH,Percentage (%),,,,,,,29.526462395543174
2010,Developing countries,FISH,Percentage (%),,,,,,,29.04109589041096
2011,Developing countries,FISH,Percentage (%),,,,,,,26.301369863013697
2012,Developing countries,FISH,Percentage (%),,,,,,,27.56892230576441
2013,Developing countries,FISH,Percentage (%),,,,,,,28.044280442804425
2014,Developing countries,FISH,Percentage (%),,,,,,,30.256410256410252
2015,Developing countries,FISH,Percentage (%),,,,,,,35.373134328358205
2016,Developing countries,FISH,Percentage (%),,,,,,,38.10264385692068
2017,Developing countries,FISH,Percentage (%),,,,,,,35.966149506346966
2018,Developing countries,FISH,Percentage (%),,,,,,,40.86538461538461
2019,Developing countries,FISH,Percentage (%),,,,,,,44.6875
2005,Developing countries,NAMA,Percentage (%),,,,,,,42.106367600083935
2006,Developing countries,NAMA,Percentage (%),,,,,,,42.12657536739615
2007,Developing countries,NAMA,Percentage (%),,,,,,,40.63928644735124
2008,Developing countries,NAMA,Percentage (%),,,,,,,41.499560675583325
2009,Developing countries,NAMA,Percentage (%),,,,,,,41.40814299900696
2010,Developing countries,NAMA,Percentage (%),,,,,,,42.04026688516914
2011,Developing countries,NAMA,Percentage (%),,,,,,,42.21410693036806
2012,Developing countries,NAMA,Percentage (%),,,,,,,41.75583706410231
2013,Developing countries,NAMA,Percentage (%),,,,,,,41.894988158730776
2014,Developing countries,NAMA,Percentage (%),,,,,,,42.15072924131786
2015,Developing countries,NAMA,Percentage (%),,,,,,,42.007787830062576
2016,Developing countries,NAMA,Percentage (%),,,,,,,43.95112093945402
2017,Developing countries,NAMA,Percentage (%),,,,,,,44.79073389137629
2018,Developing countries,NAMA,Percentage (%),,,,,,,45.60190610108585
2019,Developing countries,NAMA,Percentage (%),,,,,,,46.47469788519638
2005,Developing countries,PAPS,Percentage (%),,,,,,,35.525507068223725
2006,Developing countries,PAPS,Percentage (%),,,,,,,35.71847507331378
2007,Developing countries,PAPS,Percentage (%),,,,,,,34.8975188781014
2008,Developing countries,PAPS,Percentage (%),,,,,,,37.122844827586206
2009,Developing countries,PAPS,Percentage (%),,,,,,,38.06047966631908
2010,Developing countries,PAPS,Percentage (%),,,,,,,37.58252920264093
2011,Developing countries,PAPS,Percentage (%),,,,,,,39.29939792008758
2012,Developing countries,PAPS,Percentage (%),,,,,,,39.44903581267218
2013,Developing countries,PAPS,Percentage (%),,,,,,,39.39842209072978
2014,Developing countries,PAPS,Percentage (%),,,,,,,42.03406813627255
2015,Developing countries,PAPS,Percentage (%),,,,,,,44.738154613466335
2016,Developing countries,PAPS,Percentage (%),,,,,,,45.42405366554864
2017,Developing countries,PAPS,Percentage (%),,,,,,,44.81651376146789
2018,Developing countries,PAPS,Percentage (%),,,,,,,47.59309718437784
2019,Developing countries,PAPS,Percentage (%),,,,,,,46.90265486725664
2005,Least developed countries,,Percentage (%),,,,,,,56.516443361754
2006,Least developed countries,,Percentage (%),,,,,,,56.485484867201976
2007,Least developed countries,,Percentage (%),,,,,,,51.14709851551957
2008,Least developed countries,,Percentage (%),,,,,,,56.94643368662275
2009,Least developed countries,,Percentage (%),,,,,,,58.13953488372093
2010,Least developed countries,,Percentage (%),,,,,,,60.77818801476853
2011,Least developed countries,,Percentage (%),,,,,,,62.55966587112172
2012,Least developed countries,,Percentage (%),,,,,,,64.71647164716472
2013,Least developed countries,,Percentage (%),,,,,,,63.9497594869054
2014,Least developed countries,,Percentage (%),,,,,,,65.23821527602722
2015,Least developed countries,,Percentage (%),,,,,,,63.47262247838616
2016,Least developed countries,,Percentage (%),,,,,,,63.73271889400922
2017,Least developed countries,,Percentage (%),,,,,,,63.15913927642469
2018,Least developed countries,,Percentage (%),,,,,,,63.46153846153846
2019,Least developed countries,,Percentage (%),,,,,,,63.87981711299804
2005,Least developed countries,AGRI,Percentage (%),,,,,,,79.1095890410959
2006,Least developed countries,AGRI,Percentage (%),,,,,,,80.54607508532423
2007,Least developed countries,AGRI,Percentage (%),,,,,,,71.97802197802197
2008,Least developed countries,AGRI,Percentage (%),,,,,,,79.72602739726027
2009,Least developed countries,AGRI,Percentage (%),,,,,,,87.21311475409837
2010,Least developed countries,AGRI,Percentage (%),,,,,,,86.79245283018868
2011,Least developed countries,AGRI,Percentage (%),,,,,,,86.98060941828255
2012,Least developed countries,AGRI,Percentage (%),,,,,,,91.07981220657275
2013,Least developed countries,AGRI,Percentage (%),,,,,,,88.58921161825725
2014,Least developed countries,AGRI,Percentage (%),,,,,,,84.82142857142857
2015,Least developed countries,AGRI,Percentage (%),,,,,,,85.4581673306773
2016,Least developed countries,AGRI,Percentage (%),,,,,,,88.65979381443299
2017,Least developed countries,AGRI,Percentage (%),,,,,,,89.15187376725838
2018,Least developed countries,AGRI,Percentage (%),,,,,,,89.46395563770795
2019,Least developed countries,AGRI,Percentage (%),,,,,,,87.84722222222221
2005,Least developed countries,FISH,Percentage (%),,,,,,,90.47619047619048
2006,Least developed countries,FISH,Percentage (%),,,,,,,68.18181818181817
2007,Least developed countries,FISH,Percentage (%),,,,,,,66.66666666666666
2008,Least developed countries,FISH,Percentage (%),,,,,,,52.63157894736842
2009,Least developed countries,FISH,Percentage (%),,,,,,,68.75
2010,Least developed countries,FISH,Percentage (%),,,,,,,58.333333333333336
2011,Least developed countries,FISH,Percentage (%),,,,,,,60.0
2012,Least developed countries,FISH,Percentage (%),,,,,,,72.1311475409836
2013,Least developed countries,FISH,Percentage (%),,,,,,,72.36842105263158
2014,Least developed countries,FISH,Percentage (%),,,,,,,93.93939393939394
2015,Least developed countries,FISH,Percentage (%),,,,,,,91.8032786885246
2016,Least developed countries,FISH,Percentage (%),,,,,,,85.9375
2017,Least developed countries,FISH,Percentage (%),,,,,,,85.71428571428571
2018,Least developed countries,FISH,Percentage (%),,,,,,,96.15384615384616
2019,Least developed countries,FISH,Percentage (%),,,,,,,85.91549295774648
2005,Least developed countries,NAMA,Percentage (%),,,,,,,52.112103980503655
2006,Least developed countries,NAMA,Percentage (%),,,,,,,52.28945216680294
2007,Least developed countries,NAMA,Percentage (%),,,,,,,46.73170731707317
2008,Least developed countries,NAMA,Percentage (%),,,,,,,53.57142857142857
2009,Least developed countries,NAMA,Percentage (%),,,,,,,54.00918403391027
2010,Least developed countries,NAMA,Percentage (%),,,,,,,56.69705469845723
2011,Least developed countries,NAMA,Percentage (%),,,,,,,58.66519174041298
2012,Least developed countries,NAMA,Percentage (%),,,,,,,60.57692307692307
2013,Least developed countries,NAMA,Percentage (%),,,,,,,59.7103357472021
2014,Least developed countries,NAMA,Percentage (%),,,,,,,60.99558916194077
2015,Least developed countries,NAMA,Percentage (%),,,,,,,59.87186953989516
2016,Least developed countries,NAMA,Percentage (%),,,,,,,59.85623444843793
2017,Least developed countries,NAMA,Percentage (%),,,,,,,59.067652075042645
2018,Least developed countries,NAMA,Percentage (%),,,,,,,58.95172413793104
2019,Least developed countries,NAMA,Percentage (%),,,,,,,59.73136686858046
2005,Least developed countries,PAPS,Percentage (%),,,,,,,86.76470588235294
2006,Least developed countries,PAPS,Percentage (%),,,,,,,79.3103448275862
2007,Least developed countries,PAPS,Percentage (%),,,,,,,46.39175257731959
2008,Least developed countries,PAPS,Percentage (%),,,,,,,84.88372093023256
2009,Least developed countries,PAPS,Percentage (%),,,,,,,84.4155844155844
2010,Least developed countries,PAPS,Percentage (%),,,,,,,77.63157894736842
2011,Least developed countries,PAPS,Percentage (%),,,,,,,83.82352941176471
2012,Least developed countries,PAPS,Percentage (%),,,,,,,88.73239436619718
2013,Least developed countries,PAPS,Percentage (%),,,,,,,89.28571428571429
2014,Least developed countries,PAPS,Percentage (%),,,,,,,92.70833333333334
2015,Least developed countries,PAPS,Percentage (%),,,,,,,78.21782178217822
2016,Least developed countries,PAPS,Percentage (%),,,,,,,85.84070796460178
2017,Least developed countries,PAPS,Percentage (%),,,,,,,83.78378378378379
2018,Least developed countries,PAPS,Percentage (%),,,,,,,88.59649122807018
2019,Least developed countries,PAPS,Percentage (%),,,,,,,84.61538461538461
2005,Small island developing states,,Percentage (%),,,,,,,51.51515151515152
2006,Small island developing states,,Percentage (%),,,,,,,51.66898470097357
2007,Small island developing states,,Percentage (%),,,,,,,51.14709851551957
2008,Small island developing states,,Percentage (%),,,,,,,58.620689655172406
2009,Small island developing states,,Percentage (%),,,,,,,60.15037593984962
2010,Small island developing states,,Percentage (%),,,,,,,59.67617579028527
2011,Small island developing states,,Percentage (%),,,,,,,63.41256366723261
2012,Small island developing states,,Percentage (%),,,,,,,58.996815286624205
2013,Small island developing states,,Percentage (%),,,,,,,58.99104963384866
2014,Small island developing states,,Percentage (%),,,,,,,60.12913640032284
2015,Small island developing states,,Percentage (%),,,,,,,59.131134352373294
2016,Small island developing states,,Percentage (%),,,,,,,57.63358778625955
2017,Small island developing states,,Percentage (%),,,,,,,56.0595322466336
2018,Small island developing states,,Percentage (%),,,,,,,59.6958174904943
2019,Small island developing states,,Percentage (%),,,,,,,59.86696230598669
2005,Small island developing states,AGRI,Percentage (%),,,,,,,72.36842105263158
2006,Small island developing states,AGRI,Percentage (%),,,,,,,71.03825136612022
2007,Small island developing states,AGRI,Percentage (%),,,,,,,71.97802197802197
2008,Small island developing states,AGRI,Percentage (%),,,,,,,83.14606741573034
2009,Small island developing states,AGRI,Percentage (%),,,,,,,86.16352201257862
2010,Small island developing states,AGRI,Percentage (%),,,,,,,84.93975903614458
2011,Small island developing states,AGRI,Percentage (%),,,,,,,85.29411764705883
2012,Small island developing states,AGRI,Percentage (%),,,,,,,84.18604651162791
2013,Small island developing states,AGRI,Percentage (%),,,,,,,86.80203045685279
2014,Small island developing states,AGRI,Percentage (%),,,,,,,88.73873873873875
2015,Small island developing states,AGRI,Percentage (%),,,,,,,87.14285714285714
2016,Small island developing states,AGRI,Percentage (%),,,,,,,84.23645320197043
2017,Small island developing states,AGRI,Percentage (%),,,,,,,87.27272727272727
2018,Small island developing states,AGRI,Percentage (%),,,,,,,90.19607843137256
2019,Small island developing states,AGRI,Percentage (%),,,,,,,88.93805309734513
2005,Small island developing states,FISH,Percentage (%),,,,,,,68.75
2006,Small island developing states,FISH,Percentage (%),,,,,,,62.5
2007,Small island developing states,FISH,Percentage (%),,,,,,,66.66666666666666
2008,Small island developing states,FISH,Percentage (%),,,,,,,54.16666666666666
2009,Small island developing states,FISH,Percentage (%),,,,,,,70.83333333333334
2010,Small island developing states,FISH,Percentage (%),,,,,,,76.47058823529412
2011,Small island developing states,FISH,Percentage (%),,,,,,,60.86956521739131
2012,Small island developing states,FISH,Percentage (%),,,,,,,69.76744186046511
2013,Small island developing states,FISH,Percentage (%),,,,,,,69.04761904761905
2014,Small island developing states,FISH,Percentage (%),,,,,,,50.0
2015,Small island developing states,FISH,Percentage (%),,,,,,,44.44444444444444
2016,Small island developing states,FISH,Percentage (%),,,,,,,50.0
2017,Small island developing states,FISH,Percentage (%),,,,,,,48.64864864864865
2018,Small island developing states,FISH,Percentage (%),,,,,,,65.51724137931035
2019,Small island developing states,FISH,Percentage (%),,,,,,,64.1025641025641
2005,Small island developing states,NAMA,Percentage (%),,,,,,,47.22863741339492
2006,Small island developing states,NAMA,Percentage (%),,,,,,,47.57709251101321
2007,Small island developing states,NAMA,Percentage (%),,,,,,,46.73170731707317
2008,Small island developing states,NAMA,Percentage (%),,,,,,,53.00101729399797
2009,Small island developing states,NAMA,Percentage (%),,,,,,,53.125
2010,Small island developing states,NAMA,Percentage (%),,,,,,,53.26688815060909
2011,Small island developing states,NAMA,Percentage (%),,,,,,,56.20998719590269
2012,Small island developing states,NAMA,Percentage (%),,,,,,,50.63731170336037
2013,Small island developing states,NAMA,Percentage (%),,,,,,,49.81905910735826
2014,Small island developing states,NAMA,Percentage (%),,,,,,,51.108374384236456
2015,Small island developing states,NAMA,Percentage (%),,,,,,,50.42630937880633
2016,Small island developing states,NAMA,Percentage (%),,,,,,,49.33774834437087
2017,Small island developing states,NAMA,Percentage (%),,,,,,,47.67206477732793
2018,Small island developing states,NAMA,Percentage (%),,,,,,,50.27085590465872
2019,Small island developing states,NAMA,Percentage (%),,,,,,,50.52966101694916
2005,Small island developing states,PAPS,Percentage (%),,,,,,,53.48837209302325
2006,Small island developing states,PAPS,Percentage (%),,,,,,,46.875
2007,Small island developing states,PAPS,Percentage (%),,,,,,,46.39175257731959
2008,Small island developing states,PAPS,Percentage (%),,,,,,,69.23076923076923
2009,Small island developing states,PAPS,Percentage (%),,,,,,,77.67857142857143
2010,Small island developing states,PAPS,Percentage (%),,,,,,,75.89285714285714
2011,Small island developing states,PAPS,Percentage (%),,,,,,,79.04761904761905
2012,Small island developing states,PAPS,Percentage (%),,,,,,,77.57009345794393
2013,Small island developing states,PAPS,Percentage (%),,,,,,,76.5625
2014,Small island developing states,PAPS,Percentage (%),,,,,,,75.38461538461539
2015,Small island developing states,PAPS,Percentage (%),,,,,,,77.44360902255639
2016,Small island developing states,PAPS,Percentage (%),,,,,,,79.85611510791367
2017,Small island developing states,PAPS,Percentage (%),,,,,,,74.82993197278913
2018,Small island developing states,PAPS,Percentage (%),,,,,,,83.68794326241135
2019,Small island developing states,PAPS,Percentage (%),,,,,,,84.25196850393701
2005,,,,A,0,G,TM_TRF_ZERO,,PT,36.69737
2010,,,,A,0,G,TM_TRF_ZERO,,PT,41.57237
2015,,,,A,0,G,TM_TRF_ZERO,,PT,47.51073
2017,,,,A,0,G,TM_TRF_ZERO,,PT,51.65722
2018,,,,A,0,G,TM_TRF_ZERO,,PT,52.81778
2019,,,,A,0,G,TM_TRF_ZERO,,PT,52.54822
2020,,,,A,0,G,TM_TRF_ZERO,,PT,54.1689
2005,,,,A,0,G,TM_TRF_ZERO,AGG_AGR,PT,27.26939
2010,,,,A,0,G,TM_TRF_ZERO,AGG_AGR,PT,37.47863
2015,,,,A,0,G,TM_TRF_ZERO,AGG_AGR,PT,39.68386
2017,,,,A,0,G,TM_TRF_ZERO,AGG_AGR,PT,44.46362
2018,,,,A,0,G,TM_TRF_ZERO,AGG_AGR,PT,45.52161
2019,,,,A,0,G,TM_TRF_ZERO,AGG_AGR,PT,46.88194
2020,,,,A,0,G,TM_TRF_ZERO,AGG_AGR,PT,48.11384
2005,,,,A,0,G,TM_TRF_ZERO,AGG_ARMS,PT,41.90751
2010,,,,A,0,G,TM_TRF_ZERO,AGG_ARMS,PT,44.89796
2015,,,,A,0,G,TM_TRF_ZERO,AGG_ARMS,PT,44.67532
2017,,,,A,0,G,TM_TRF_ZERO,AGG_ARMS,PT,53.24324
2018,,,,A,0,G,TM_TRF_ZERO,AGG_ARMS,PT,54.24658
2019,,,,A,0,G,TM_TRF_ZERO,AGG_ARMS,PT,57.66234
2020,,,,A,0,G,TM_TRF_ZERO,AGG_ARMS,PT,59.87842
2005,,,,A,0,G,TM_TRF_ZERO,AGG_CLTH,PT,28.24427
2010,,,,A,0,G,TM_TRF_ZERO,AGG_CLTH,PT,32.19747
2015,,,,A,0,G,TM_TRF_ZERO,AGG_CLTH,PT,37.21447
2017,,,,A,0,G,TM_TRF_ZERO,AGG_CLTH,PT,43.71191
2018,,,,A,0,G,TM_TRF_ZERO,AGG_CLTH,PT,45.85823
2019,,,,A,0,G,TM_TRF_ZERO,AGG_CLTH,PT,43.03393
2020,,,,A,0,G,TM_TRF_ZERO,AGG_CLTH,PT,44.66555
2005,,,,A,0,G,TM_TRF_ZERO,AGG_IND,PT,38.10873
2010,,,,A,0,G,TM_TRF_ZERO,AGG_IND,PT,42.65676
2015,,,,A,0,G,TM_TRF_ZERO,AGG_IND,PT,49.12029
2017,,,,A,0,G,TM_TRF_ZERO,AGG_IND,PT,53.17202
2018,,,,A,0,G,TM_TRF_ZERO,AGG_IND,PT,54.33325
2019,,,,A,0,G,TM_TRF_ZERO,AGG_IND,PT,54.0574
2020,,,,A,0,G,TM_TRF_ZERO,AGG_IND,PT,55.78927
2005,,,,A,0,G,TM_TRF_ZERO,AGG_OIL,PT,54.54545
2010,,,,A,0,G,TM_TRF_ZERO,AGG_OIL,PT,57.14286
2015,,,,A,0,G,TM_TRF_ZERO,AGG_OIL,PT,54.54545
2017,,,,A,0,G,TM_TRF_ZERO,AGG_OIL,PT,80.95238
2018,,,,A,0,G,TM_TRF_ZERO,AGG_OIL,PT,80.95238
2019,,,,A,0,G,TM_TRF_ZERO,AGG_OIL,PT,66.66667
2020,,,,A,0,G,TM_TRF_ZERO,AGG_OIL,PT,61.90476
2005,,,,A,0,G,TM_TRF_ZERO,AGG_TXT,PT,33.26368
2010,,,,A,0,G,TM_TRF_ZERO,AGG_TXT,PT,37.96591
2015,,,,A,0,G,TM_TRF_ZERO,AGG_TXT,PT,44.13294
2017,,,,A,0,G,TM_TRF_ZERO,AGG_TXT,PT,48.30628
2018,,,,A,0,G,TM_TRF_ZERO,AGG_TXT,PT,48.96571
2019,,,,A,0,G,TM_TRF_ZERO,AGG_TXT,PT,48.77396
2020,,,,A,0,G,TM_TRF_ZERO,AGG_TXT,PT,50.26365
