Year,SERIES,PRODUCT,UNIT_MEASURE,BASE_PER,Value
2000,EN_MAT_DOMCMPC,,T,,12.37611
2001,EN_MAT_DOMCMPC,,T,,12.62861
2002,EN_MAT_DOMCMPC,,T,,12.1559
2003,EN_MAT_DOMCMPC,,T,,11.98774
2004,EN_MAT_DOMCMPC,,T,,12.25269
2005,EN_MAT_DOMCMPC,,T,,12.01986
2006,EN_MAT_DOMCMPC,,T,,12.08438
2007,EN_MAT_DOMCMPC,,T,,11.78107
2008,EN_MAT_DOMCMPC,,T,,11.03813
2009,EN_MAT_DOMCMPC,,T,,9.41631
2010,EN_MAT_DOMCMPC,,T,,9.09247
2011,EN_MAT_DOMCMPC,,T,,9.14647
2012,EN_MAT_DOMCMPC,,T,,8.76987
2013,EN_MAT_DOMCMPC,,T,,8.87034
2014,EN_MAT_DOMCMPC,,T,,8.88404
2015,EN_MAT_DOMCMPC,,T,,8.40725
2016,EN_MAT_DOMCMPC,,T,,8.12198
2017,EN_MAT_DOMCMPC,,T,,7.84017
2000,EN_MAT_DOMCMPC,MF_AGG3A,T,,6.13693
2001,EN_MAT_DOMCMPC,MF_AGG3A,T,,6.30926
2002,EN_MAT_DOMCMPC,MF_AGG3A,T,,5.93923
2003,EN_MAT_DOMCMPC,MF_AGG3A,T,,5.87143
2004,EN_MAT_DOMCMPC,MF_AGG3A,T,,6.01036
2005,EN_MAT_DOMCMPC,MF_AGG3A,T,,5.77097
2006,EN_MAT_DOMCMPC,MF_AGG3A,T,,5.74766
2007,EN_MAT_DOMCMPC,MF_AGG3A,T,,5.73933
2008,EN_MAT_DOMCMPC,MF_AGG3A,T,,4.99069
2009,EN_MAT_DOMCMPC,MF_AGG3A,T,,3.9445
2010,EN_MAT_DOMCMPC,MF_AGG3A,T,,3.70792
2011,EN_MAT_DOMCMPC,MF_AGG3A,T,,3.83944
2012,EN_MAT_DOMCMPC,MF_AGG3A,T,,3.57032
2013,EN_MAT_DOMCMPC,MF_AGG3A,T,,3.5319
2014,EN_MAT_DOMCMPC,MF_AGG3A,T,,3.6275
2015,EN_MAT_DOMCMPC,MF_AGG3A,T,,3.42684
2016,EN_MAT_DOMCMPC,MF_AGG3A,T,,3.228
2017,EN_MAT_DOMCMPC,MF_AGG3A,T,,3.03145
2000,EN_MAT_DOMCMPC,MF_AGG3B,T,,0.18497
2001,EN_MAT_DOMCMPC,MF_AGG3B,T,,0.20034
2002,EN_MAT_DOMCMPC,MF_AGG3B,T,,0.20558
2003,EN_MAT_DOMCMPC,MF_AGG3B,T,,0.19594
2004,EN_MAT_DOMCMPC,MF_AGG3B,T,,0.19822
2005,EN_MAT_DOMCMPC,MF_AGG3B,T,,0.20667
2006,EN_MAT_DOMCMPC,MF_AGG3B,T,,0.30249
2007,EN_MAT_DOMCMPC,MF_AGG3B,T,,0.28734
2008,EN_MAT_DOMCMPC,MF_AGG3B,T,,0.26784
2009,EN_MAT_DOMCMPC,MF_AGG3B,T,,0.27576
2010,EN_MAT_DOMCMPC,MF_AGG3B,T,,0.31102
2011,EN_MAT_DOMCMPC,MF_AGG3B,T,,0.29214
2012,EN_MAT_DOMCMPC,MF_AGG3B,T,,0.28296
2013,EN_MAT_DOMCMPC,MF_AGG3B,T,,0.30393
2014,EN_MAT_DOMCMPC,MF_AGG3B,T,,0.28029
2015,EN_MAT_DOMCMPC,MF_AGG3B,T,,0.28887
2016,EN_MAT_DOMCMPC,MF_AGG3B,T,,0.29772
2017,EN_MAT_DOMCMPC,MF_AGG3B,T,,0.30673
2000,EN_MAT_DOMCMPC,MF1,T,,2.24099
2001,EN_MAT_DOMCMPC,MF1,T,,2.07171
2002,EN_MAT_DOMCMPC,MF1,T,,2.21917
2003,EN_MAT_DOMCMPC,MF1,T,,2.12061
2004,EN_MAT_DOMCMPC,MF1,T,,2.16792
2005,EN_MAT_DOMCMPC,MF1,T,,2.17067
2006,EN_MAT_DOMCMPC,MF1,T,,2.13807
2007,EN_MAT_DOMCMPC,MF1,T,,2.09026
2008,EN_MAT_DOMCMPC,MF1,T,,2.17005
2009,EN_MAT_DOMCMPC,MF1,T,,2.02406
2010,EN_MAT_DOMCMPC,MF1,T,,1.99471
2011,EN_MAT_DOMCMPC,MF1,T,,2.06302
2012,EN_MAT_DOMCMPC,MF1,T,,1.91183
2013,EN_MAT_DOMCMPC,MF1,T,,2.02079
2014,EN_MAT_DOMCMPC,MF1,T,,2.14351
2015,EN_MAT_DOMCMPC,MF1,T,,2.13506
2016,EN_MAT_DOMCMPC,MF1,T,,2.12474
2017,EN_MAT_DOMCMPC,MF1,T,,2.1145
2000,EN_MAT_DOMCMPC,MF11,T,,0.93441
2001,EN_MAT_DOMCMPC,MF11,T,,0.92266
2002,EN_MAT_DOMCMPC,MF11,T,,0.98896
2003,EN_MAT_DOMCMPC,MF11,T,,0.91145
2004,EN_MAT_DOMCMPC,MF11,T,,0.95593
2005,EN_MAT_DOMCMPC,MF11,T,,0.93967
2006,EN_MAT_DOMCMPC,MF11,T,,0.91278
2007,EN_MAT_DOMCMPC,MF11,T,,0.88265
2008,EN_MAT_DOMCMPC,MF11,T,,0.97264
2009,EN_MAT_DOMCMPC,MF11,T,,0.9256
2010,EN_MAT_DOMCMPC,MF11,T,,0.84987
2011,EN_MAT_DOMCMPC,MF11,T,,0.90439
2012,EN_MAT_DOMCMPC,MF11,T,,0.84583
2013,EN_MAT_DOMCMPC,MF11,T,,0.94875
2014,EN_MAT_DOMCMPC,MF11,T,,1.00105
2015,EN_MAT_DOMCMPC,MF11,T,,0.99954
2016,EN_MAT_DOMCMPC,MF11,T,,0.99791
2017,EN_MAT_DOMCMPC,MF11,T,,0.99626
2000,EN_MAT_DOMCMPC,MF121,T,,0.31916
2001,EN_MAT_DOMCMPC,MF121,T,,0.26209
2002,EN_MAT_DOMCMPC,MF121,T,,0.31417
2003,EN_MAT_DOMCMPC,MF121,T,,0.30305
2004,EN_MAT_DOMCMPC,MF121,T,,0.30568
2005,EN_MAT_DOMCMPC,MF121,T,,0.29832
2006,EN_MAT_DOMCMPC,MF121,T,,0.29117
2007,EN_MAT_DOMCMPC,MF121,T,,0.2716
2008,EN_MAT_DOMCMPC,MF121,T,,0.3237
2009,EN_MAT_DOMCMPC,MF121,T,,0.29063
2010,EN_MAT_DOMCMPC,MF121,T,,0.28629
2011,EN_MAT_DOMCMPC,MF121,T,,0.29923
2012,EN_MAT_DOMCMPC,MF121,T,,0.26958
2013,EN_MAT_DOMCMPC,MF121,T,,0.26617
2014,EN_MAT_DOMCMPC,MF121,T,,0.31882
2015,EN_MAT_DOMCMPC,MF121,T,,0.31828
2016,EN_MAT_DOMCMPC,MF121,T,,0.31769
2017,EN_MAT_DOMCMPC,MF121,T,,0.3171
2000,EN_MAT_DOMCMPC,MF122,T,,0.5775
2001,EN_MAT_DOMCMPC,MF122,T,,0.4711
2002,EN_MAT_DOMCMPC,MF122,T,,0.51207
2003,EN_MAT_DOMCMPC,MF122,T,,0.50626
2004,EN_MAT_DOMCMPC,MF122,T,,0.51116
2005,EN_MAT_DOMCMPC,MF122,T,,0.52266
2006,EN_MAT_DOMCMPC,MF122,T,,0.54019
2007,EN_MAT_DOMCMPC,MF122,T,,0.54326
2008,EN_MAT_DOMCMPC,MF122,T,,0.53161
2009,EN_MAT_DOMCMPC,MF122,T,,0.49357
2010,EN_MAT_DOMCMPC,MF122,T,,0.51613
2011,EN_MAT_DOMCMPC,MF122,T,,0.53924
2012,EN_MAT_DOMCMPC,MF122,T,,0.50476
2013,EN_MAT_DOMCMPC,MF122,T,,0.50173
2014,EN_MAT_DOMCMPC,MF122,T,,0.50233
2015,EN_MAT_DOMCMPC,MF122,T,,0.50213
2016,EN_MAT_DOMCMPC,MF122,T,,0.50185
2017,EN_MAT_DOMCMPC,MF122,T,,0.50157
2000,EN_MAT_DOMCMPC,MF13,T,,0.39385
2001,EN_MAT_DOMCMPC,MF13,T,,0.39864
2002,EN_MAT_DOMCMPC,MF13,T,,0.38745
2003,EN_MAT_DOMCMPC,MF13,T,,0.38552
2004,EN_MAT_DOMCMPC,MF13,T,,0.38082
2005,EN_MAT_DOMCMPC,MF13,T,,0.39536
2006,EN_MAT_DOMCMPC,MF13,T,,0.37829
2007,EN_MAT_DOMCMPC,MF13,T,,0.37871
2008,EN_MAT_DOMCMPC,MF13,T,,0.3282
2009,EN_MAT_DOMCMPC,MF13,T,,0.30182
2010,EN_MAT_DOMCMPC,MF13,T,,0.33137
2011,EN_MAT_DOMCMPC,MF13,T,,0.30856
2012,EN_MAT_DOMCMPC,MF13,T,,0.2801
2013,EN_MAT_DOMCMPC,MF13,T,,0.29268
2014,EN_MAT_DOMCMPC,MF13,T,,0.30802
2015,EN_MAT_DOMCMPC,MF13,T,,0.30216
2016,EN_MAT_DOMCMPC,MF13,T,,0.29467
2017,EN_MAT_DOMCMPC,MF13,T,,0.28727
2000,EN_MAT_DOMCMPC,MF14,T,,0.01607
2001,EN_MAT_DOMCMPC,MF14,T,,0.01723
2002,EN_MAT_DOMCMPC,MF14,T,,0.01652
2003,EN_MAT_DOMCMPC,MF14,T,,0.01432
2004,EN_MAT_DOMCMPC,MF14,T,,0.01433
2005,EN_MAT_DOMCMPC,MF14,T,,0.01467
2006,EN_MAT_DOMCMPC,MF14,T,,0.01564
2007,EN_MAT_DOMCMPC,MF14,T,,0.01404
2008,EN_MAT_DOMCMPC,MF14,T,,0.01391
2009,EN_MAT_DOMCMPC,MF14,T,,0.01244
2010,EN_MAT_DOMCMPC,MF14,T,,0.01106
2011,EN_MAT_DOMCMPC,MF14,T,,0.01159
2012,EN_MAT_DOMCMPC,MF14,T,,0.01155
2013,EN_MAT_DOMCMPC,MF14,T,,0.01145
2014,EN_MAT_DOMCMPC,MF14,T,,0.01329
2015,EN_MAT_DOMCMPC,MF14,T,,0.01295
2016,EN_MAT_DOMCMPC,MF14,T,,0.01262
2017,EN_MAT_DOMCMPC,MF14,T,,0.0123
2000,EN_MAT_DOMCMPC,MF2,T,,0.27808
2001,EN_MAT_DOMCMPC,MF2,T,,0.32654
2002,EN_MAT_DOMCMPC,MF2,T,,0.29519
2003,EN_MAT_DOMCMPC,MF2,T,,0.268
2004,EN_MAT_DOMCMPC,MF2,T,,0.26451
2005,EN_MAT_DOMCMPC,MF2,T,,0.25717
2006,EN_MAT_DOMCMPC,MF2,T,,0.2585
2007,EN_MAT_DOMCMPC,MF2,T,,0.29515
2008,EN_MAT_DOMCMPC,MF2,T,,0.20216
2009,EN_MAT_DOMCMPC,MF2,T,,0.06281
2010,EN_MAT_DOMCMPC,MF2,T,,0.11921
2011,EN_MAT_DOMCMPC,MF2,T,,0.10658
2012,EN_MAT_DOMCMPC,MF2,T,,0.09766
2013,EN_MAT_DOMCMPC,MF2,T,,0.13361
2014,EN_MAT_DOMCMPC,MF2,T,,0.16387
2015,EN_MAT_DOMCMPC,MF2,T,,0.15006
2016,EN_MAT_DOMCMPC,MF2,T,,0.13755
2017,EN_MAT_DOMCMPC,MF2,T,,0.12517
2000,EN_MAT_DOMCMPC,MF21,T,,0.25246
2001,EN_MAT_DOMCMPC,MF21,T,,0.29751
2002,EN_MAT_DOMCMPC,MF21,T,,0.27613
2003,EN_MAT_DOMCMPC,MF21,T,,0.25443
2004,EN_MAT_DOMCMPC,MF21,T,,0.24606
2005,EN_MAT_DOMCMPC,MF21,T,,0.23762
2006,EN_MAT_DOMCMPC,MF21,T,,0.23988
2007,EN_MAT_DOMCMPC,MF21,T,,0.28425
2008,EN_MAT_DOMCMPC,MF21,T,,0.19479
2009,EN_MAT_DOMCMPC,MF21,T,,0.06118
2010,EN_MAT_DOMCMPC,MF21,T,,0.11484
2011,EN_MAT_DOMCMPC,MF21,T,,0.10658
2012,EN_MAT_DOMCMPC,MF21,T,,0.09766
2013,EN_MAT_DOMCMPC,MF21,T,,0.13264
2014,EN_MAT_DOMCMPC,MF21,T,,0.1627
2015,EN_MAT_DOMCMPC,MF21,T,,0.15006
2016,EN_MAT_DOMCMPC,MF21,T,,0.13755
2017,EN_MAT_DOMCMPC,MF21,T,,0.12517
2000,EN_MAT_DOMCMPC,MF22,T,,0.02562
2001,EN_MAT_DOMCMPC,MF22,T,,0.02904
2002,EN_MAT_DOMCMPC,MF22,T,,0.01906
2003,EN_MAT_DOMCMPC,MF22,T,,0.01357
2004,EN_MAT_DOMCMPC,MF22,T,,0.01845
2005,EN_MAT_DOMCMPC,MF22,T,,0.01955
2006,EN_MAT_DOMCMPC,MF22,T,,0.01862
2007,EN_MAT_DOMCMPC,MF22,T,,0.01091
2008,EN_MAT_DOMCMPC,MF22,T,,0.00737
2009,EN_MAT_DOMCMPC,MF22,T,,0.00163
2010,EN_MAT_DOMCMPC,MF22,T,,0.00436
2013,EN_MAT_DOMCMPC,MF22,T,,0.00096
2014,EN_MAT_DOMCMPC,MF22,T,,0.00117
2000,EN_MAT_DOMCMPC,MF3,T,,6.32191
2001,EN_MAT_DOMCMPC,MF3,T,,6.5096
2002,EN_MAT_DOMCMPC,MF3,T,,6.14481
2003,EN_MAT_DOMCMPC,MF3,T,,6.06737
2004,EN_MAT_DOMCMPC,MF3,T,,6.20858
2005,EN_MAT_DOMCMPC,MF3,T,,5.97763
2006,EN_MAT_DOMCMPC,MF3,T,,6.05015
2007,EN_MAT_DOMCMPC,MF3,T,,6.02667
2008,EN_MAT_DOMCMPC,MF3,T,,5.25853
2009,EN_MAT_DOMCMPC,MF3,T,,4.22026
2010,EN_MAT_DOMCMPC,MF3,T,,4.01895
2011,EN_MAT_DOMCMPC,MF3,T,,4.13157
2012,EN_MAT_DOMCMPC,MF3,T,,3.85328
2013,EN_MAT_DOMCMPC,MF3,T,,3.83583
2014,EN_MAT_DOMCMPC,MF3,T,,3.90779
2015,EN_MAT_DOMCMPC,MF3,T,,3.71571
2016,EN_MAT_DOMCMPC,MF3,T,,3.52572
2017,EN_MAT_DOMCMPC,MF3,T,,3.33818
2000,EN_MAT_DOMCMPC,MF4,T,,3.53513
2001,EN_MAT_DOMCMPC,MF4,T,,3.72076
2002,EN_MAT_DOMCMPC,MF4,T,,3.49673
2003,EN_MAT_DOMCMPC,MF4,T,,3.53175
2004,EN_MAT_DOMCMPC,MF4,T,,3.61168
2005,EN_MAT_DOMCMPC,MF4,T,,3.61438
2006,EN_MAT_DOMCMPC,MF4,T,,3.63767
2007,EN_MAT_DOMCMPC,MF4,T,,3.36899
2008,EN_MAT_DOMCMPC,MF4,T,,3.40738
2009,EN_MAT_DOMCMPC,MF4,T,,3.10918
2010,EN_MAT_DOMCMPC,MF4,T,,2.95961
2011,EN_MAT_DOMCMPC,MF4,T,,2.84528
2012,EN_MAT_DOMCMPC,MF4,T,,2.90709
2013,EN_MAT_DOMCMPC,MF4,T,,2.88012
2014,EN_MAT_DOMCMPC,MF4,T,,2.66887
2015,EN_MAT_DOMCMPC,MF4,T,,2.40641
2016,EN_MAT_DOMCMPC,MF4,T,,2.33397
2017,EN_MAT_DOMCMPC,MF4,T,,2.26232
2000,EN_MAT_DOMCMPC,MF41,T,,0.90623
2001,EN_MAT_DOMCMPC,MF41,T,,1.12049
2002,EN_MAT_DOMCMPC,MF41,T,,0.96984
2003,EN_MAT_DOMCMPC,MF41,T,,1.0053
2004,EN_MAT_DOMCMPC,MF41,T,,1.01757
2005,EN_MAT_DOMCMPC,MF41,T,,1.06526
2006,EN_MAT_DOMCMPC,MF41,T,,1.13487
2007,EN_MAT_DOMCMPC,MF41,T,,0.97986
2008,EN_MAT_DOMCMPC,MF41,T,,0.98925
2009,EN_MAT_DOMCMPC,MF41,T,,0.8753
2010,EN_MAT_DOMCMPC,MF41,T,,0.68312
2011,EN_MAT_DOMCMPC,MF41,T,,0.77536
2012,EN_MAT_DOMCMPC,MF41,T,,0.93805
2013,EN_MAT_DOMCMPC,MF41,T,,0.96221
2014,EN_MAT_DOMCMPC,MF41,T,,0.82771
2015,EN_MAT_DOMCMPC,MF41,T,,0.52804
2016,EN_MAT_DOMCMPC,MF41,T,,0.50661
2017,EN_MAT_DOMCMPC,MF41,T,,0.48542
2000,EN_MAT_DOMCMPC,MF421,T,,1.37825
2001,EN_MAT_DOMCMPC,MF421,T,,1.37231
2002,EN_MAT_DOMCMPC,MF421,T,,1.30959
2003,EN_MAT_DOMCMPC,MF421,T,,1.32532
2004,EN_MAT_DOMCMPC,MF421,T,,1.35991
2005,EN_MAT_DOMCMPC,MF421,T,,1.36161
2006,EN_MAT_DOMCMPC,MF421,T,,1.37681
2007,EN_MAT_DOMCMPC,MF421,T,,1.27258
2008,EN_MAT_DOMCMPC,MF421,T,,1.26891
2009,EN_MAT_DOMCMPC,MF421,T,,1.17839
2010,EN_MAT_DOMCMPC,MF421,T,,1.16076
2011,EN_MAT_DOMCMPC,MF421,T,,1.11534
2012,EN_MAT_DOMCMPC,MF421,T,,1.09476
2013,EN_MAT_DOMCMPC,MF421,T,,1.05662
2014,EN_MAT_DOMCMPC,MF421,T,,1.06304
2015,EN_MAT_DOMCMPC,MF421,T,,1.08668
2016,EN_MAT_DOMCMPC,MF421,T,,1.06515
2017,EN_MAT_DOMCMPC,MF421,T,,1.04385
2000,EN_MAT_DOMCMPC,MF422,T,,1.25065
2001,EN_MAT_DOMCMPC,MF422,T,,1.22796
2002,EN_MAT_DOMCMPC,MF422,T,,1.21729
2003,EN_MAT_DOMCMPC,MF422,T,,1.20113
2004,EN_MAT_DOMCMPC,MF422,T,,1.23421
2005,EN_MAT_DOMCMPC,MF422,T,,1.18752
2006,EN_MAT_DOMCMPC,MF422,T,,1.12599
2007,EN_MAT_DOMCMPC,MF422,T,,1.11654
2008,EN_MAT_DOMCMPC,MF422,T,,1.14922
2009,EN_MAT_DOMCMPC,MF422,T,,1.05549
2010,EN_MAT_DOMCMPC,MF422,T,,1.11573
2011,EN_MAT_DOMCMPC,MF422,T,,0.95459
2012,EN_MAT_DOMCMPC,MF422,T,,0.87428
2013,EN_MAT_DOMCMPC,MF422,T,,0.86129
2014,EN_MAT_DOMCMPC,MF422,T,,0.77813
2015,EN_MAT_DOMCMPC,MF422,T,,0.79169
2016,EN_MAT_DOMCMPC,MF422,T,,0.76221
2017,EN_MAT_DOMCMPC,MF422,T,,0.73305
2000,EN_MAT_DOMCMPG,,KG_PER_CON_USD,2010,0.3491
2001,EN_MAT_DOMCMPG,,KG_PER_CON_USD,2010,0.34755
2002,EN_MAT_DOMCMPG,,KG_PER_CON_USD,2010,0.32748
2003,EN_MAT_DOMCMPG,,KG_PER_CON_USD,2010,0.31374
2004,EN_MAT_DOMCMPG,,KG_PER_CON_USD,2010,0.31491
2005,EN_MAT_DOMCMPG,,KG_PER_CON_USD,2010,0.30151
2006,EN_MAT_DOMCMPG,,KG_PER_CON_USD,2010,0.29813
2007,EN_MAT_DOMCMPG,,KG_PER_CON_USD,2010,0.28628
2008,EN_MAT_DOMCMPG,,KG_PER_CON_USD,2010,0.27206
2009,EN_MAT_DOMCMPG,,KG_PER_CON_USD,2010,0.2449
2010,EN_MAT_DOMCMPG,,KG_PER_CON_USD,2010,0.23467
2011,EN_MAT_DOMCMPG,,KG_PER_CON_USD,2010,0.23409
2012,EN_MAT_DOMCMPG,,KG_PER_CON_USD,2010,0.22277
2013,EN_MAT_DOMCMPG,,KG_PER_CON_USD,2010,0.22215
2014,EN_MAT_DOMCMPG,,KG_PER_CON_USD,2010,0.21738
2015,EN_MAT_DOMCMPG,,KG_PER_CON_USD,2010,0.20217
2016,EN_MAT_DOMCMPG,,KG_PER_CON_USD,2010,0.19302
2017,EN_MAT_DOMCMPG,,KG_PER_CON_USD,2010,0.18423
2000,EN_MAT_DOMCMPG,MF_AGG3A,KG_PER_CON_USD,2010,0.17311
2001,EN_MAT_DOMCMPG,MF_AGG3A,KG_PER_CON_USD,2010,0.17364
2002,EN_MAT_DOMCMPG,MF_AGG3A,KG_PER_CON_USD,2010,0.16001
2003,EN_MAT_DOMCMPG,MF_AGG3A,KG_PER_CON_USD,2010,0.15366
2004,EN_MAT_DOMCMPG,MF_AGG3A,KG_PER_CON_USD,2010,0.15448
2005,EN_MAT_DOMCMPG,MF_AGG3A,KG_PER_CON_USD,2010,0.14476
2006,EN_MAT_DOMCMPG,MF_AGG3A,KG_PER_CON_USD,2010,0.1418
2007,EN_MAT_DOMCMPG,MF_AGG3A,KG_PER_CON_USD,2010,0.13947
2008,EN_MAT_DOMCMPG,MF_AGG3A,KG_PER_CON_USD,2010,0.12301
2009,EN_MAT_DOMCMPG,MF_AGG3A,KG_PER_CON_USD,2010,0.10259
2010,EN_MAT_DOMCMPG,MF_AGG3A,KG_PER_CON_USD,2010,0.0957
2011,EN_MAT_DOMCMPG,MF_AGG3A,KG_PER_CON_USD,2010,0.09827
2012,EN_MAT_DOMCMPG,MF_AGG3A,KG_PER_CON_USD,2010,0.09069
2013,EN_MAT_DOMCMPG,MF_AGG3A,KG_PER_CON_USD,2010,0.08845
2014,EN_MAT_DOMCMPG,MF_AGG3A,KG_PER_CON_USD,2010,0.08876
2015,EN_MAT_DOMCMPG,MF_AGG3A,KG_PER_CON_USD,2010,0.0824
2016,EN_MAT_DOMCMPG,MF_AGG3A,KG_PER_CON_USD,2010,0.07672
2017,EN_MAT_DOMCMPG,MF_AGG3A,KG_PER_CON_USD,2010,0.07123
2000,EN_MAT_DOMCMPG,MF_AGG3B,KG_PER_CON_USD,2010,0.00522
2001,EN_MAT_DOMCMPG,MF_AGG3B,KG_PER_CON_USD,2010,0.00551
2002,EN_MAT_DOMCMPG,MF_AGG3B,KG_PER_CON_USD,2010,0.00554
2003,EN_MAT_DOMCMPG,MF_AGG3B,KG_PER_CON_USD,2010,0.00513
2004,EN_MAT_DOMCMPG,MF_AGG3B,KG_PER_CON_USD,2010,0.00509
2005,EN_MAT_DOMCMPG,MF_AGG3B,KG_PER_CON_USD,2010,0.00518
2006,EN_MAT_DOMCMPG,MF_AGG3B,KG_PER_CON_USD,2010,0.00746
2007,EN_MAT_DOMCMPG,MF_AGG3B,KG_PER_CON_USD,2010,0.00698
2008,EN_MAT_DOMCMPG,MF_AGG3B,KG_PER_CON_USD,2010,0.0066
2009,EN_MAT_DOMCMPG,MF_AGG3B,KG_PER_CON_USD,2010,0.00717
2010,EN_MAT_DOMCMPG,MF_AGG3B,KG_PER_CON_USD,2010,0.00803
2011,EN_MAT_DOMCMPG,MF_AGG3B,KG_PER_CON_USD,2010,0.00748
2012,EN_MAT_DOMCMPG,MF_AGG3B,KG_PER_CON_USD,2010,0.00719
2013,EN_MAT_DOMCMPG,MF_AGG3B,KG_PER_CON_USD,2010,0.00761
2014,EN_MAT_DOMCMPG,MF_AGG3B,KG_PER_CON_USD,2010,0.00686
2015,EN_MAT_DOMCMPG,MF_AGG3B,KG_PER_CON_USD,2010,0.00695
2016,EN_MAT_DOMCMPG,MF_AGG3B,KG_PER_CON_USD,2010,0.00708
2017,EN_MAT_DOMCMPG,MF_AGG3B,KG_PER_CON_USD,2010,0.00721
2000,EN_MAT_DOMCMPG,MF1,KG_PER_CON_USD,2010,0.06321
2001,EN_MAT_DOMCMPG,MF1,KG_PER_CON_USD,2010,0.05702
2002,EN_MAT_DOMCMPG,MF1,KG_PER_CON_USD,2010,0.05979
2003,EN_MAT_DOMCMPG,MF1,KG_PER_CON_USD,2010,0.0555
2004,EN_MAT_DOMCMPG,MF1,KG_PER_CON_USD,2010,0.05572
2005,EN_MAT_DOMCMPG,MF1,KG_PER_CON_USD,2010,0.05445
2006,EN_MAT_DOMCMPG,MF1,KG_PER_CON_USD,2010,0.05275
2007,EN_MAT_DOMCMPG,MF1,KG_PER_CON_USD,2010,0.05079
2008,EN_MAT_DOMCMPG,MF1,KG_PER_CON_USD,2010,0.05349
2009,EN_MAT_DOMCMPG,MF1,KG_PER_CON_USD,2010,0.05264
2010,EN_MAT_DOMCMPG,MF1,KG_PER_CON_USD,2010,0.05148
2011,EN_MAT_DOMCMPG,MF1,KG_PER_CON_USD,2010,0.0528
2012,EN_MAT_DOMCMPG,MF1,KG_PER_CON_USD,2010,0.04856
2013,EN_MAT_DOMCMPG,MF1,KG_PER_CON_USD,2010,0.05061
2014,EN_MAT_DOMCMPG,MF1,KG_PER_CON_USD,2010,0.05245
2015,EN_MAT_DOMCMPG,MF1,KG_PER_CON_USD,2010,0.05134
2016,EN_MAT_DOMCMPG,MF1,KG_PER_CON_USD,2010,0.0505
2017,EN_MAT_DOMCMPG,MF1,KG_PER_CON_USD,2010,0.04969
2000,EN_MAT_DOMCMPG,MF11,KG_PER_CON_USD,2010,0.02636
2001,EN_MAT_DOMCMPG,MF11,KG_PER_CON_USD,2010,0.02539
2002,EN_MAT_DOMCMPG,MF11,KG_PER_CON_USD,2010,0.02664
2003,EN_MAT_DOMCMPG,MF11,KG_PER_CON_USD,2010,0.02385
2004,EN_MAT_DOMCMPG,MF11,KG_PER_CON_USD,2010,0.02457
2005,EN_MAT_DOMCMPG,MF11,KG_PER_CON_USD,2010,0.02357
2006,EN_MAT_DOMCMPG,MF11,KG_PER_CON_USD,2010,0.02252
2007,EN_MAT_DOMCMPG,MF11,KG_PER_CON_USD,2010,0.02145
2008,EN_MAT_DOMCMPG,MF11,KG_PER_CON_USD,2010,0.02397
2009,EN_MAT_DOMCMPG,MF11,KG_PER_CON_USD,2010,0.02407
2010,EN_MAT_DOMCMPG,MF11,KG_PER_CON_USD,2010,0.02193
2011,EN_MAT_DOMCMPG,MF11,KG_PER_CON_USD,2010,0.02315
2012,EN_MAT_DOMCMPG,MF11,KG_PER_CON_USD,2010,0.02149
2013,EN_MAT_DOMCMPG,MF11,KG_PER_CON_USD,2010,0.02376
2014,EN_MAT_DOMCMPG,MF11,KG_PER_CON_USD,2010,0.02449
2015,EN_MAT_DOMCMPG,MF11,KG_PER_CON_USD,2010,0.02404
2016,EN_MAT_DOMCMPG,MF11,KG_PER_CON_USD,2010,0.02372
2017,EN_MAT_DOMCMPG,MF11,KG_PER_CON_USD,2010,0.02341
2000,EN_MAT_DOMCMPG,MF121,KG_PER_CON_USD,2010,0.009
2001,EN_MAT_DOMCMPG,MF121,KG_PER_CON_USD,2010,0.00721
2002,EN_MAT_DOMCMPG,MF121,KG_PER_CON_USD,2010,0.00846
2003,EN_MAT_DOMCMPG,MF121,KG_PER_CON_USD,2010,0.00793
2004,EN_MAT_DOMCMPG,MF121,KG_PER_CON_USD,2010,0.00786
2005,EN_MAT_DOMCMPG,MF121,KG_PER_CON_USD,2010,0.00748
2006,EN_MAT_DOMCMPG,MF121,KG_PER_CON_USD,2010,0.00718
2007,EN_MAT_DOMCMPG,MF121,KG_PER_CON_USD,2010,0.0066
2008,EN_MAT_DOMCMPG,MF121,KG_PER_CON_USD,2010,0.00798
2009,EN_MAT_DOMCMPG,MF121,KG_PER_CON_USD,2010,0.00756
2010,EN_MAT_DOMCMPG,MF121,KG_PER_CON_USD,2010,0.00739
2011,EN_MAT_DOMCMPG,MF121,KG_PER_CON_USD,2010,0.00766
2012,EN_MAT_DOMCMPG,MF121,KG_PER_CON_USD,2010,0.00685
2013,EN_MAT_DOMCMPG,MF121,KG_PER_CON_USD,2010,0.00667
2014,EN_MAT_DOMCMPG,MF121,KG_PER_CON_USD,2010,0.0078
2015,EN_MAT_DOMCMPG,MF121,KG_PER_CON_USD,2010,0.00765
2016,EN_MAT_DOMCMPG,MF121,KG_PER_CON_USD,2010,0.00755
2017,EN_MAT_DOMCMPG,MF121,KG_PER_CON_USD,2010,0.00745
2000,EN_MAT_DOMCMPG,MF122,KG_PER_CON_USD,2010,0.01629
2001,EN_MAT_DOMCMPG,MF122,KG_PER_CON_USD,2010,0.01297
2002,EN_MAT_DOMCMPG,MF122,KG_PER_CON_USD,2010,0.0138
2003,EN_MAT_DOMCMPG,MF122,KG_PER_CON_USD,2010,0.01325
2004,EN_MAT_DOMCMPG,MF122,KG_PER_CON_USD,2010,0.01314
2005,EN_MAT_DOMCMPG,MF122,KG_PER_CON_USD,2010,0.01311
2006,EN_MAT_DOMCMPG,MF122,KG_PER_CON_USD,2010,0.01333
2007,EN_MAT_DOMCMPG,MF122,KG_PER_CON_USD,2010,0.0132
2008,EN_MAT_DOMCMPG,MF122,KG_PER_CON_USD,2010,0.0131
2009,EN_MAT_DOMCMPG,MF122,KG_PER_CON_USD,2010,0.01284
2010,EN_MAT_DOMCMPG,MF122,KG_PER_CON_USD,2010,0.01332
2011,EN_MAT_DOMCMPG,MF122,KG_PER_CON_USD,2010,0.0138
2012,EN_MAT_DOMCMPG,MF122,KG_PER_CON_USD,2010,0.01282
2013,EN_MAT_DOMCMPG,MF122,KG_PER_CON_USD,2010,0.01257
2014,EN_MAT_DOMCMPG,MF122,KG_PER_CON_USD,2010,0.01229
2015,EN_MAT_DOMCMPG,MF122,KG_PER_CON_USD,2010,0.01207
2016,EN_MAT_DOMCMPG,MF122,KG_PER_CON_USD,2010,0.01193
2017,EN_MAT_DOMCMPG,MF122,KG_PER_CON_USD,2010,0.01179
2000,EN_MAT_DOMCMPG,MF13,KG_PER_CON_USD,2010,0.01111
2001,EN_MAT_DOMCMPG,MF13,KG_PER_CON_USD,2010,0.01097
2002,EN_MAT_DOMCMPG,MF13,KG_PER_CON_USD,2010,0.01044
2003,EN_MAT_DOMCMPG,MF13,KG_PER_CON_USD,2010,0.01009
2004,EN_MAT_DOMCMPG,MF13,KG_PER_CON_USD,2010,0.00979
2005,EN_MAT_DOMCMPG,MF13,KG_PER_CON_USD,2010,0.00992
2006,EN_MAT_DOMCMPG,MF13,KG_PER_CON_USD,2010,0.00933
2007,EN_MAT_DOMCMPG,MF13,KG_PER_CON_USD,2010,0.0092
2008,EN_MAT_DOMCMPG,MF13,KG_PER_CON_USD,2010,0.00809
2009,EN_MAT_DOMCMPG,MF13,KG_PER_CON_USD,2010,0.00785
2010,EN_MAT_DOMCMPG,MF13,KG_PER_CON_USD,2010,0.00855
2011,EN_MAT_DOMCMPG,MF13,KG_PER_CON_USD,2010,0.0079
2012,EN_MAT_DOMCMPG,MF13,KG_PER_CON_USD,2010,0.00712
2013,EN_MAT_DOMCMPG,MF13,KG_PER_CON_USD,2010,0.00733
2014,EN_MAT_DOMCMPG,MF13,KG_PER_CON_USD,2010,0.00754
2015,EN_MAT_DOMCMPG,MF13,KG_PER_CON_USD,2010,0.00727
2016,EN_MAT_DOMCMPG,MF13,KG_PER_CON_USD,2010,0.007
2017,EN_MAT_DOMCMPG,MF13,KG_PER_CON_USD,2010,0.00675
2000,EN_MAT_DOMCMPG,MF14,KG_PER_CON_USD,2010,0.00045
2001,EN_MAT_DOMCMPG,MF14,KG_PER_CON_USD,2010,0.00047
2002,EN_MAT_DOMCMPG,MF14,KG_PER_CON_USD,2010,0.00045
2003,EN_MAT_DOMCMPG,MF14,KG_PER_CON_USD,2010,0.00037
2004,EN_MAT_DOMCMPG,MF14,KG_PER_CON_USD,2010,0.00037
2005,EN_MAT_DOMCMPG,MF14,KG_PER_CON_USD,2010,0.00037
2006,EN_MAT_DOMCMPG,MF14,KG_PER_CON_USD,2010,0.00039
2007,EN_MAT_DOMCMPG,MF14,KG_PER_CON_USD,2010,0.00034
2008,EN_MAT_DOMCMPG,MF14,KG_PER_CON_USD,2010,0.00034
2009,EN_MAT_DOMCMPG,MF14,KG_PER_CON_USD,2010,0.00032
2010,EN_MAT_DOMCMPG,MF14,KG_PER_CON_USD,2010,0.00029
2011,EN_MAT_DOMCMPG,MF14,KG_PER_CON_USD,2010,0.0003
2012,EN_MAT_DOMCMPG,MF14,KG_PER_CON_USD,2010,0.00029
2013,EN_MAT_DOMCMPG,MF14,KG_PER_CON_USD,2010,0.00029
2014,EN_MAT_DOMCMPG,MF14,KG_PER_CON_USD,2010,0.00033
2015,EN_MAT_DOMCMPG,MF14,KG_PER_CON_USD,2010,0.00031
2016,EN_MAT_DOMCMPG,MF14,KG_PER_CON_USD,2010,0.0003
2017,EN_MAT_DOMCMPG,MF14,KG_PER_CON_USD,2010,0.00029
2000,EN_MAT_DOMCMPG,MF2,KG_PER_CON_USD,2010,0.00784
2001,EN_MAT_DOMCMPG,MF2,KG_PER_CON_USD,2010,0.00899
2002,EN_MAT_DOMCMPG,MF2,KG_PER_CON_USD,2010,0.00795
2003,EN_MAT_DOMCMPG,MF2,KG_PER_CON_USD,2010,0.00701
2004,EN_MAT_DOMCMPG,MF2,KG_PER_CON_USD,2010,0.0068
2005,EN_MAT_DOMCMPG,MF2,KG_PER_CON_USD,2010,0.00645
2006,EN_MAT_DOMCMPG,MF2,KG_PER_CON_USD,2010,0.00638
2007,EN_MAT_DOMCMPG,MF2,KG_PER_CON_USD,2010,0.00717
2008,EN_MAT_DOMCMPG,MF2,KG_PER_CON_USD,2010,0.00498
2009,EN_MAT_DOMCMPG,MF2,KG_PER_CON_USD,2010,0.00163
2010,EN_MAT_DOMCMPG,MF2,KG_PER_CON_USD,2010,0.00308
2011,EN_MAT_DOMCMPG,MF2,KG_PER_CON_USD,2010,0.00273
2012,EN_MAT_DOMCMPG,MF2,KG_PER_CON_USD,2010,0.00248
2013,EN_MAT_DOMCMPG,MF2,KG_PER_CON_USD,2010,0.00335
2014,EN_MAT_DOMCMPG,MF2,KG_PER_CON_USD,2010,0.00401
2015,EN_MAT_DOMCMPG,MF2,KG_PER_CON_USD,2010,0.00361
2016,EN_MAT_DOMCMPG,MF2,KG_PER_CON_USD,2010,0.00327
2017,EN_MAT_DOMCMPG,MF2,KG_PER_CON_USD,2010,0.00294
2000,EN_MAT_DOMCMPG,MF21,KG_PER_CON_USD,2010,0.00712
2001,EN_MAT_DOMCMPG,MF21,KG_PER_CON_USD,2010,0.00819
2002,EN_MAT_DOMCMPG,MF21,KG_PER_CON_USD,2010,0.00744
2003,EN_MAT_DOMCMPG,MF21,KG_PER_CON_USD,2010,0.00666
2004,EN_MAT_DOMCMPG,MF21,KG_PER_CON_USD,2010,0.00632
2005,EN_MAT_DOMCMPG,MF21,KG_PER_CON_USD,2010,0.00596
2006,EN_MAT_DOMCMPG,MF21,KG_PER_CON_USD,2010,0.00592
2007,EN_MAT_DOMCMPG,MF21,KG_PER_CON_USD,2010,0.00691
2008,EN_MAT_DOMCMPG,MF21,KG_PER_CON_USD,2010,0.0048
2009,EN_MAT_DOMCMPG,MF21,KG_PER_CON_USD,2010,0.00159
2010,EN_MAT_DOMCMPG,MF21,KG_PER_CON_USD,2010,0.00296
2011,EN_MAT_DOMCMPG,MF21,KG_PER_CON_USD,2010,0.00273
2012,EN_MAT_DOMCMPG,MF21,KG_PER_CON_USD,2010,0.00248
2013,EN_MAT_DOMCMPG,MF21,KG_PER_CON_USD,2010,0.00332
2014,EN_MAT_DOMCMPG,MF21,KG_PER_CON_USD,2010,0.00398
2015,EN_MAT_DOMCMPG,MF21,KG_PER_CON_USD,2010,0.00361
2016,EN_MAT_DOMCMPG,MF21,KG_PER_CON_USD,2010,0.00327
2017,EN_MAT_DOMCMPG,MF21,KG_PER_CON_USD,2010,0.00294
2000,EN_MAT_DOMCMPG,MF22,KG_PER_CON_USD,2010,0.00072
2001,EN_MAT_DOMCMPG,MF22,KG_PER_CON_USD,2010,0.0008
2002,EN_MAT_DOMCMPG,MF22,KG_PER_CON_USD,2010,0.00051
2003,EN_MAT_DOMCMPG,MF22,KG_PER_CON_USD,2010,0.00036
2004,EN_MAT_DOMCMPG,MF22,KG_PER_CON_USD,2010,0.00047
2005,EN_MAT_DOMCMPG,MF22,KG_PER_CON_USD,2010,0.00049
2006,EN_MAT_DOMCMPG,MF22,KG_PER_CON_USD,2010,0.00046
2007,EN_MAT_DOMCMPG,MF22,KG_PER_CON_USD,2010,0.00027
2008,EN_MAT_DOMCMPG,MF22,KG_PER_CON_USD,2010,0.00018
2009,EN_MAT_DOMCMPG,MF22,KG_PER_CON_USD,2010,4e-05
2010,EN_MAT_DOMCMPG,MF22,KG_PER_CON_USD,2010,0.00011
2013,EN_MAT_DOMCMPG,MF22,KG_PER_CON_USD,2010,2e-05
2014,EN_MAT_DOMCMPG,MF22,KG_PER_CON_USD,2010,3e-05
2000,EN_MAT_DOMCMPG,MF3,KG_PER_CON_USD,2010,0.17833
2001,EN_MAT_DOMCMPG,MF3,KG_PER_CON_USD,2010,0.17915
2002,EN_MAT_DOMCMPG,MF3,KG_PER_CON_USD,2010,0.16554
2003,EN_MAT_DOMCMPG,MF3,KG_PER_CON_USD,2010,0.15879
2004,EN_MAT_DOMCMPG,MF3,KG_PER_CON_USD,2010,0.15957
2005,EN_MAT_DOMCMPG,MF3,KG_PER_CON_USD,2010,0.14995
2006,EN_MAT_DOMCMPG,MF3,KG_PER_CON_USD,2010,0.14926
2007,EN_MAT_DOMCMPG,MF3,KG_PER_CON_USD,2010,0.14645
2008,EN_MAT_DOMCMPG,MF3,KG_PER_CON_USD,2010,0.12961
2009,EN_MAT_DOMCMPG,MF3,KG_PER_CON_USD,2010,0.10976
2010,EN_MAT_DOMCMPG,MF3,KG_PER_CON_USD,2010,0.10372
2011,EN_MAT_DOMCMPG,MF3,KG_PER_CON_USD,2010,0.10574
2012,EN_MAT_DOMCMPG,MF3,KG_PER_CON_USD,2010,0.09788
2013,EN_MAT_DOMCMPG,MF3,KG_PER_CON_USD,2010,0.09607
2014,EN_MAT_DOMCMPG,MF3,KG_PER_CON_USD,2010,0.09562
2015,EN_MAT_DOMCMPG,MF3,KG_PER_CON_USD,2010,0.08935
2016,EN_MAT_DOMCMPG,MF3,KG_PER_CON_USD,2010,0.08379
2017,EN_MAT_DOMCMPG,MF3,KG_PER_CON_USD,2010,0.07844
2000,EN_MAT_DOMCMPG,MF4,KG_PER_CON_USD,2010,0.09972
2001,EN_MAT_DOMCMPG,MF4,KG_PER_CON_USD,2010,0.1024
2002,EN_MAT_DOMCMPG,MF4,KG_PER_CON_USD,2010,0.0942
2003,EN_MAT_DOMCMPG,MF4,KG_PER_CON_USD,2010,0.09243
2004,EN_MAT_DOMCMPG,MF4,KG_PER_CON_USD,2010,0.09283
2005,EN_MAT_DOMCMPG,MF4,KG_PER_CON_USD,2010,0.09066
2006,EN_MAT_DOMCMPG,MF4,KG_PER_CON_USD,2010,0.08974
2007,EN_MAT_DOMCMPG,MF4,KG_PER_CON_USD,2010,0.08187
2008,EN_MAT_DOMCMPG,MF4,KG_PER_CON_USD,2010,0.08398
2009,EN_MAT_DOMCMPG,MF4,KG_PER_CON_USD,2010,0.08086
2010,EN_MAT_DOMCMPG,MF4,KG_PER_CON_USD,2010,0.07638
2011,EN_MAT_DOMCMPG,MF4,KG_PER_CON_USD,2010,0.07282
2012,EN_MAT_DOMCMPG,MF4,KG_PER_CON_USD,2010,0.07385
2013,EN_MAT_DOMCMPG,MF4,KG_PER_CON_USD,2010,0.07213
2014,EN_MAT_DOMCMPG,MF4,KG_PER_CON_USD,2010,0.0653
2015,EN_MAT_DOMCMPG,MF4,KG_PER_CON_USD,2010,0.05787
2016,EN_MAT_DOMCMPG,MF4,KG_PER_CON_USD,2010,0.05547
2017,EN_MAT_DOMCMPG,MF4,KG_PER_CON_USD,2010,0.05316
2000,EN_MAT_DOMCMPG,MF41,KG_PER_CON_USD,2010,0.02556
2001,EN_MAT_DOMCMPG,MF41,KG_PER_CON_USD,2010,0.03084
2002,EN_MAT_DOMCMPG,MF41,KG_PER_CON_USD,2010,0.02613
2003,EN_MAT_DOMCMPG,MF41,KG_PER_CON_USD,2010,0.02631
2004,EN_MAT_DOMCMPG,MF41,KG_PER_CON_USD,2010,0.02615
2005,EN_MAT_DOMCMPG,MF41,KG_PER_CON_USD,2010,0.02672
2006,EN_MAT_DOMCMPG,MF41,KG_PER_CON_USD,2010,0.028
2007,EN_MAT_DOMCMPG,MF41,KG_PER_CON_USD,2010,0.02381
2008,EN_MAT_DOMCMPG,MF41,KG_PER_CON_USD,2010,0.02438
2009,EN_MAT_DOMCMPG,MF41,KG_PER_CON_USD,2010,0.02277
2010,EN_MAT_DOMCMPG,MF41,KG_PER_CON_USD,2010,0.01763
2011,EN_MAT_DOMCMPG,MF41,KG_PER_CON_USD,2010,0.01984
2012,EN_MAT_DOMCMPG,MF41,KG_PER_CON_USD,2010,0.02383
2013,EN_MAT_DOMCMPG,MF41,KG_PER_CON_USD,2010,0.0241
2014,EN_MAT_DOMCMPG,MF41,KG_PER_CON_USD,2010,0.02025
2015,EN_MAT_DOMCMPG,MF41,KG_PER_CON_USD,2010,0.0127
2016,EN_MAT_DOMCMPG,MF41,KG_PER_CON_USD,2010,0.01204
2017,EN_MAT_DOMCMPG,MF41,KG_PER_CON_USD,2010,0.01141
2000,EN_MAT_DOMCMPG,MF421,KG_PER_CON_USD,2010,0.03888
2001,EN_MAT_DOMCMPG,MF421,KG_PER_CON_USD,2010,0.03777
2002,EN_MAT_DOMCMPG,MF421,KG_PER_CON_USD,2010,0.03528
2003,EN_MAT_DOMCMPG,MF421,KG_PER_CON_USD,2010,0.03469
2004,EN_MAT_DOMCMPG,MF421,KG_PER_CON_USD,2010,0.03495
2005,EN_MAT_DOMCMPG,MF421,KG_PER_CON_USD,2010,0.03416
2006,EN_MAT_DOMCMPG,MF421,KG_PER_CON_USD,2010,0.03397
2007,EN_MAT_DOMCMPG,MF421,KG_PER_CON_USD,2010,0.03092
2008,EN_MAT_DOMCMPG,MF421,KG_PER_CON_USD,2010,0.03128
2009,EN_MAT_DOMCMPG,MF421,KG_PER_CON_USD,2010,0.03065
2010,EN_MAT_DOMCMPG,MF421,KG_PER_CON_USD,2010,0.02996
2011,EN_MAT_DOMCMPG,MF421,KG_PER_CON_USD,2010,0.02855
2012,EN_MAT_DOMCMPG,MF421,KG_PER_CON_USD,2010,0.02781
2013,EN_MAT_DOMCMPG,MF421,KG_PER_CON_USD,2010,0.02646
2014,EN_MAT_DOMCMPG,MF421,KG_PER_CON_USD,2010,0.02601
2015,EN_MAT_DOMCMPG,MF421,KG_PER_CON_USD,2010,0.02613
2016,EN_MAT_DOMCMPG,MF421,KG_PER_CON_USD,2010,0.02531
2017,EN_MAT_DOMCMPG,MF421,KG_PER_CON_USD,2010,0.02453
2000,EN_MAT_DOMCMPG,MF422,KG_PER_CON_USD,2010,0.03528
2001,EN_MAT_DOMCMPG,MF422,KG_PER_CON_USD,2010,0.03379
2002,EN_MAT_DOMCMPG,MF422,KG_PER_CON_USD,2010,0.03279
2003,EN_MAT_DOMCMPG,MF422,KG_PER_CON_USD,2010,0.03144
2004,EN_MAT_DOMCMPG,MF422,KG_PER_CON_USD,2010,0.03172
2005,EN_MAT_DOMCMPG,MF422,KG_PER_CON_USD,2010,0.02979
2006,EN_MAT_DOMCMPG,MF422,KG_PER_CON_USD,2010,0.02778
2007,EN_MAT_DOMCMPG,MF422,KG_PER_CON_USD,2010,0.02713
2008,EN_MAT_DOMCMPG,MF422,KG_PER_CON_USD,2010,0.02833
2009,EN_MAT_DOMCMPG,MF422,KG_PER_CON_USD,2010,0.02745
2010,EN_MAT_DOMCMPG,MF422,KG_PER_CON_USD,2010,0.0288
2011,EN_MAT_DOMCMPG,MF422,KG_PER_CON_USD,2010,0.02443
2012,EN_MAT_DOMCMPG,MF422,KG_PER_CON_USD,2010,0.02221
2013,EN_MAT_DOMCMPG,MF422,KG_PER_CON_USD,2010,0.02157
2014,EN_MAT_DOMCMPG,MF422,KG_PER_CON_USD,2010,0.01904
2015,EN_MAT_DOMCMPG,MF422,KG_PER_CON_USD,2010,0.01904
2016,EN_MAT_DOMCMPG,MF422,KG_PER_CON_USD,2010,0.01811
2017,EN_MAT_DOMCMPG,MF422,KG_PER_CON_USD,2010,0.01723
2000,EN_MAT_DOMCMPT,,T,,729581972.519
2001,EN_MAT_DOMCMPT,,T,,746973883.941
2002,EN_MAT_DOMCMPT,,T,,721439946.411
2003,EN_MAT_DOMCMPT,,T,,714231950.78
2004,EN_MAT_DOMCMPT,,T,,733741902.905
2005,EN_MAT_DOMCMPT,,T,,724638260.689
2006,EN_MAT_DOMCMPT,,T,,734764069.78
2007,EN_MAT_DOMCMPT,,T,,723530426.8204
2008,EN_MAT_DOMCMPT,,T,,685205230.1477
2009,EN_MAT_DOMCMPT,,T,,590615761.73771
2010,EN_MAT_DOMCMPT,,T,,575615877.98256
2011,EN_MAT_DOMCMPT,,T,,583653248.276
2012,EN_MAT_DOMCMPT,,T,,563466867.334
2013,EN_MAT_DOMCMPT,,T,,573388522.57502
2014,EN_MAT_DOMCMPT,,T,,577602217.1403
2015,EN_MAT_DOMCMPT,,T,,549809679.889
2016,EN_MAT_DOMCMPT,,T,,534333433.0021
2017,EN_MAT_DOMCMPT,,T,,518875116.8222
2000,EN_MAT_DOMCMPT,MF_AGG3A,T,,361777341.0
2001,EN_MAT_DOMCMPT,MF_AGG3A,T,,373188808.0
2002,EN_MAT_DOMCMPT,MF_AGG3A,T,,352487177.0
2003,EN_MAT_DOMCMPT,MF_AGG3A,T,,349820828.0
2004,EN_MAT_DOMCMPT,MF_AGG3A,T,,359924923.0
2005,EN_MAT_DOMCMPT,MF_AGG3A,T,,347912947.0
2006,EN_MAT_DOMCMPT,MF_AGG3A,T,,349473730.0
2007,EN_MAT_DOMCMPT,MF_AGG3A,T,,352479019.0
2008,EN_MAT_DOMCMPT,MF_AGG3A,T,,309803324.0
2009,EN_MAT_DOMCMPT,MF_AGG3A,T,,247409292.0
2010,EN_MAT_DOMCMPT,MF_AGG3A,T,,234736966.0
2011,EN_MAT_DOMCMPT,MF_AGG3A,T,,245001703.0
2012,EN_MAT_DOMCMPT,MF_AGG3A,T,,229394357.0
2013,EN_MAT_DOMCMPT,MF_AGG3A,T,,228305883.0
2014,EN_MAT_DOMCMPT,MF_AGG3A,T,,235844616.0
2015,EN_MAT_DOMCMPT,MF_AGG3A,T,,224105149.0
2016,EN_MAT_DOMCMPT,MF_AGG3A,T,,212365682.0
2017,EN_MAT_DOMCMPT,MF_AGG3A,T,,200626215.0
2000,EN_MAT_DOMCMPT,MF_AGG3B,T,,10904370.0
2001,EN_MAT_DOMCMPT,MF_AGG3B,T,,11849711.0
2002,EN_MAT_DOMCMPT,MF_AGG3B,T,,12200997.0
2003,EN_MAT_DOMCMPT,MF_AGG3B,T,,11674434.0
2004,EN_MAT_DOMCMPT,MF_AGG3B,T,,11870416.0
2005,EN_MAT_DOMCMPT,MF_AGG3B,T,,12459243.0
2006,EN_MAT_DOMCMPT,MF_AGG3B,T,,18392194.0
2007,EN_MAT_DOMCMPT,MF_AGG3B,T,,17646810.0
2008,EN_MAT_DOMCMPT,MF_AGG3B,T,,16626349.0
2009,EN_MAT_DOMCMPT,MF_AGG3B,T,,17296537.0
2010,EN_MAT_DOMCMPT,MF_AGG3B,T,,19689999.0
2011,EN_MAT_DOMCMPT,MF_AGG3B,T,,18641756.0
2012,EN_MAT_DOMCMPT,MF_AGG3B,T,,18180123.0
2013,EN_MAT_DOMCMPT,MF_AGG3B,T,,19646131.0
2014,EN_MAT_DOMCMPT,MF_AGG3B,T,,18223347.0
2015,EN_MAT_DOMCMPT,MF_AGG3B,T,,18891440.0
2016,EN_MAT_DOMCMPT,MF_AGG3B,T,,19586682.0
2017,EN_MAT_DOMCMPT,MF_AGG3B,T,,20299855.0
2000,EN_MAT_DOMCMPT,MF1,T,,132108318.0
2001,EN_MAT_DOMCMPT,MF1,T,,122540277.0
2002,EN_MAT_DOMCMPT,MF1,T,,131705475.0
2003,EN_MAT_DOMCMPT,MF1,T,,126346555.0
2004,EN_MAT_DOMCMPT,MF1,T,,129823836.0
2005,EN_MAT_DOMCMPT,MF1,T,,130862758.0
2006,EN_MAT_DOMCMPT,MF1,T,,130000593.0
2007,EN_MAT_DOMCMPT,MF1,T,,128372873.0
2008,EN_MAT_DOMCMPT,MF1,T,,134708778.0
2009,EN_MAT_DOMCMPT,MF1,T,,126954351.0
2010,EN_MAT_DOMCMPT,MF1,T,,126278649.0
2011,EN_MAT_DOMCMPT,MF1,T,,131645449.0
2012,EN_MAT_DOMCMPT,MF1,T,,122835761.0
2013,EN_MAT_DOMCMPT,MF1,T,,130626127.0
2014,EN_MAT_DOMCMPT,MF1,T,,139361462.0
2015,EN_MAT_DOMCMPT,MF1,T,,139626992.0
2016,EN_MAT_DOMCMPT,MF1,T,,139783879.0
2017,EN_MAT_DOMCMPT,MF1,T,,139940767.0
2000,EN_MAT_DOMCMPT,MF11,T,,55084160.0
2001,EN_MAT_DOMCMPT,MF11,T,,54574511.0
2002,EN_MAT_DOMCMPT,MF11,T,,58693810.0
2003,EN_MAT_DOMCMPT,MF11,T,,54304453.0
2004,EN_MAT_DOMCMPT,MF11,T,,57245229.0
2005,EN_MAT_DOMCMPT,MF11,T,,56649377.0
2006,EN_MAT_DOMCMPT,MF11,T,,55499353.0
2007,EN_MAT_DOMCMPT,MF11,T,,54207688.0
2008,EN_MAT_DOMCMPT,MF11,T,,60377932.0
2009,EN_MAT_DOMCMPT,MF11,T,,58056168.0
2010,EN_MAT_DOMCMPT,MF11,T,,53802454.0
2011,EN_MAT_DOMCMPT,MF11,T,,57710995.0
2012,EN_MAT_DOMCMPT,MF11,T,,54344633.0
2013,EN_MAT_DOMCMPT,MF11,T,,61328562.0
2014,EN_MAT_DOMCMPT,MF11,T,,65083787.0
2015,EN_MAT_DOMCMPT,MF11,T,,65367309.0
2016,EN_MAT_DOMCMPT,MF11,T,,65650831.0
2017,EN_MAT_DOMCMPT,MF11,T,,65934354.0
2000,EN_MAT_DOMCMPT,MF121,T,,18814662.0
2001,EN_MAT_DOMCMPT,MF121,T,,15502460.0
2002,EN_MAT_DOMCMPT,MF121,T,,18645907.0
2003,EN_MAT_DOMCMPT,MF121,T,,18055952.0
2004,EN_MAT_DOMCMPT,MF121,T,,18305150.0
2005,EN_MAT_DOMCMPT,MF121,T,,17984972.0
2006,EN_MAT_DOMCMPT,MF121,T,,17703878.0
2007,EN_MAT_DOMCMPT,MF121,T,,16680374.0
2008,EN_MAT_DOMCMPT,MF121,T,,20093906.0
2009,EN_MAT_DOMCMPT,MF121,T,,18229199.0
2010,EN_MAT_DOMCMPT,MF121,T,,18123945.0
2011,EN_MAT_DOMCMPT,MF121,T,,19094550.0
2012,EN_MAT_DOMCMPT,MF121,T,,17320757.0
2013,EN_MAT_DOMCMPT,MF121,T,,17205676.0
2014,EN_MAT_DOMCMPT,MF121,T,,20728213.0
2015,EN_MAT_DOMCMPT,MF121,T,,20814284.0
2016,EN_MAT_DOMCMPT,MF121,T,,20900355.0
2017,EN_MAT_DOMCMPT,MF121,T,,20986426.0
2000,EN_MAT_DOMCMPT,MF122,T,,34043831.0
2001,EN_MAT_DOMCMPT,MF122,T,,27865199.0
2002,EN_MAT_DOMCMPT,MF122,T,,30390622.0
2003,EN_MAT_DOMCMPT,MF122,T,,30163067.0
2004,EN_MAT_DOMCMPT,MF122,T,,30610500.0
2005,EN_MAT_DOMCMPT,MF122,T,,31509184.0
2006,EN_MAT_DOMCMPT,MF122,T,,32845278.0
2007,EN_MAT_DOMCMPT,MF122,T,,33364225.0
2008,EN_MAT_DOMCMPT,MF122,T,,33000211.0
2009,EN_MAT_DOMCMPT,MF122,T,,30957742.0
2010,EN_MAT_DOMCMPT,MF122,T,,32674284.0
2011,EN_MAT_DOMCMPT,MF122,T,,34410156.0
2012,EN_MAT_DOMCMPT,MF122,T,,32431275.0
2013,EN_MAT_DOMCMPT,MF122,T,,32432394.0
2014,EN_MAT_DOMCMPT,MF122,T,,32659274.0
2015,EN_MAT_DOMCMPT,MF122,T,,32837660.0
2016,EN_MAT_DOMCMPT,MF122,T,,33016046.0
2017,EN_MAT_DOMCMPT,MF122,T,,33194433.0
2000,EN_MAT_DOMCMPT,MF13,T,,23218070.0
2001,EN_MAT_DOMCMPT,MF13,T,,23579099.0
2002,EN_MAT_DOMCMPT,MF13,T,,22994736.0
2003,EN_MAT_DOMCMPT,MF13,T,,22969648.0
2004,EN_MAT_DOMCMPT,MF13,T,,22804938.0
2005,EN_MAT_DOMCMPT,MF13,T,,23834672.0
2006,EN_MAT_DOMCMPT,MF13,T,,23000861.0
2007,EN_MAT_DOMCMPT,MF13,T,,23258263.0
2008,EN_MAT_DOMCMPT,MF13,T,,20373448.0
2009,EN_MAT_DOMCMPT,MF13,T,,18930762.0
2010,EN_MAT_DOMCMPT,MF13,T,,20977852.0
2011,EN_MAT_DOMCMPT,MF13,T,,19690068.0
2012,EN_MAT_DOMCMPT,MF13,T,,17996835.0
2013,EN_MAT_DOMCMPT,MF13,T,,18919040.0
2014,EN_MAT_DOMCMPT,MF13,T,,20026358.0
2015,EN_MAT_DOMCMPT,MF13,T,,19760598.0
2016,EN_MAT_DOMCMPT,MF13,T,,19386196.0
2017,EN_MAT_DOMCMPT,MF13,T,,19011794.0
2000,EN_MAT_DOMCMPT,MF14,T,,947595.0
2001,EN_MAT_DOMCMPT,MF14,T,,1019008.0
2002,EN_MAT_DOMCMPT,MF14,T,,980399.0
2003,EN_MAT_DOMCMPT,MF14,T,,853436.0
2004,EN_MAT_DOMCMPT,MF14,T,,858018.0
2005,EN_MAT_DOMCMPT,MF14,T,,884552.0
2006,EN_MAT_DOMCMPT,MF14,T,,951224.0
2007,EN_MAT_DOMCMPT,MF14,T,,862323.0
2008,EN_MAT_DOMCMPT,MF14,T,,863281.0
2009,EN_MAT_DOMCMPT,MF14,T,,780480.0
2010,EN_MAT_DOMCMPT,MF14,T,,700114.0
2011,EN_MAT_DOMCMPT,MF14,T,,739680.0
2012,EN_MAT_DOMCMPT,MF14,T,,742261.0
2013,EN_MAT_DOMCMPT,MF14,T,,740455.0
2014,EN_MAT_DOMCMPT,MF14,T,,863830.0
2015,EN_MAT_DOMCMPT,MF14,T,,847140.0
2016,EN_MAT_DOMCMPT,MF14,T,,830450.0
2017,EN_MAT_DOMCMPT,MF14,T,,813760.0
2000,EN_MAT_DOMCMPT,MF2,T,,16393062.0
2001,EN_MAT_DOMCMPT,MF2,T,,19314820.0
2002,EN_MAT_DOMCMPT,MF2,T,,17519287.0
2003,EN_MAT_DOMCMPT,MF2,T,,15967565.0
2004,EN_MAT_DOMCMPT,MF2,T,,15840178.0
2005,EN_MAT_DOMCMPT,MF2,T,,15503819.0
2006,EN_MAT_DOMCMPT,MF2,T,,15717324.0
2007,EN_MAT_DOMCMPT,MF2,T,,18126630.0
2008,EN_MAT_DOMCMPT,MF2,T,,12549252.0
2009,EN_MAT_DOMCMPT,MF2,T,,3939690.0
2010,EN_MAT_DOMCMPT,MF2,T,,7546738.0
2011,EN_MAT_DOMCMPT,MF2,T,,6801383.0
2012,EN_MAT_DOMCMPT,MF2,T,,6274961.0
2013,EN_MAT_DOMCMPT,MF2,T,,8636525.0
2014,EN_MAT_DOMCMPT,MF2,T,,10654215.0
2015,EN_MAT_DOMCMPT,MF2,T,,9813630.0
2016,EN_MAT_DOMCMPT,MF2,T,,9048951.0
2017,EN_MAT_DOMCMPT,MF2,T,,8284272.0
2000,EN_MAT_DOMCMPT,MF21,T,,14882633.0
2001,EN_MAT_DOMCMPT,MF21,T,,17597348.0
2002,EN_MAT_DOMCMPT,MF21,T,,16388045.0
2003,EN_MAT_DOMCMPT,MF21,T,,15158965.0
2004,EN_MAT_DOMCMPT,MF21,T,,14735062.0
2005,EN_MAT_DOMCMPT,MF21,T,,14325055.0
2006,EN_MAT_DOMCMPT,MF21,T,,14585080.0
2007,EN_MAT_DOMCMPT,MF21,T,,17456865.0
2008,EN_MAT_DOMCMPT,MF21,T,,12091993.0
2009,EN_MAT_DOMCMPT,MF21,T,,3837507.0
2010,EN_MAT_DOMCMPT,MF21,T,,7270443.0
2011,EN_MAT_DOMCMPT,MF21,T,,6801383.0
2012,EN_MAT_DOMCMPT,MF21,T,,6274961.0
2013,EN_MAT_DOMCMPT,MF21,T,,8574162.0
2014,EN_MAT_DOMCMPT,MF21,T,,10578310.0
2015,EN_MAT_DOMCMPT,MF21,T,,9813630.0
2016,EN_MAT_DOMCMPT,MF21,T,,9048951.0
2017,EN_MAT_DOMCMPT,MF21,T,,8284272.0
2000,EN_MAT_DOMCMPT,MF22,T,,1510429.0
2001,EN_MAT_DOMCMPT,MF22,T,,1717473.0
2002,EN_MAT_DOMCMPT,MF22,T,,1131241.0
2003,EN_MAT_DOMCMPT,MF22,T,,808600.0
2004,EN_MAT_DOMCMPT,MF22,T,,1105116.0
2005,EN_MAT_DOMCMPT,MF22,T,,1178764.0
2006,EN_MAT_DOMCMPT,MF22,T,,1132244.0
2007,EN_MAT_DOMCMPT,MF22,T,,669765.0
2008,EN_MAT_DOMCMPT,MF22,T,,457259.0
2009,EN_MAT_DOMCMPT,MF22,T,,102183.0
2010,EN_MAT_DOMCMPT,MF22,T,,276295.0
2013,EN_MAT_DOMCMPT,MF22,T,,62363.0
2014,EN_MAT_DOMCMPT,MF22,T,,75905.0
2000,EN_MAT_DOMCMPT,MF3,T,,372681711.0
2001,EN_MAT_DOMCMPT,MF3,T,,385038518.0
2002,EN_MAT_DOMCMPT,MF3,T,,364688174.0
2003,EN_MAT_DOMCMPT,MF3,T,,361495262.0
2004,EN_MAT_DOMCMPT,MF3,T,,371795339.0
2005,EN_MAT_DOMCMPT,MF3,T,,360372190.0
2006,EN_MAT_DOMCMPT,MF3,T,,367865924.0
2007,EN_MAT_DOMCMPT,MF3,T,,370125829.0
2008,EN_MAT_DOMCMPT,MF3,T,,326429673.0
2009,EN_MAT_DOMCMPT,MF3,T,,264705829.0
2010,EN_MAT_DOMCMPT,MF3,T,,254426965.0
2011,EN_MAT_DOMCMPT,MF3,T,,263643459.0
2012,EN_MAT_DOMCMPT,MF3,T,,247574480.0
2013,EN_MAT_DOMCMPT,MF3,T,,247952014.0
2014,EN_MAT_DOMCMPT,MF3,T,,254067963.0
2015,EN_MAT_DOMCMPT,MF3,T,,242996589.0
2016,EN_MAT_DOMCMPT,MF3,T,,231952364.0
2017,EN_MAT_DOMCMPT,MF3,T,,220926070.0
2000,EN_MAT_DOMCMPT,MF4,T,,208398882.0
2001,EN_MAT_DOMCMPT,MF4,T,,220080269.0
2002,EN_MAT_DOMCMPT,MF4,T,,207527011.0
2003,EN_MAT_DOMCMPT,MF4,T,,210422568.0
2004,EN_MAT_DOMCMPT,MF4,T,,216282551.0
2005,EN_MAT_DOMCMPT,MF4,T,,217899495.0
2006,EN_MAT_DOMCMPT,MF4,T,,221180229.0
2007,EN_MAT_DOMCMPT,MF4,T,,206905095.0
2008,EN_MAT_DOMCMPT,MF4,T,,211517527.0
2009,EN_MAT_DOMCMPT,MF4,T,,195015892.0
2010,EN_MAT_DOMCMPT,MF4,T,,187363526.0
2011,EN_MAT_DOMCMPT,MF4,T,,181562957.0
2012,EN_MAT_DOMCMPT,MF4,T,,186781666.0
2013,EN_MAT_DOMCMPT,MF4,T,,186173856.0
2014,EN_MAT_DOMCMPT,MF4,T,,173518577.0
2015,EN_MAT_DOMCMPT,MF4,T,,157372469.0
2016,EN_MAT_DOMCMPT,MF4,T,,153548239.0
2017,EN_MAT_DOMCMPT,MF4,T,,149724008.0
2000,EN_MAT_DOMCMPT,MF41,T,,53423000.0
2001,EN_MAT_DOMCMPT,MF41,T,,66276000.0
2002,EN_MAT_DOMCMPT,MF41,T,,57559000.0
2003,EN_MAT_DOMCMPT,MF41,T,,59896000.0
2004,EN_MAT_DOMCMPT,MF41,T,,60936000.0
2005,EN_MAT_DOMCMPT,MF41,T,,64221000.0
2006,EN_MAT_DOMCMPT,MF41,T,,69003000.0
2007,EN_MAT_DOMCMPT,MF41,T,,60178000.0
2008,EN_MAT_DOMCMPT,MF41,T,,61409000.0
2009,EN_MAT_DOMCMPT,MF41,T,,54901000.0
2010,EN_MAT_DOMCMPT,MF41,T,,43246000.0
2011,EN_MAT_DOMCMPT,MF41,T,,49477000.0
2012,EN_MAT_DOMCMPT,MF41,T,,60270000.0
2013,EN_MAT_DOMCMPT,MF41,T,,62198000.0
2014,EN_MAT_DOMCMPT,MF41,T,,53814000.0
2015,EN_MAT_DOMCMPT,MF41,T,,34532000.0
2016,EN_MAT_DOMCMPT,MF41,T,,33328946.0
2017,EN_MAT_DOMCMPT,MF41,T,,32125893.0
2000,EN_MAT_DOMCMPT,MF421,T,,81249000.0
2001,EN_MAT_DOMCMPT,MF421,T,,81171000.0
2002,EN_MAT_DOMCMPT,MF421,T,,77723000.0
2003,EN_MAT_DOMCMPT,MF421,T,,78963000.0
2004,EN_MAT_DOMCMPT,MF421,T,,81437000.0
2005,EN_MAT_DOMCMPT,MF421,T,,82087000.0
2006,EN_MAT_DOMCMPT,MF421,T,,83714000.0
2007,EN_MAT_DOMCMPT,MF421,T,,78155000.0
2008,EN_MAT_DOMCMPT,MF421,T,,78769000.0
2009,EN_MAT_DOMCMPT,MF421,T,,73912000.0
2010,EN_MAT_DOMCMPT,MF421,T,,73484000.0
2011,EN_MAT_DOMCMPT,MF421,T,,71172000.0
2012,EN_MAT_DOMCMPT,MF421,T,,70339000.0
2013,EN_MAT_DOMCMPT,MF421,T,,68301000.0
2014,EN_MAT_DOMCMPT,MF421,T,,69114000.0
2015,EN_MAT_DOMCMPT,MF421,T,,71066000.0
2016,EN_MAT_DOMCMPT,MF421,T,,70074789.0
2017,EN_MAT_DOMCMPT,MF421,T,,69083579.0
2000,EN_MAT_DOMCMPT,MF422,T,,73726882.0
2001,EN_MAT_DOMCMPT,MF422,T,,72633269.0
2002,EN_MAT_DOMCMPT,MF422,T,,72245011.0
2003,EN_MAT_DOMCMPT,MF422,T,,71563568.0
2004,EN_MAT_DOMCMPT,MF422,T,,73909551.0
2005,EN_MAT_DOMCMPT,MF422,T,,71591495.0
2006,EN_MAT_DOMCMPT,MF422,T,,68463229.0
2007,EN_MAT_DOMCMPT,MF422,T,,68572095.0
2008,EN_MAT_DOMCMPT,MF422,T,,71339527.0
2009,EN_MAT_DOMCMPT,MF422,T,,66202892.0
2010,EN_MAT_DOMCMPT,MF422,T,,70633526.0
2011,EN_MAT_DOMCMPT,MF422,T,,60913957.0
2012,EN_MAT_DOMCMPT,MF422,T,,56172666.0
2013,EN_MAT_DOMCMPT,MF422,T,,55674856.0
2014,EN_MAT_DOMCMPT,MF422,T,,50590577.0
2015,EN_MAT_DOMCMPT,MF422,T,,51774469.0
2016,EN_MAT_DOMCMPT,MF422,T,,50144503.0
2017,EN_MAT_DOMCMPT,MF422,T,,48514537.0
