Year,Age,Sex,Unit multiplier,Observation status,Value
2009/10,,Female,Units,Undefined,0.686502925641
2009/10,,Male,Units,Undefined,1.471141295931686
2009/10,,,Units,Undefined,1.0717783736125268
2010/11,,Female,Units,Undefined,0.7062246641901722
2010/11,,Male,Units,Undefined,1.5782147906490775
2010/11,,,Units,Undefined,1.134806786575523
2011/12,,Female,Units,Undefined,0.5957909124362593
2011/12,,Male,Units,Undefined,1.2808683853459972
2011/12,,,Units,Undefined,0.9346459917039042
2012/13,,Female,Units,Undefined,0.5813852286375741
2012/13,,Male,Units,Undefined,1.346813439402374
2012/13,,,Units,Undefined,0.9581388771036627
2013/14,,Female,Units,Undefined,0.6366995047896585
2013/14,,Male,Units,Undefined,1.201460462538748
2013/14,,,Units,Undefined,0.9148660268258736
2014/15,,Female,Units,Undefined,0.631995247120961
2014/15,,Male,Units,Undefined,1.127427153627076
2014/15,,,Units,Undefined,0.8779164200575055
2015/16,,Female,Units,Undefined,0.5796001345490571
2015/16,,Male,Units,Undefined,1.2922499637276992
2015/16,,,Units,Undefined,0.932877510954271
2016/17,,Female,Units,Undefined,0.5821379958796138
2016/17,,Male,Units,Undefined,1.7444103785412135
2016/17,,,Units,Undefined,1.1561937806126923
2017/18,,Female,Units,Undefined,0.7334303121095871
2017/18,,Male,Units,Undefined,1.647068787829388
2017/18,,,Units,Undefined,1.184789851730189
2018/19,,Female,Units,Undefined,0.7324278028523749
2018/19,,Male,Units,Undefined,1.4239138318544655
2018/19,,,Units,Undefined,1.0758543454932672
2019/20,,Female,Units,Undefined,0.5888746409320242
2019/20,,Male,Units,Undefined,1.6846757368473877
2019/20,,,Units,Undefined,1.1322372334784212
2020/21,,,Units,Undefined,0.9946462579096982
2020/21,,Female,Units,Undefined,0.5866097476245786
2020/21,,Male,Units,Undefined,1.4079577092825908
2009/10,Under 1,Female,Units,Undefined,3.2286469034341065
2009/10,Under 1,Male,Units,Undefined,2.520302436292355
2009/10,Under 1,,Units,Undefined,2.866150759529951
2010/11,Under 1,Female,Units,Undefined,2.027809965237544
2010/11,Under 1,Male,Units,Undefined,2.760143527463428
2010/11,Under 1,,Units,Undefined,2.402826855123675
2011/12,Under 1,Female,Units,Undefined,2.579535683576956
2011/12,Under 1,Male,Units,Undefined,1.364256480218281
2011/12,Under 1,,Units,Undefined,2.096729102599944
2012/13,Under 1,Female,Units,Undefined,3.360403248389807
2012/13,Under 1,Male,Units,Undefined,2.6673779674579885
2012/13,Under 1,,Units,Undefined,3.005464480874317
2013/14,Under 1,Female,Units,Undefined,2.3123459038237533
2013/14,Under 1,Male,Units,Undefined,2.192033055858482
2013/14,Under 1,,Units,Undefined,2.250582689924564
2014/15,Under 1,Female,Units,Undefined,2.645743733261996
2014/15,Under 1,Male,Units,Undefined,4.194114818087259
2014/15,Under 1,,Units,Undefined,3.582621705241949
2015/16,Under 1,Female,Units,Undefined,1.769191302655556
2015/16,Under 1,Male,Units,Undefined,1.6788805224676184
2015/16,Under 1,,Units,Undefined,1.7228532172130264
2016/17,Under 1,Female,Units,Undefined,2.045282555785082
2016/17,Under 1,Male,Units,Undefined,3.886761966368404
2016/17,Under 1,,Units,Undefined,2.98954513358996
2017/18,Under 1,Female,Units,Undefined,2.691548537591961
2017/18,Under 1,Male,Units,Undefined,2.2754293450745484
2017/18,Under 1,,Units,Undefined,2.478271391126622
2018/19,Under 1,Female,Units,Undefined,3.9858349557725625
2018/19,Under 1,Male,Units,Undefined,4.36500776971383
2018/19,Under 1,,Units,Undefined,4.329670034353692
2019/20,Under 1,Female,Units,Undefined,
2019/20,Under 1,Male,Units,Undefined,3.89495603193864
2019/20,Under 1,,Units,Undefined,2.6178494213012864
2020/21,Under 1,Female,Units,Undefined,3.2518844670486544
2020/21,Under 1,Male,Units,Undefined,4.941321803582458
2020/21,Under 1,,Units,Undefined,4.118394333089397
2009/10,1 to 4,Female,Units,Undefined,0.761788679820218
2009/10,1 to 4,Male,Units,Undefined,0.4366812227074235
2009/10,1 to 4,,Units,Undefined,0.5955261100978896
2010/11,1 to 4,Female,Units,Undefined,0.521687285735579
2010/11,1 to 4,Male,Units,Undefined,0.6397952655150353
2010/11,1 to 4,,Units,Undefined,0.5821357103874841
2011/12,1 to 4,Female,Units,Undefined,0.5136106831022087
2011/12,1 to 4,Male,Units,Undefined,0.7699307062364387
2011/12,1 to 4,,Units,Undefined,0.6447915174093709
2012/13,1 to 4,Female,Units,Undefined,0.5046499891860716
2012/13,1 to 4,Male,Units,Undefined,0.9627286480539128
2012/13,1 to 4,,Units,Undefined,0.7390983000739098
2013/14,1 to 4,Female,Units,Undefined,0.8532259406282728
2013/14,1 to 4,Male,Units,Undefined,0.4066272102730298
2013/14,1 to 4,,Units,Undefined,0.6245706077072013
2014/15,1 to 4,Female,Units,Undefined,0.4226411691945305
2014/15,1 to 4,Male,Units,Undefined,0.4694284708367562
2014/15,1 to 4,,Units,Undefined,0.4466096998817171
2015/16,1 to 4,Female,Units,Undefined,0.3518653791208714
2015/16,1 to 4,Male,Units,Undefined,
2015/16,1 to 4,,Units,Undefined,0.2745288998288656
2016/17,1 to 4,Female,Units,Undefined,
2016/17,1 to 4,Male,Units,Undefined,0.5383105527036312
2016/17,1 to 4,,Units,Undefined,0.4138132233325827
2017/18,1 to 4,Female,Units,Undefined,0.5720786980060912
2017/18,1 to 4,Male,Units,Undefined,0.4757816923282921
2017/18,1 to 4,,Units,Undefined,0.5227078216604546
2018/19,1 to 4,Female,Units,Undefined,0.865333860225506
2018/19,1 to 4,Male,Units,Undefined,0.4112729927307498
2018/19,1 to 4,,Units,Undefined,0.6325481887509738
2019/20,1 to 4,Female,Units,Undefined,0.3645260723627996
2019/20,1 to 4,Male,Units,Undefined,0.4154701702804493
2019/20,1 to 4,,Units,Undefined,0.3906539938511061
2020/21,1 to 4,Female,Units,Undefined,0.8157139128164971
2020/21,1 to 4,Male,Units,Undefined,0.4926240110572978
2020/21,1 to 4,,Units,Undefined,0.6499429133474444
2009/10,5 to 15,Female,Units,Undefined,0.0869212493480906
2009/10,5 to 15,Male,Units,Undefined,0.1930981214311329
2009/10,5 to 15,,Units,Undefined,0.1413127958736663
2010/11,5 to 15,Female,Units,Undefined,0.2322475759159263
2010/11,5 to 15,Male,Units,Undefined,0.4149262814306659
2010/11,5 to 15,,Units,Undefined,0.3257928807173109
2011/12,5 to 15,Female,Units,Undefined,0.2027516292541636
2011/12,5 to 15,Male,Units,Undefined,0.1930395455297556
2011/12,5 to 15,,Units,Undefined,0.1977764278751748
2012/13,5 to 15,Female,Units,Undefined,0.2592613930978856
2012/13,5 to 15,Male,Units,Undefined,0.3843830651803854
2012/13,5 to 15,,Units,Undefined,0.3233243364822312
2013/14,5 to 15,Female,Units,Undefined,0.1428792279035131
2013/14,5 to 15,Male,Units,Undefined,0.1633970463805239
2013/14,5 to 15,,Units,Undefined,0.1533850119974968
2014/15,5 to 15,Female,Units,Undefined,0.1978443445487523
2014/15,5 to 15,Male,Units,Undefined,0.2424810662700754
2014/15,5 to 15,,Units,Undefined,0.2206968087931126
2015/16,5 to 15,Female,Units,Undefined,0.1951666151333866
2015/16,5 to 15,Male,Units,Undefined,0.1860157603181613
2015/16,5 to 15,,Units,Undefined,0.1904813477262854
2016/17,5 to 15,Female,Units,Undefined,0.2738867598758088
2016/17,5 to 15,Male,Units,Undefined,0.5218215328611893
2016/17,5 to 15,,Units,Undefined,0.400862013674205
2017/18,5 to 15,Female,Units,Undefined,0.5366161362082006
2017/18,5 to 15,Male,Units,Undefined,0.3576411826887362
2017/18,5 to 15,,Units,Undefined,0.4449331730003558
2018/19,5 to 15,Female,Units,Undefined,0.1315047855906524
2018/19,5 to 15,Male,Units,Undefined,0.3004812206749109
2018/19,5 to 15,,Units,Undefined,0.2180679004435372
2019/20,5 to 15,Female,Units,Undefined,
2019/20,5 to 15,Male,Units,Undefined,0.3451496975872311
2019/20,5 to 15,,Units,Undefined,0.1895055610406887
2020/21,5 to 15,Female,Units,Undefined,
2020/21,5 to 15,Male,Units,Undefined,0.2920338992950301
2020/21,5 to 15,,Units,Undefined,0.187168197577744
2009/10,16 to 24,Female,Units,Undefined,0.6158014656074882
2009/10,16 to 24,Male,Units,Undefined,2.7358117761498013
2009/10,16 to 24,,Units,Undefined,1.6826003824091778
2010/11,16 to 24,Female,Units,Undefined,0.67538527660097
2010/11,16 to 24,Male,Units,Undefined,2.5187406296851576
2010/11,16 to 24,,Units,Undefined,1.6079121412535646
2011/12,16 to 24,Female,Units,Undefined,1.0079413561392792
2011/12,16 to 24,Male,Units,Undefined,1.925811803744963
2011/12,16 to 24,,Units,Undefined,1.4738615171749985
2012/13,16 to 24,Female,Units,Undefined,0.5834484876401044
2012/13,16 to 24,Male,Units,Undefined,2.011536754917912
2012/13,16 to 24,,Units,Undefined,1.310833207774597
2013/14,16 to 24,Female,Units,Undefined,0.7424267827987139
2013/14,16 to 24,Male,Units,Undefined,2.1374162733969158
2013/14,16 to 24,,Units,Undefined,1.4542821413395606
2014/15,16 to 24,Female,Units,Undefined,0.5909845616169835
2014/15,16 to 24,Male,Units,Undefined,1.990793619476736
2014/15,16 to 24,,Units,Undefined,1.3068983260456022
2015/16,16 to 24,Female,Units,Undefined,0.4998289647761156
2015/16,16 to 24,Male,Units,Undefined,2.055180708465468
2015/16,16 to 24,,Units,Undefined,1.2960351692103518
2016/17,16 to 24,Female,Units,Undefined,0.6639201449495753
2016/17,16 to 24,Male,Units,Undefined,3.898667045737063
2016/17,16 to 24,,Units,Undefined,2.323969327298606
2017/18,16 to 24,Female,Units,Undefined,0.9304396872952632
2017/18,16 to 24,Male,Units,Undefined,3.5828081078340226
2017/18,16 to 24,,Units,Undefined,2.2931801135420558
2018/19,16 to 24,Female,Units,Undefined,0.5185952033833151
2018/19,16 to 24,Male,Units,Undefined,2.9079893794105782
2018/19,16 to 24,,Units,Undefined,1.7474480960687138
2019/20,16 to 24,Female,Units,Undefined,0.5890281722357644
2019/20,16 to 24,Male,Units,Undefined,3.766923754066812
2019/20,16 to 24,,Units,Undefined,2.240015962893897
2020/21,16 to 24,Female,Units,Undefined,0.3279166960425373
2020/21,16 to 24,Male,Units,Undefined,2.5872535871962983
2020/21,16 to 24,,Units,Undefined,1.4929542881220716
2009/10,25 to 34,Female,Units,Undefined,0.8749863283386198
2009/10,25 to 34,Male,Units,Undefined,2.3776338443879643
2009/10,25 to 34,,Units,Undefined,1.6265052007162093
2010/11,25 to 34,Female,Units,Undefined,1.0496003444842157
2010/11,25 to 34,Male,Units,Undefined,2.268431001890359
2010/11,25 to 34,,Units,Undefined,1.6579724210441185
2011/12,25 to 34,Female,Units,Undefined,0.7682933290944736
2011/12,25 to 34,Male,Units,Undefined,2.0939910408990907
2011/12,25 to 34,,Units,Undefined,1.4309753156758045
2012/13,25 to 34,Female,Units,Undefined,0.7321409894362515
2012/13,25 to 34,Male,Units,Undefined,1.8128316956544583
2012/13,25 to 34,,Units,Undefined,1.271197546719786
2013/14,25 to 34,Female,Units,Undefined,0.7218336637440996
2013/14,25 to 34,Male,Units,Undefined,1.7104281434883355
2013/14,25 to 34,,Units,Undefined,1.2148323796252964
2014/15,25 to 34,Female,Units,Undefined,0.5632591196772012
2014/15,25 to 34,Male,Units,Undefined,1.361094874989856
2014/15,25 to 34,,Units,Undefined,0.9615675551208984
2015/16,25 to 34,Female,Units,Undefined,0.6874211852516077
2015/16,25 to 34,Male,Units,Undefined,1.855008000674918
2015/16,25 to 34,,Units,Undefined,1.271776631257014
2016/17,25 to 34,Female,Units,Undefined,0.6832374523441878
2016/17,25 to 34,Male,Units,Undefined,2.654562529347316
2016/17,25 to 34,,Units,Undefined,1.6740300915090298
2017/18,25 to 34,Female,Units,Undefined,1.0078651274886394
2017/18,25 to 34,Male,Units,Undefined,2.3442507250967006
2017/18,25 to 34,,Units,Undefined,1.6794936953185369
2018/19,25 to 34,Female,Units,Undefined,0.9563309106283596
2018/19,25 to 34,Male,Units,Undefined,2.335530222506461
2018/19,25 to 34,,Units,Undefined,1.650350286848384
2019/20,25 to 34,Female,Units,Undefined,0.8555411259877411
2019/20,25 to 34,Male,Units,Undefined,2.477403601748452
2019/20,25 to 34,,Units,Undefined,1.672788364683343
2020/21,25 to 34,Female,Units,Undefined,0.9103214522054688
2020/21,25 to 34,Male,Units,Undefined,2.1748349843955586
2020/21,25 to 34,,Units,Undefined,1.5498196397394255
2009/10,35 to 44,Female,Units,Undefined,1.1564391516165542
2009/10,35 to 44,Male,Units,Undefined,1.87125748502994
2009/10,35 to 44,,Units,Undefined,1.5113599762146626
2010/11,35 to 44,Female,Units,Undefined,1.1502012852249144
2010/11,35 to 44,Male,Units,Undefined,2.2078416444613627
2010/11,35 to 44,,Units,Undefined,1.6751051663769867
2011/12,35 to 44,Female,Units,Undefined,0.6622179206357293
2011/12,35 to 44,Male,Units,Undefined,2.2473651580905147
2011/12,35 to 44,,Units,Undefined,1.4492010157231898
2012/13,35 to 44,Female,Units,Undefined,0.6231500233681259
2012/13,35 to 44,Male,Units,Undefined,2.001896533558108
2012/13,35 to 44,,Units,Undefined,1.3075655744135568
2013/14,35 to 44,Female,Units,Undefined,0.6070164770663896
2013/14,35 to 44,Male,Units,Undefined,1.7904519207540637
2013/14,35 to 44,,Units,Undefined,1.1950451833305538
2014/15,35 to 44,Female,Units,Undefined,0.8788282290279626
2014/15,35 to 44,Male,Units,Undefined,1.4813972862417786
2014/15,35 to 44,,Units,Undefined,1.178406609468417
2015/16,35 to 44,Female,Units,Undefined,0.7990652002577252
2015/16,35 to 44,Male,Units,Undefined,1.938849755839573
2015/16,35 to 44,,Units,Undefined,1.3658405161591654
2016/17,35 to 44,Female,Units,Undefined,1.0154302645249282
2016/17,35 to 44,Male,Units,Undefined,2.212485487309372
2016/17,35 to 44,,Units,Undefined,1.611063711528302
2017/18,35 to 44,Female,Units,Undefined,0.7753152458524644
2017/18,35 to 44,Male,Units,Undefined,2.352629401377505
2017/18,35 to 44,,Units,Undefined,1.5594743173401175
2018/19,35 to 44,Female,Units,Undefined,0.8789778074085044
2018/19,35 to 44,Male,Units,Undefined,1.8076376738670905
2018/19,35 to 44,,Units,Undefined,1.3403287772877537
2019/20,35 to 44,Female,Units,Undefined,0.8205332354340131
2019/20,35 to 44,Male,Units,Undefined,2.604457542509043
2019/20,35 to 44,,Units,Undefined,1.7061172968970657
2020/21,35 to 44,Female,Units,Undefined,0.7343185615538601
2020/21,35 to 44,Male,Units,Undefined,1.8881693161316675
2020/21,35 to 44,,Units,Undefined,1.3072214743477593
2009/10,45 to 54,Female,Units,Undefined,0.5633500549936958
2009/10,45 to 54,Male,Units,Undefined,1.661944202266783
2009/10,45 to 54,,Units,Undefined,1.1083926954217975
2010/11,45 to 54,Female,Units,Undefined,0.4973952197701511
2010/11,45 to 54,Male,Units,Undefined,1.8351551902976144
2010/11,45 to 54,,Units,Undefined,1.1609805008047709
2011/12,45 to 54,Female,Units,Undefined,0.6402376562179882
2011/12,45 to 54,Male,Units,Undefined,1.0175063268021602
2011/12,45 to 54,,Units,Undefined,0.8271191697791334
2012/13,45 to 54,Female,Units,Undefined,0.5534451963472617
2012/13,45 to 54,Male,Units,Undefined,1.6933063088488085
2012/13,45 to 54,,Units,Undefined,1.1177725840869832
2013/14,45 to 54,Female,Units,Undefined,0.620322920261955
2013/14,45 to 54,Male,Units,Undefined,1.4453574990345266
2013/14,45 to 54,,Units,Undefined,1.0283653255277896
2014/15,45 to 54,Female,Units,Undefined,0.8085066661374624
2014/15,45 to 54,Male,Units,Undefined,1.27898948796032
2014/15,45 to 54,,Units,Undefined,1.0410054526378458
2015/16,45 to 54,Female,Units,Undefined,0.8987890639233358
2015/16,45 to 54,Male,Units,Undefined,1.5681526614039796
2015/16,45 to 54,,Units,Undefined,1.2293898931365128
2016/17,45 to 54,Female,Units,Undefined,0.6510652150323724
2016/17,45 to 54,Male,Units,Undefined,1.607420048781489
2016/17,45 to 54,,Units,Undefined,1.123211819313798
2017/18,45 to 54,Female,Units,Undefined,0.8439715952919888
2017/18,45 to 54,Male,Units,Undefined,1.6572979858882313
2017/18,45 to 54,,Units,Undefined,1.2454540925621482
2018/19,45 to 54,Female,Units,Undefined,0.8003931142908007
2018/19,45 to 54,Male,Units,Undefined,1.6917299780025346
2018/19,45 to 54,,Units,Undefined,1.2404010155077143
2019/20,45 to 54,Female,Units,Undefined,0.491119093433443
2019/20,45 to 54,Male,Units,Undefined,1.662262091886323
2019/20,45 to 54,,Units,Undefined,1.0692760317425782
2020/21,45 to 54,Female,Units,Undefined,0.6235203861237284
2020/21,45 to 54,Male,Units,Undefined,1.635183841930866
2020/21,45 to 54,,Units,Undefined,1.1232516241398132
2009/10,55 to 64,Female,Units,Undefined,0.4847456600115126
2009/10,55 to 64,Male,Units,Undefined,1.2181028828434894
2009/10,55 to 64,,Units,Undefined,0.845841535433071
2010/11,55 to 64,Female,Units,Undefined,0.5436259853220984
2010/11,55 to 64,Male,Units,Undefined,1.2757086405924267
2010/11,55 to 64,,Units,Undefined,0.9042145593869731
2011/12,55 to 64,Female,Units,Undefined,0.2704245665695141
2011/12,55 to 64,Male,Units,Undefined,1.0218932895673984
2011/12,55 to 64,,Units,Undefined,0.640497758257846
2012/13,55 to 64,Female,Units,Undefined,0.5189413596263622
2012/13,55 to 64,Male,Units,Undefined,0.8190266183650969
2012/13,55 to 64,,Units,Undefined,0.6666253255612056
2013/14,55 to 64,Female,Units,Undefined,0.5507514391441077
2013/14,55 to 64,Male,Units,Undefined,0.9475825747145172
2013/14,55 to 64,,Units,Undefined,0.7460119831283173
2014/15,55 to 64,Female,Units,Undefined,0.5466938839229174
2014/15,55 to 64,Male,Units,Undefined,0.8468675310988576
2014/15,55 to 64,,Units,Undefined,0.694365256801732
2015/16,55 to 64,Female,Units,Undefined,0.4798838681039188
2015/16,55 to 64,Male,Units,Undefined,0.9904054472299596
2015/16,55 to 64,,Units,Undefined,0.7311344464855283
2016/17,55 to 64,Female,Units,Undefined,0.2058941615769139
2016/17,55 to 64,Male,Units,Undefined,1.4562841695842914
2016/17,55 to 64,,Units,Undefined,0.8214024625645828
2017/18,55 to 64,Female,Units,Undefined,0.4595499799377712
2017/18,55 to 64,Male,Units,Undefined,1.2445100808279663
2017/18,55 to 64,,Units,Undefined,0.8459139947573752
2018/19,55 to 64,Female,Units,Undefined,0.4765758752245864
2018/19,55 to 64,Male,Units,Undefined,0.8110119198476919
2018/19,55 to 64,,Units,Undefined,0.6410630820318566
2019/20,55 to 64,Female,Units,Undefined,0.6564188740118845
2019/20,55 to 64,Male,Units,Undefined,0.9896463201980876
2019/20,55 to 64,,Units,Undefined,0.8202625424051403
2020/21,55 to 64,Female,Units,Undefined,0.3996637495653656
2020/21,55 to 64,Male,Units,Undefined,0.9930820798890396
2020/21,55 to 64,,Units,Undefined,0.6912224105690347
2009/10,65 to 74,Female,Units,Undefined,0.41023957991467
2009/10,65 to 74,Male,Units,Undefined,0.5354513408593994
2009/10,65 to 74,,Units,Undefined,0.4702160856648213
2010/11,65 to 74,Female,Units,Undefined,0.6026032460228186
2010/11,65 to 74,Male,Units,Undefined,0.7396771526780663
2010/11,65 to 74,,Units,Undefined,0.6684073107049608
2011/12,65 to 74,Female,Units,Undefined,0.3147004445143778
2011/12,65 to 74,Male,Units,Undefined,0.552509668919206
2011/12,65 to 74,,Units,Undefined,0.4290091930541369
2012/13,65 to 74,Female,Units,Undefined,0.3361721201255042
2012/13,65 to 74,Male,Units,Undefined,0.8449004224502114
2012/13,65 to 74,,Units,Undefined,0.5810912894415713
2013/14,65 to 74,Female,Units,Undefined,0.612725221572253
2013/14,65 to 74,Male,Units,Undefined,0.4653731361805896
2013/14,65 to 74,,Units,Undefined,0.5417456089650304
2014/15,65 to 74,Female,Units,Undefined,0.3158103060833487
2014/15,65 to 74,Male,Units,Undefined,0.7920018374442629
2014/15,65 to 74,,Units,Undefined,0.5453235686483301
2015/16,65 to 74,Female,Units,Undefined,0.3084639421074873
2015/16,65 to 74,Male,Units,Undefined,0.8474048594615884
2015/16,65 to 74,,Units,Undefined,0.5681967494884453
2016/17,65 to 74,Female,Units,Undefined,0.2343770141774656
2016/17,65 to 74,Male,Units,Undefined,0.6116562247354497
2016/17,65 to 74,,Units,Undefined,0.4162345342855854
2017/18,65 to 74,Female,Units,Undefined,0.4616645314682087
2017/18,65 to 74,Male,Units,Undefined,0.8512757431105191
2017/18,65 to 74,,Units,Undefined,0.6493725096350647
2018/19,65 to 74,Female,Units,Undefined,0.7512559038915056
2018/19,65 to 74,Male,Units,Undefined,0.4920242863187727
2018/19,65 to 74,,Units,Undefined,0.6263831216496968
2019/20,65 to 74,Female,Units,Undefined,0.552065634758572
2019/20,65 to 74,Male,Units,Undefined,0.979654671728216
2019/20,65 to 74,,Units,Undefined,0.7578955027154554
2020/21,65 to 74,Female,Units,Undefined,0.6788807002945372
2020/21,65 to 74,Male,Units,Undefined,0.6627270450535797
2020/21,65 to 74,,Units,Undefined,0.6711106495361199
2009/10,75 and over,Female,Units,Undefined,0.8937244997085682
2009/10,75 and over,Male,Units,Undefined,1.471141295931686
2009/10,75 and over,,Units,Undefined,0.8432690731067437
2010/11,75 and over,Female,Units,Undefined,0.732064421669107
2010/11,75 and over,Male,Units,Undefined,1.5782147906490775
2010/11,75 and over,,Units,Undefined,0.8076798818479716
2011/12,75 and over,Female,Units,Undefined,0.6490035886080782
2011/12,75 and over,Male,Units,Undefined,1.2808683853459972
2011/12,75 and over,,Units,Undefined,0.7270579147070183
2012/13,75 and over,Female,Units,Undefined,0.755172934602024
2012/13,75 and over,Male,Units,Undefined,1.346813439402374
2012/13,75 and over,,Units,Undefined,0.6919951783561767
2013/14,75 and over,Female,Units,Undefined,0.897669089999181
2013/14,75 and over,Male,Units,Undefined,1.201460462538748
2013/14,75 and over,,Units,Undefined,0.8126968730719041
2014/15,75 and over,Female,Units,Undefined,1.0307566747936925
2014/15,75 and over,Male,Units,Undefined,1.127427153627076
2014/15,75 and over,,Units,Undefined,0.9030055896045996
2015/16,75 and over,Female,Units,Undefined,0.622238131997205
2015/16,75 and over,Male,Units,Undefined,1.2922499637276992
2015/16,75 and over,,Units,Undefined,0.8077384746879208
2016/17,75 and over,Female,Units,Undefined,0.873178467855572
2016/17,75 and over,Male,Units,Undefined,1.7444103785412135
2016/17,75 and over,,Units,Undefined,0.7787017904669222
2017/18,75 and over,Female,Units,Undefined,0.6483547278386952
2017/18,75 and over,Male,Units,Undefined,1.647068787829388
2017/18,75 and over,,Units,Undefined,0.725843362587586
2018/19,75 and over,Female,Units,Undefined,1.0280968226135925
2018/19,75 and over,Male,Units,Undefined,1.4239138318544655
2018/19,75 and over,,Units,Undefined,0.9341395092680852
2019/20,75 and over,Female,Units,Undefined,0.794457587536273
2019/20,75 and over,Male,Units,Undefined,1.6846757368473877
2019/20,75 and over,,Units,Undefined,0.7088570507057262
2020/21,75 and over,Female,Units,Undefined,0.6124425877604709
2020/21,75 and over,Male,Units,Undefined,1.4079577092825908
2020/21,75 and over,,Units,Undefined,0.715343538901155
