Year,OBS_STATUS,UNIT_MULT,REPORTING_TYPE,SERIES,COMPOSITE_BREAKDOWN,UNIT_MEASURE,Value
2000,A,0,G,SG_INT_MBRDEV,IO_ADB,PT,1.6949
2005,A,0,G,SG_INT_MBRDEV,IO_ADB,PT,1.5625
2010,A,0,G,SG_INT_MBRDEV,IO_ADB,PT,1.4925
2015,A,0,G,SG_INT_MBRDEV,IO_ADB,PT,1.4925
2016,A,0,G,SG_INT_MBRDEV,IO_ADB,PT,1.4925
2017,A,0,G,SG_INT_MBRDEV,IO_ADB,PT,1.4925
2018,A,0,G,SG_INT_MBRDEV,IO_ADB,PT,1.4925
2019,A,0,G,SG_INT_MBRDEV,IO_ADB,PT,1.47059
2020,A,0,G,SG_INT_MBRDEV,IO_ADB,PT,1.47058823529412
2000,A,0,G,SG_INT_MBRDEV,IO_AFDB,PT,1.2987
2005,A,0,G,SG_INT_MBRDEV,IO_AFDB,PT,1.2987
2010,A,0,G,SG_INT_MBRDEV,IO_AFDB,PT,1.2987
2014,A,0,G,SG_INT_MBRDEV,IO_AFDB,PT,1.26582
2015,A,0,G,SG_INT_MBRDEV,IO_AFDB,PT,1.25
2016,A,0,G,SG_INT_MBRDEV,IO_AFDB,PT,1.25
2017,A,0,G,SG_INT_MBRDEV,IO_AFDB,PT,1.25
2018,A,0,G,SG_INT_MBRDEV,IO_AFDB,PT,1.25
2019,A,0,G,SG_INT_MBRDEV,IO_AFDB,PT,1.25
2000,A,0,G,SG_INT_MBRDEV,IO_ECOSOC,PT,1.85185
2005,A,0,G,SG_INT_MBRDEV,IO_ECOSOC,PT,1.85185
2010,A,0,G,SG_INT_MBRDEV,IO_ECOSOC,PT,1.85185
2015,A,0,G,SG_INT_MBRDEV,IO_ECOSOC,PT,1.85185
2016,A,0,G,SG_INT_MBRDEV,IO_ECOSOC,PT,1.85185
2017,A,0,G,SG_INT_MBRDEV,IO_ECOSOC,PT,1.85185185185185
2018,A,0,G,SG_INT_MBRDEV,IO_ECOSOC,PT,1.8519
2019,A,0,G,SG_INT_MBRDEV,IO_ECOSOC,PT,1.85185
2021,A,0,G,SG_INT_MBRDEV,IO_ECOSOC,PT,1.85185185185185
2010,A,0,G,SG_INT_MBRDEV,IO_FSB,PT,4.16667
2015,A,0,G,SG_INT_MBRDEV,IO_FSB,PT,4.16667
2016,A,0,G,SG_INT_MBRDEV,IO_FSB,PT,4.16667
2017,A,0,G,SG_INT_MBRDEV,IO_FSB,PT,4.16667
2018,A,0,G,SG_INT_MBRDEV,IO_FSB,PT,4.16667
2019,A,0,G,SG_INT_MBRDEV,IO_FSB,PT,4.16667
2020,A,0,G,SG_INT_MBRDEV,IO_FSB,PT,4.16667
2021,A,0,G,SG_INT_MBRDEV,IO_FSB,PT,4.16666666666667
2000,A,0,G,SG_INT_MBRDEV,IO_IADB,PT,2.17391
2005,A,0,G,SG_INT_MBRDEV,IO_IADB,PT,2.12766
2010,A,0,G,SG_INT_MBRDEV,IO_IADB,PT,2.08333
2015,A,0,G,SG_INT_MBRDEV,IO_IADB,PT,2.08333
2016,A,0,G,SG_INT_MBRDEV,IO_IADB,PT,2.08333
2017,A,0,G,SG_INT_MBRDEV,IO_IADB,PT,2.08333
2018,A,0,G,SG_INT_MBRDEV,IO_IADB,PT,2.08333
2019,A,0,G,SG_INT_MBRDEV,IO_IADB,PT,2.08333
2000,A,0,G,SG_INT_MBRDEV,IO_IBRD,PT,0.54945
2005,A,0,G,SG_INT_MBRDEV,IO_IBRD,PT,0.54348
2010,A,0,G,SG_INT_MBRDEV,IO_IBRD,PT,0.53476
2015,A,0,G,SG_INT_MBRDEV,IO_IBRD,PT,0.53191
2016,A,0,G,SG_INT_MBRDEV,IO_IBRD,PT,0.53191
2017,A,0,G,SG_INT_MBRDEV,IO_IBRD,PT,0.5291
2018,A,0,G,SG_INT_MBRDEV,IO_IBRD,PT,0.5291
2019,A,0,G,SG_INT_MBRDEV,IO_IBRD,PT,0.5291
2020,A,0,G,SG_INT_MBRDEV,IO_IBRD,PT,0.5291
2021,A,0,G,SG_INT_MBRDEV,IO_IBRD,PT,0.5291
2000,A,0,G,SG_INT_MBRDEV,IO_IFC,PT,0.57471
2005,A,0,G,SG_INT_MBRDEV,IO_IFC,PT,0.5618
2010,A,0,G,SG_INT_MBRDEV,IO_IFC,PT,0.54945
2015,A,0,G,SG_INT_MBRDEV,IO_IFC,PT,0.54348
2016,A,0,G,SG_INT_MBRDEV,IO_IFC,PT,0.54348
2017,A,0,G,SG_INT_MBRDEV,IO_IFC,PT,0.54348
2018,A,0,G,SG_INT_MBRDEV,IO_IFC,PT,0.54348
2019,A,0,G,SG_INT_MBRDEV,IO_IFC,PT,0.5435
2020,A,0,G,SG_INT_MBRDEV,IO_IFC,PT,0.54054
2021,A,0,G,SG_INT_MBRDEV,IO_IFC,PT,0.54054
2000,A,0,G,SG_INT_MBRDEV,IO_IMF,PT,0.5618
2005,A,0,G,SG_INT_MBRDEV,IO_IMF,PT,0.55249
2010,A,0,G,SG_INT_MBRDEV,IO_IMF,PT,0.54945
2015,A,0,G,SG_INT_MBRDEV,IO_IMF,PT,0.53191
2016,A,0,G,SG_INT_MBRDEV,IO_IMF,PT,0.53191
2017,A,0,G,SG_INT_MBRDEV,IO_IMF,PT,0.5291
2018,A,0,G,SG_INT_MBRDEV,IO_IMF,PT,0.5291
2019,A,0,G,SG_INT_MBRDEV,IO_IMF,PT,0.5291
2020,A,0,G,SG_INT_MBRDEV,IO_IMF,PT,0.5291
2021,A,0,G,SG_INT_MBRDEV,IO_IMF,PT,0.52632
2000,A,0,G,SG_INT_MBRDEV,IO_UNGA,PT,0.5291
2005,A,0,G,SG_INT_MBRDEV,IO_UNGA,PT,0.52356
2010,A,0,G,SG_INT_MBRDEV,IO_UNGA,PT,0.52083
2015,A,0,G,SG_INT_MBRDEV,IO_UNGA,PT,0.51813
2016,A,0,G,SG_INT_MBRDEV,IO_UNGA,PT,0.51813
2017,A,0,G,SG_INT_MBRDEV,IO_UNGA,PT,0.51813
2018,A,0,G,SG_INT_MBRDEV,IO_UNGA,PT,0.51813
2019,A,0,G,SG_INT_MBRDEV,IO_UNGA,PT,0.51813
2020,A,0,G,SG_INT_MBRDEV,IO_UNGA,PT,0.51813
2021,A,0,G,SG_INT_MBRDEV,IO_UNGA,PT,0.51813
2000,A,0,G,SG_INT_MBRDEV,IO_UNSC,PT,6.66667
2005,A,0,G,SG_INT_MBRDEV,IO_UNSC,PT,6.66667
2010,A,0,G,SG_INT_MBRDEV,IO_UNSC,PT,6.66667
2015,A,0,G,SG_INT_MBRDEV,IO_UNSC,PT,6.66667
2016,A,0,G,SG_INT_MBRDEV,IO_UNSC,PT,6.66667
2017,A,0,G,SG_INT_MBRDEV,IO_UNSC,PT,6.66667
2018,A,0,G,SG_INT_MBRDEV,IO_UNSC,PT,6.66667
2019,A,0,G,SG_INT_MBRDEV,IO_UNSC,PT,6.66667
2020,A,0,G,SG_INT_MBRDEV,IO_UNSC,PT,6.66667
2000,A,0,G,SG_INT_MBRDEV,IO_WTO,PT,0.71429
2005,A,0,G,SG_INT_MBRDEV,IO_WTO,PT,0.67114
2010,A,0,G,SG_INT_MBRDEV,IO_WTO,PT,0.65359
2015,A,0,G,SG_INT_MBRDEV,IO_WTO,PT,0.625
2016,A,0,G,SG_INT_MBRDEV,IO_WTO,PT,0.61728
2017,A,0,G,SG_INT_MBRDEV,IO_WTO,PT,0.60976
2018,A,0,G,SG_INT_MBRDEV,IO_WTO,PT,0.60976
2019,A,0,G,SG_INT_MBRDEV,IO_WTO,PT,0.60976
2020,A,0,G,SG_INT_MBRDEV,IO_WTO,PT,0.60976
2021,A,0,G,SG_INT_MBRDEV,IO_WTO,PT,0.60976
2000,A,0,G,SG_INT_VRTDEV,IO_ADB,PT,2.003
2005,A,0,G,SG_INT_VRTDEV,IO_ADB,PT,1.96
2010,A,0,G,SG_INT_VRTDEV,IO_ADB,PT,2.154
2015,A,0,G,SG_INT_VRTDEV,IO_ADB,PT,1.934
2016,A,0,G,SG_INT_VRTDEV,IO_ADB,PT,1.932
2017,A,0,G,SG_INT_VRTDEV,IO_ADB,PT,1.932
2018,A,0,G,SG_INT_VRTDEV,IO_ADB,PT,1.9286
2019,A,0,G,SG_INT_VRTDEV,IO_ADB,PT,1.92422
2020,A,0,G,SG_INT_VRTDEV,IO_ADB,PT,1.924
2000,A,0,G,SG_INT_VRTDEV,IO_AFDB,PT,1.75
2005,A,0,G,SG_INT_VRTDEV,IO_AFDB,PT,1.677
2010,A,0,G,SG_INT_VRTDEV,IO_AFDB,PT,1.649
2014,A,0,G,SG_INT_VRTDEV,IO_AFDB,PT,1.689
2015,A,0,G,SG_INT_VRTDEV,IO_AFDB,PT,1.75
2016,A,0,G,SG_INT_VRTDEV,IO_AFDB,PT,1.7519
2017,A,0,G,SG_INT_VRTDEV,IO_AFDB,PT,1.7519
2018,A,0,G,SG_INT_VRTDEV,IO_AFDB,PT,1.8106
2019,A,0,G,SG_INT_VRTDEV,IO_AFDB,PT,1.80802
2000,A,0,G,SG_INT_VRTDEV,IO_ECOSOC,PT,1.8519
2005,A,0,G,SG_INT_VRTDEV,IO_ECOSOC,PT,1.8519
2010,A,0,G,SG_INT_VRTDEV,IO_ECOSOC,PT,1.8519
2015,A,0,G,SG_INT_VRTDEV,IO_ECOSOC,PT,1.8519
2016,A,0,G,SG_INT_VRTDEV,IO_ECOSOC,PT,1.8519
2017,A,0,G,SG_INT_VRTDEV,IO_ECOSOC,PT,1.85185185185185
2018,A,0,G,SG_INT_VRTDEV,IO_ECOSOC,PT,1.8519
2019,A,0,G,SG_INT_VRTDEV,IO_ECOSOC,PT,1.85185
2021,A,0,G,SG_INT_VRTDEV,IO_ECOSOC,PT,1.85185
2010,A,0,G,SG_INT_VRTDEV,IO_FSB,PT,5.7692
2015,A,0,G,SG_INT_VRTDEV,IO_FSB,PT,5.2632
2016,A,0,G,SG_INT_VRTDEV,IO_FSB,PT,5.2632
2017,A,0,G,SG_INT_VRTDEV,IO_FSB,PT,5.2632
2018,A,0,G,SG_INT_VRTDEV,IO_FSB,PT,5.2632
2019,A,0,G,SG_INT_VRTDEV,IO_FSB,PT,5.2632
2020,A,0,G,SG_INT_VRTDEV,IO_FSB,PT,5.26316
2021,A,0,G,SG_INT_VRTDEV,IO_FSB,PT,5.17241379310345
2000,A,0,G,SG_INT_VRTDEV,IO_IADB,PT,0.964
2005,A,0,G,SG_INT_VRTDEV,IO_IADB,PT,0.964
2010,A,0,G,SG_INT_VRTDEV,IO_IADB,PT,0.964
2015,A,0,G,SG_INT_VRTDEV,IO_IADB,PT,0.964
2016,A,0,G,SG_INT_VRTDEV,IO_IADB,PT,0.964
2017,A,0,G,SG_INT_VRTDEV,IO_IADB,PT,0.964
2018,A,0,G,SG_INT_VRTDEV,IO_IADB,PT,0.964
2019,A,0,G,SG_INT_VRTDEV,IO_IADB,PT,0.964
2000,A,0,G,SG_INT_VRTDEV,IO_IBRD,PT,4.3271
2005,A,0,G,SG_INT_VRTDEV,IO_IBRD,PT,4.3028
2010,A,0,G,SG_INT_VRTDEV,IO_IBRD,PT,4.2958
2015,A,0,G,SG_INT_VRTDEV,IO_IBRD,PT,3.932
2016,A,0,G,SG_INT_VRTDEV,IO_IBRD,PT,3.94
2017,A,0,G,SG_INT_VRTDEV,IO_IBRD,PT,3.8595
2018,A,0,G,SG_INT_VRTDEV,IO_IBRD,PT,3.7787
2019,A,0,G,SG_INT_VRTDEV,IO_IBRD,PT,3.7087
2020,A,0,G,SG_INT_VRTDEV,IO_IBRD,PT,3.89409
2021,A,0,G,SG_INT_VRTDEV,IO_IBRD,PT,3.89244888249073
2000,A,0,G,SG_INT_VRTDEV,IO_IFC,PT,5.0505
2005,A,0,G,SG_INT_VRTDEV,IO_IFC,PT,5.0351
2010,A,0,G,SG_INT_VRTDEV,IO_IFC,PT,5.0215
2015,A,0,G,SG_INT_VRTDEV,IO_IFC,PT,4.48404
2016,A,0,G,SG_INT_VRTDEV,IO_IFC,PT,4.48404
2017,A,0,G,SG_INT_VRTDEV,IO_IFC,PT,4.48404
2018,A,0,G,SG_INT_VRTDEV,IO_IFC,PT,4.484
2019,A,0,G,SG_INT_VRTDEV,IO_IFC,PT,4.4542
2020,A,0,G,SG_INT_VRTDEV,IO_IFC,PT,4.48345
2021,A,0,G,SG_INT_VRTDEV,IO_IFC,PT,4.43530285615146
2000,A,0,G,SG_INT_VRTDEV,IO_IMF,PT,5.0279
2005,A,0,G,SG_INT_VRTDEV,IO_IMF,PT,4.948
2010,A,0,G,SG_INT_VRTDEV,IO_IMF,PT,4.8602
2015,A,0,G,SG_INT_VRTDEV,IO_IMF,PT,4.2896
2016,A,0,G,SG_INT_VRTDEV,IO_IMF,PT,4.069
2017,A,0,G,SG_INT_VRTDEV,IO_IMF,PT,4.0357
2018,A,0,G,SG_INT_VRTDEV,IO_IMF,PT,4.0348
2019,A,0,G,SG_INT_VRTDEV,IO_IMF,PT,4.03481
2020,A,0,G,SG_INT_VRTDEV,IO_IMF,PT,4.03267
2021,A,0,G,SG_INT_VRTDEV,IO_IMF,PT,4.02803213536696
2000,A,0,G,SG_INT_VRTDEV,IO_UNGA,PT,0.5291
2005,A,0,G,SG_INT_VRTDEV,IO_UNGA,PT,0.5236
2010,A,0,G,SG_INT_VRTDEV,IO_UNGA,PT,0.5208
2015,A,0,G,SG_INT_VRTDEV,IO_UNGA,PT,0.5181
2016,A,0,G,SG_INT_VRTDEV,IO_UNGA,PT,0.5181
2017,A,0,G,SG_INT_VRTDEV,IO_UNGA,PT,0.5181
2018,A,0,G,SG_INT_VRTDEV,IO_UNGA,PT,0.5181
2019,A,0,G,SG_INT_VRTDEV,IO_UNGA,PT,0.5181
2020,A,0,G,SG_INT_VRTDEV,IO_UNGA,PT,0.5181
2021,A,0,G,SG_INT_VRTDEV,IO_UNGA,PT,0.51813
2000,A,0,G,SG_INT_VRTDEV,IO_UNSC,PT,6.6667
2005,A,0,G,SG_INT_VRTDEV,IO_UNSC,PT,6.6667
2010,A,0,G,SG_INT_VRTDEV,IO_UNSC,PT,6.6667
2015,A,0,G,SG_INT_VRTDEV,IO_UNSC,PT,6.6667
2016,A,0,G,SG_INT_VRTDEV,IO_UNSC,PT,6.6667
2017,A,0,G,SG_INT_VRTDEV,IO_UNSC,PT,6.6667
2018,A,0,G,SG_INT_VRTDEV,IO_UNSC,PT,6.6667
2019,A,0,G,SG_INT_VRTDEV,IO_UNSC,PT,6.6667
2020,A,0,G,SG_INT_VRTDEV,IO_UNSC,PT,6.667
2000,A,0,G,SG_INT_VRTDEV,IO_WTO,PT,0.7143
2005,A,0,G,SG_INT_VRTDEV,IO_WTO,PT,0.6711
2010,A,0,G,SG_INT_VRTDEV,IO_WTO,PT,0.6536
2015,A,0,G,SG_INT_VRTDEV,IO_WTO,PT,0.625
2016,A,0,G,SG_INT_VRTDEV,IO_WTO,PT,0.6173
2017,A,0,G,SG_INT_VRTDEV,IO_WTO,PT,0.6098
2018,A,0,G,SG_INT_VRTDEV,IO_WTO,PT,0.6098
2019,A,0,G,SG_INT_VRTDEV,IO_WTO,PT,0.6098
2020,A,0,G,SG_INT_VRTDEV,IO_WTO,PT,0.60976
2021,A,0,G,SG_INT_VRTDEV,IO_WTO,PT,0.60976
