Year,COMMENT_OBS,SERIES,UNIT_MEASURE,BASE_PER,Value
2000,"Net Disbursements; Based on OECD, DAC database, 2021; Including imputed multilateral",DC_ODA_LDCG,PT,,0.11
2001,"Net Disbursements; Based on OECD, DAC database, 2021; Including imputed multilateral",DC_ODA_LDCG,PT,,0.12
2002,"Net Disbursements; Based on OECD, DAC database, 2021; Including imputed multilateral",DC_ODA_LDCG,PT,,0.08
2003,"Net Disbursements; Based on OECD, DAC database, 2021; Including imputed multilateral",DC_ODA_LDCG,PT,,0.13
2004,"Net Disbursements; Based on OECD, DAC database, 2021; Including imputed multilateral",DC_ODA_LDCG,PT,,0.14
2005,"Net Disbursements; Based on OECD, DAC database, 2021; Including imputed multilateral",DC_ODA_LDCG,PT,,0.12
2006,"Net Disbursements; Based on OECD, DAC database, 2021; Including imputed multilateral",DC_ODA_LDCG,PT,,0.16
2007,"Net Disbursements; Based on OECD, DAC database, 2021; Including imputed multilateral",DC_ODA_LDCG,PT,,0.15
2008,"Net Disbursements; Based on OECD, DAC database, 2021; Including imputed multilateral",DC_ODA_LDCG,PT,,0.16
2009,"Net Disbursements; Based on OECD, DAC database, 2021; Including imputed multilateral",DC_ODA_LDCG,PT,,0.18
2010,"Net Disbursements; Based on OECD, DAC database, 2021; Including imputed multilateral",DC_ODA_LDCG,PT,,0.2
2011,"Net Disbursements; Based on OECD, DAC database, 2021; Including imputed multilateral",DC_ODA_LDCG,PT,,0.21
2012,"Net Disbursements; Based on OECD, DAC database, 2021; Including imputed multilateral",DC_ODA_LDCG,PT,,0.19
2013,"Net Disbursements; Based on OECD, DAC database, 2021; Including imputed multilateral",DC_ODA_LDCG,PT,,0.24
2014,"Net Disbursements; Based on OECD, DAC database, 2021; Including imputed multilateral",DC_ODA_LDCG,PT,,0.24
2015,"Net Disbursements; Based on OECD, DAC database, 2021; Including imputed multilateral",DC_ODA_LDCG,PT,,0.23
2016,"Net Disbursements; Based on OECD, DAC database, 2021; Including imputed multilateral",DC_ODA_LDCG,PT,,0.22
2017,"Net Disbursements; Based on OECD, DAC database, 2021; Including imputed multilateral",DC_ODA_LDCG,PT,,0.23
2018,"Net Disbursements; Based on OECD, DAC database, 2021; Including imputed multilateral",DC_ODA_LDCG,PT,,0.23
2019,"Net Disbursements; Based on OECD, DAC database, 2021; Including imputed multilateral",DC_ODA_LDCG,PT,,0.21
2000,"Net Disbursements; Based on OECD, DAC database, 2021; Constant 2019 USD million; Including imputed multilateral",DC_ODA_LDCS,CON_USD,2019,1901.0
2001,"Net Disbursements; Based on OECD, DAC database, 2021; Constant 2019 USD million; Including imputed multilateral",DC_ODA_LDCS,CON_USD,2019,2200.0
2002,"Net Disbursements; Based on OECD, DAC database, 2021; Constant 2019 USD million; Including imputed multilateral",DC_ODA_LDCS,CON_USD,2019,1641.0
2003,"Net Disbursements; Based on OECD, DAC database, 2021; Constant 2019 USD million; Including imputed multilateral",DC_ODA_LDCS,CON_USD,2019,2556.0
2004,"Net Disbursements; Based on OECD, DAC database, 2021; Constant 2019 USD million; Including imputed multilateral",DC_ODA_LDCS,CON_USD,2019,2938.0
2005,"Net Disbursements; Based on OECD, DAC database, 2021; Constant 2019 USD million; Including imputed multilateral",DC_ODA_LDCS,CON_USD,2019,2547.0
2006,"Net Disbursements; Based on OECD, DAC database, 2021; Constant 2019 USD million; Including imputed multilateral",DC_ODA_LDCS,CON_USD,2019,3418.0
2007,"Net Disbursements; Based on OECD, DAC database, 2021; Constant 2019 USD million; Including imputed multilateral",DC_ODA_LDCS,CON_USD,2019,3238.0
2008,"Net Disbursements; Based on OECD, DAC database, 2021; Constant 2019 USD million; Including imputed multilateral",DC_ODA_LDCS,CON_USD,2019,3673.0
2009,"Net Disbursements; Based on OECD, DAC database, 2021; Constant 2019 USD million; Including imputed multilateral",DC_ODA_LDCS,CON_USD,2019,3830.0
2010,"Net Disbursements; Based on OECD, DAC database, 2021; Constant 2019 USD million; Including imputed multilateral",DC_ODA_LDCS,CON_USD,2019,4532.0
2011,"Net Disbursements; Based on OECD, DAC database, 2021; Constant 2019 USD million; Including imputed multilateral",DC_ODA_LDCS,CON_USD,2019,4758.0
2012,"Net Disbursements; Based on OECD, DAC database, 2021; Constant 2019 USD million; Including imputed multilateral",DC_ODA_LDCS,CON_USD,2019,4208.0
2013,"Net Disbursements; Based on OECD, DAC database, 2021; Constant 2019 USD million; Including imputed multilateral",DC_ODA_LDCS,CON_USD,2019,5624.0
2014,"Net Disbursements; Based on OECD, DAC database, 2021; Constant 2019 USD million; Including imputed multilateral",DC_ODA_LDCS,CON_USD,2019,5608.0
2015,"Net Disbursements; Based on OECD, DAC database, 2021; Constant 2019 USD million; Including imputed multilateral",DC_ODA_LDCS,CON_USD,2019,5554.0
2016,"Net Disbursements; Based on OECD, DAC database, 2021; Constant 2019 USD million; Including imputed multilateral",DC_ODA_LDCS,CON_USD,2019,5661.0
2017,"Net Disbursements; Based on OECD, DAC database, 2021; Constant 2019 USD million; Including imputed multilateral",DC_ODA_LDCS,CON_USD,2019,6292.0
2018,"Net Disbursements; Based on OECD, DAC database, 2021; Constant 2019 USD million; Including imputed multilateral",DC_ODA_LDCS,CON_USD,2019,6259.0
2019,"Net Disbursements; Based on OECD, DAC database, 2021; Constant 2019 USD million; Including imputed multilateral",DC_ODA_LDCS,CON_USD,2019,5769.5
2000,"Net Disbursements; Based on OECD, DAC database, 2021; Constant 2019 USD million; Including imputed multilateral",DC_ODA_LLDC,CON_USD,2019,1097.0
2001,"Net Disbursements; Based on OECD, DAC database, 2021; Constant 2019 USD million; Including imputed multilateral",DC_ODA_LLDC,CON_USD,2019,1034.0
2002,"Net Disbursements; Based on OECD, DAC database, 2021; Constant 2019 USD million; Including imputed multilateral",DC_ODA_LLDC,CON_USD,2019,955.0
2003,"Net Disbursements; Based on OECD, DAC database, 2021; Constant 2019 USD million; Including imputed multilateral",DC_ODA_LLDC,CON_USD,2019,1295.0
2004,"Net Disbursements; Based on OECD, DAC database, 2021; Constant 2019 USD million; Including imputed multilateral",DC_ODA_LLDC,CON_USD,2019,1583.0
2005,"Net Disbursements; Based on OECD, DAC database, 2021; Constant 2019 USD million; Including imputed multilateral",DC_ODA_LLDC,CON_USD,2019,1274.0
2006,"Net Disbursements; Based on OECD, DAC database, 2021; Constant 2019 USD million; Including imputed multilateral",DC_ODA_LLDC,CON_USD,2019,1976.0
2007,"Net Disbursements; Based on OECD, DAC database, 2021; Constant 2019 USD million; Including imputed multilateral",DC_ODA_LLDC,CON_USD,2019,1708.0
2008,"Net Disbursements; Based on OECD, DAC database, 2021; Constant 2019 USD million; Including imputed multilateral",DC_ODA_LLDC,CON_USD,2019,1828.0
2009,"Net Disbursements; Based on OECD, DAC database, 2021; Constant 2019 USD million; Including imputed multilateral",DC_ODA_LLDC,CON_USD,2019,2120.0
2010,"Net Disbursements; Based on OECD, DAC database, 2021; Constant 2019 USD million; Including imputed multilateral",DC_ODA_LLDC,CON_USD,2019,2415.0
2011,"Net Disbursements; Based on OECD, DAC database, 2021; Constant 2019 USD million; Including imputed multilateral",DC_ODA_LLDC,CON_USD,2019,2615.0
2012,"Net Disbursements; Based on OECD, DAC database, 2021; Constant 2019 USD million; Including imputed multilateral",DC_ODA_LLDC,CON_USD,2019,2481.0
2013,"Net Disbursements; Based on OECD, DAC database, 2021; Constant 2019 USD million; Including imputed multilateral",DC_ODA_LLDC,CON_USD,2019,3079.0
2014,"Net Disbursements; Based on OECD, DAC database, 2021; Constant 2019 USD million; Including imputed multilateral",DC_ODA_LLDC,CON_USD,2019,3029.0
2015,"Net Disbursements; Based on OECD, DAC database, 2021; Constant 2019 USD million; Including imputed multilateral",DC_ODA_LLDC,CON_USD,2019,3204.0
2016,"Net Disbursements; Based on OECD, DAC database, 2021; Constant 2019 USD million; Including imputed multilateral",DC_ODA_LLDC,CON_USD,2019,3289.0
2017,"Net Disbursements; Based on OECD, DAC database, 2021; Constant 2019 USD million; Including imputed multilateral",DC_ODA_LLDC,CON_USD,2019,3279.0
2018,"Net Disbursements; Based on OECD, DAC database, 2021; Constant 2019 USD million; Including imputed multilateral",DC_ODA_LLDC,CON_USD,2019,3493.0
2019,"Net Disbursements; Based on OECD, DAC database, 2021; Constant 2019 USD million; Including imputed multilateral",DC_ODA_LLDC,CON_USD,2019,3081.0
2000,"Net Disbursements; Based on OECD, DAC database, 2021; Including imputed multilateral",DC_ODA_LLDCG,PT,,0.06
2001,"Net Disbursements; Based on OECD, DAC database, 2021; Including imputed multilateral",DC_ODA_LLDCG,PT,,0.06
2002,"Net Disbursements; Based on OECD, DAC database, 2021; Including imputed multilateral",DC_ODA_LLDCG,PT,,0.05
2003,"Net Disbursements; Based on OECD, DAC database, 2021; Including imputed multilateral",DC_ODA_LLDCG,PT,,0.07
2004,"Net Disbursements; Based on OECD, DAC database, 2021; Including imputed multilateral",DC_ODA_LLDCG,PT,,0.08
2005,"Net Disbursements; Based on OECD, DAC database, 2021; Including imputed multilateral",DC_ODA_LLDCG,PT,,0.06
2006,"Net Disbursements; Based on OECD, DAC database, 2021; Including imputed multilateral",DC_ODA_LLDCG,PT,,0.09
2007,"Net Disbursements; Based on OECD, DAC database, 2021; Including imputed multilateral",DC_ODA_LLDCG,PT,,0.08
2008,"Net Disbursements; Based on OECD, DAC database, 2021; Including imputed multilateral",DC_ODA_LLDCG,PT,,0.08
2009,"Net Disbursements; Based on OECD, DAC database, 2021; Including imputed multilateral",DC_ODA_LLDCG,PT,,0.1
2010,"Net Disbursements; Based on OECD, DAC database, 2021; Including imputed multilateral",DC_ODA_LLDCG,PT,,0.11
2011,"Net Disbursements; Based on OECD, DAC database, 2021; Including imputed multilateral",DC_ODA_LLDCG,PT,,0.12
2012,"Net Disbursements; Based on OECD, DAC database, 2021; Including imputed multilateral",DC_ODA_LLDCG,PT,,0.11
2013,"Net Disbursements; Based on OECD, DAC database, 2021; Including imputed multilateral",DC_ODA_LLDCG,PT,,0.13
2014,"Net Disbursements; Based on OECD, DAC database, 2021; Including imputed multilateral",DC_ODA_LLDCG,PT,,0.13
2015,"Net Disbursements; Based on OECD, DAC database, 2021; Including imputed multilateral",DC_ODA_LLDCG,PT,,0.13
2016,"Net Disbursements; Based on OECD, DAC database, 2021; Including imputed multilateral",DC_ODA_LLDCG,PT,,0.13
2017,"Net Disbursements; Based on OECD, DAC database, 2021; Including imputed multilateral",DC_ODA_LLDCG,PT,,0.12
2018,"Net Disbursements; Based on OECD, DAC database, 2021; Including imputed multilateral",DC_ODA_LLDCG,PT,,0.13
2019,"Net Disbursements; Based on OECD, DAC database, 2021; Including imputed multilateral",DC_ODA_LLDCG,PT,,0.11
2000,"Net Disbursements; Based on OECD, DAC database, 2021; Constant 2019 USD million; Including imputed multilateral",DC_ODA_SIDS,CON_USD,2019,235.0
2001,"Net Disbursements; Based on OECD, DAC database, 2021; Constant 2019 USD million; Including imputed multilateral",DC_ODA_SIDS,CON_USD,2019,193.0
2002,"Net Disbursements; Based on OECD, DAC database, 2021; Constant 2019 USD million; Including imputed multilateral",DC_ODA_SIDS,CON_USD,2019,228.0
2003,"Net Disbursements; Based on OECD, DAC database, 2021; Constant 2019 USD million; Including imputed multilateral",DC_ODA_SIDS,CON_USD,2019,157.0
2004,"Net Disbursements; Based on OECD, DAC database, 2021; Constant 2019 USD million; Including imputed multilateral",DC_ODA_SIDS,CON_USD,2019,151.0
2005,"Net Disbursements; Based on OECD, DAC database, 2021; Constant 2019 USD million; Including imputed multilateral",DC_ODA_SIDS,CON_USD,2019,166.0
2006,"Net Disbursements; Based on OECD, DAC database, 2021; Constant 2019 USD million; Including imputed multilateral",DC_ODA_SIDS,CON_USD,2019,93.0
2007,"Net Disbursements; Based on OECD, DAC database, 2021; Constant 2019 USD million; Including imputed multilateral",DC_ODA_SIDS,CON_USD,2019,141.0
2008,"Net Disbursements; Based on OECD, DAC database, 2021; Constant 2019 USD million; Including imputed multilateral",DC_ODA_SIDS,CON_USD,2019,180.0
2009,"Net Disbursements; Based on OECD, DAC database, 2021; Constant 2019 USD million; Including imputed multilateral",DC_ODA_SIDS,CON_USD,2019,262.0
2010,"Net Disbursements; Based on OECD, DAC database, 2021; Constant 2019 USD million; Including imputed multilateral",DC_ODA_SIDS,CON_USD,2019,309.0
2011,"Net Disbursements; Based on OECD, DAC database, 2021; Constant 2019 USD million; Including imputed multilateral",DC_ODA_SIDS,CON_USD,2019,252.0
2012,"Net Disbursements; Based on OECD, DAC database, 2021; Constant 2019 USD million; Including imputed multilateral",DC_ODA_SIDS,CON_USD,2019,185.0
2013,"Net Disbursements; Based on OECD, DAC database, 2021; Constant 2019 USD million; Including imputed multilateral",DC_ODA_SIDS,CON_USD,2019,270.0
2014,"Net Disbursements; Based on OECD, DAC database, 2021; Constant 2019 USD million; Including imputed multilateral",DC_ODA_SIDS,CON_USD,2019,206.0
2015,"Net Disbursements; Based on OECD, DAC database, 2021; Constant 2019 USD million; Including imputed multilateral",DC_ODA_SIDS,CON_USD,2019,218.0
2016,"Net Disbursements; Based on OECD, DAC database, 2021; Constant 2019 USD million; Including imputed multilateral",DC_ODA_SIDS,CON_USD,2019,266.0
2017,"Net Disbursements; Based on OECD, DAC database, 2021; Constant 2019 USD million; Including imputed multilateral",DC_ODA_SIDS,CON_USD,2019,222.0
2018,"Net Disbursements; Based on OECD, DAC database, 2021; Constant 2019 USD million; Including imputed multilateral",DC_ODA_SIDS,CON_USD,2019,294.0
2019,"Net Disbursements; Based on OECD, DAC database, 2021; Constant 2019 USD million; Including imputed multilateral",DC_ODA_SIDS,CON_USD,2019,224.0
2000,"Net Disbursements; Based on OECD, DAC database, 2021; Including imputed multilateral",DC_ODA_SIDSG,PT,,0.01
2001,"Net Disbursements; Based on OECD, DAC database, 2021; Including imputed multilateral",DC_ODA_SIDSG,PT,,0.01
2002,"Net Disbursements; Based on OECD, DAC database, 2021; Including imputed multilateral",DC_ODA_SIDSG,PT,,0.01
2003,"Net Disbursements; Based on OECD, DAC database, 2021; Including imputed multilateral",DC_ODA_SIDSG,PT,,0.01
2004,"Net Disbursements; Based on OECD, DAC database, 2021; Including imputed multilateral",DC_ODA_SIDSG,PT,,0.01
2005,"Net Disbursements; Based on OECD, DAC database, 2021; Including imputed multilateral",DC_ODA_SIDSG,PT,,0.01
2006,"Net Disbursements; Based on OECD, DAC database, 2021; Including imputed multilateral",DC_ODA_SIDSG,PT,,0.0
2007,"Net Disbursements; Based on OECD, DAC database, 2021; Including imputed multilateral",DC_ODA_SIDSG,PT,,0.01
2008,"Net Disbursements; Based on OECD, DAC database, 2021; Including imputed multilateral",DC_ODA_SIDSG,PT,,0.01
2009,"Net Disbursements; Based on OECD, DAC database, 2021; Including imputed multilateral",DC_ODA_SIDSG,PT,,0.01
2010,"Net Disbursements; Based on OECD, DAC database, 2021; Including imputed multilateral",DC_ODA_SIDSG,PT,,0.01
2011,"Net Disbursements; Based on OECD, DAC database, 2021; Including imputed multilateral",DC_ODA_SIDSG,PT,,0.01
2012,"Net Disbursements; Based on OECD, DAC database, 2021; Including imputed multilateral",DC_ODA_SIDSG,PT,,0.01
2013,"Net Disbursements; Based on OECD, DAC database, 2021; Including imputed multilateral",DC_ODA_SIDSG,PT,,0.01
2014,"Net Disbursements; Based on OECD, DAC database, 2021; Including imputed multilateral",DC_ODA_SIDSG,PT,,0.01
2015,"Net Disbursements; Based on OECD, DAC database, 2021; Including imputed multilateral",DC_ODA_SIDSG,PT,,0.01
2016,"Net Disbursements; Based on OECD, DAC database, 2021; Including imputed multilateral",DC_ODA_SIDSG,PT,,0.01
2017,"Net Disbursements; Based on OECD, DAC database, 2021; Including imputed multilateral",DC_ODA_SIDSG,PT,,0.01
2018,"Net Disbursements; Based on OECD, DAC database, 2021; Including imputed multilateral",DC_ODA_SIDSG,PT,,0.01
2019,"Net Disbursements; Based on OECD, DAC database, 2021; Including imputed multilateral",DC_ODA_SIDSG,PT,,0.01
2000,"Net Disbursements | Based on OECD, DAC database, 2020 | Provisional",DC_ODA_TOTG,PT,,0.31749
2001,"Net Disbursements | Based on OECD, DAC database, 2020 | Provisional",DC_ODA_TOTG,PT,,0.31902
2002,"Net Disbursements | Based on OECD, DAC database, 2020 | Provisional",DC_ODA_TOTG,PT,,0.30902
2003,"Net Disbursements | Based on OECD, DAC database, 2020 | Provisional",DC_ODA_TOTG,PT,,0.34228
2004,"Net Disbursements | Based on OECD, DAC database, 2020 | Provisional",DC_ODA_TOTG,PT,,0.36267
2005,"Net Disbursements | Based on OECD, DAC database, 2020 | Provisional",DC_ODA_TOTG,PT,,0.47269
2006,"Net Disbursements | Based on OECD, DAC database, 2020 | Provisional",DC_ODA_TOTG,PT,,0.51408
2007,"Net Disbursements | Based on OECD, DAC database, 2020 | Provisional",DC_ODA_TOTG,PT,,0.35531
2008,"Net Disbursements | Based on OECD, DAC database, 2020 | Provisional",DC_ODA_TOTG,PT,,0.43037
2009,"Net Disbursements | Based on OECD, DAC database, 2020 | Provisional",DC_ODA_TOTG,PT,,0.50755
2010,"Net Disbursements | Based on OECD, DAC database, 2020 | Provisional",DC_ODA_TOTG,PT,,0.5726
2011,"Net Disbursements | Based on OECD, DAC database, 2020 | Provisional",DC_ODA_TOTG,PT,,0.56249
2012,"Net Disbursements | Based on OECD, DAC database, 2020 | Provisional",DC_ODA_TOTG,PT,,0.56192
2013,"Net Disbursements | Based on OECD, DAC database, 2020 | Provisional",DC_ODA_TOTG,PT,,0.70467
2014,"Net Disbursements | Based on OECD, DAC database, 2020 | Provisional",DC_ODA_TOTG,PT,,0.7007
2015,"Net Disbursements | Based on OECD, DAC database, 2020 | Provisional",DC_ODA_TOTG,PT,,0.70476
2016,"Net Disbursements | Based on OECD, DAC database, 2020 | Provisional",DC_ODA_TOTG,PT,,0.70011
2017,"Net Disbursements | Based on OECD, DAC database, 2020 | Provisional",DC_ODA_TOTG,PT,,0.69888
2018,"Based on OECD, DAC database, 2021; Provisional; Grant equivalent",DC_ODA_TOTGGE,PT,,0.7
2019,"Based on OECD, DAC database, 2021; Provisional; Grant equivalent",DC_ODA_TOTGGE,PT,,0.7
2020,"Based on OECD, DAC database, 2021; Provisional; Grant equivalent",DC_ODA_TOTGGE,PT,,0.7
2000,"Net Disbursements; Based on OECD, DAC database, 2021; Provisional; Constant 2019 USD million",DC_ODA_TOTL,CON_USD,2019,5579.3
2001,"Net Disbursements; Based on OECD, DAC database, 2021; Provisional; Constant 2019 USD million",DC_ODA_TOTL,CON_USD,2019,5882.9
2002,"Net Disbursements; Based on OECD, DAC database, 2021; Provisional; Constant 2019 USD million",DC_ODA_TOTL,CON_USD,2019,5970.4
2003,"Net Disbursements; Based on OECD, DAC database, 2021; Provisional; Constant 2019 USD million",DC_ODA_TOTL,CON_USD,2019,6807.7
2004,"Net Disbursements; Based on OECD, DAC database, 2021; Provisional; Constant 2019 USD million",DC_ODA_TOTL,CON_USD,2019,7468.7
2005,"Net Disbursements; Based on OECD, DAC database, 2021; Provisional; Constant 2019 USD million",DC_ODA_TOTL,CON_USD,2019,9989.8
2006,"Net Disbursements; Based on OECD, DAC database, 2021; Provisional; Constant 2019 USD million",DC_ODA_TOTL,CON_USD,2019,11102.3
2007,"Net Disbursements; Based on OECD, DAC database, 2021; Provisional; Constant 2019 USD million",DC_ODA_TOTL,CON_USD,2019,7858.1
2008,"Net Disbursements; Based on OECD, DAC database, 2021; Provisional; Constant 2019 USD million",DC_ODA_TOTL,CON_USD,2019,9845.7
2009,"Net Disbursements; Based on OECD, DAC database, 2021; Provisional; Constant 2019 USD million",DC_ODA_TOTL,CON_USD,2019,11011.0
2010,"Net Disbursements; Based on OECD, DAC database, 2021; Provisional; Constant 2019 USD million",DC_ODA_TOTL,CON_USD,2019,12680.2
2011,"Net Disbursements; Based on OECD, DAC database, 2021; Provisional; Constant 2019 USD million",DC_ODA_TOTL,CON_USD,2019,12683.3
2012,"Net Disbursements; Based on OECD, DAC database, 2021; Provisional; Constant 2019 USD million",DC_ODA_TOTL,CON_USD,2019,12676.6
2013,"Net Disbursements; Based on OECD, DAC database, 2021; Provisional; Constant 2019 USD million",DC_ODA_TOTL,CON_USD,2019,16239.0
2014,"Net Disbursements; Based on OECD, DAC database, 2021; Provisional; Constant 2019 USD million",DC_ODA_TOTL,CON_USD,2019,16339.6
2015,"Net Disbursements; Based on OECD, DAC database, 2021; Provisional; Constant 2019 USD million",DC_ODA_TOTL,CON_USD,2019,16846.0
2016,"Net Disbursements; Based on OECD, DAC database, 2021; Provisional; Constant 2019 USD million",DC_ODA_TOTL,CON_USD,2019,18167.5
2017,"Net Disbursements; Based on OECD, DAC database, 2021; Provisional; Constant 2019 USD million",DC_ODA_TOTL,CON_USD,2019,18730.7
2018,"Net Disbursements; Based on OECD, DAC database, 2021; Provisional; Constant 2019 USD million",DC_ODA_TOTL,CON_USD,2019,19011.4
2019,"Net Disbursements; Based on OECD, DAC database, 2021; Provisional; Constant 2019 USD million",DC_ODA_TOTL,CON_USD,2019,19354.2
2020,"Net Disbursements; Based on OECD, DAC database, 2021; Provisional; Constant 2019 USD million",DC_ODA_TOTL,CON_USD,2019,18078.10094
2018,"Based on OECD, DAC database, 2021; Constant 2019 USD million; Grant equivalent",DC_ODA_TOTLGE,CON_USD,2019,18961.0
2019,"Based on OECD, DAC database, 2021; Constant 2019 USD million; Grant equivalent",DC_ODA_TOTLGE,CON_USD,2019,19377.0
2020,"Based on OECD, DAC database, 2021; Constant 2019 USD million; Grant equivalent",DC_ODA_TOTLGE,CON_USD,2019,17434.0
