Year,SERIES,SEX,AGE,UNIT_MEASURE,Value
2000,SH_DYN_IMRT,,Y0,PER_1000_LIVE_BIRTHS,5.6
2001,SH_DYN_IMRT,,Y0,PER_1000_LIVE_BIRTHS,5.5
2002,SH_DYN_IMRT,,Y0,PER_1000_LIVE_BIRTHS,5.4
2003,SH_DYN_IMRT,,Y0,PER_1000_LIVE_BIRTHS,5.3
2004,SH_DYN_IMRT,,Y0,PER_1000_LIVE_BIRTHS,5.2
2005,SH_DYN_IMRT,,Y0,PER_1000_LIVE_BIRTHS,5.1
2006,SH_DYN_IMRT,,Y0,PER_1000_LIVE_BIRTHS,5.0
2007,SH_DYN_IMRT,,Y0,PER_1000_LIVE_BIRTHS,4.9
2008,SH_DYN_IMRT,,Y0,PER_1000_LIVE_BIRTHS,4.8
2009,SH_DYN_IMRT,,Y0,PER_1000_LIVE_BIRTHS,4.6
2010,SH_DYN_IMRT,,Y0,PER_1000_LIVE_BIRTHS,4.4
2011,SH_DYN_IMRT,,Y0,PER_1000_LIVE_BIRTHS,4.3
2012,SH_DYN_IMRT,,Y0,PER_1000_LIVE_BIRTHS,4.1
2013,SH_DYN_IMRT,,Y0,PER_1000_LIVE_BIRTHS,4.0
2014,SH_DYN_IMRT,,Y0,PER_1000_LIVE_BIRTHS,3.9
2015,SH_DYN_IMRT,,Y0,PER_1000_LIVE_BIRTHS,3.8
2016,SH_DYN_IMRT,,Y0,PER_1000_LIVE_BIRTHS,3.8
2017,SH_DYN_IMRT,,Y0,PER_1000_LIVE_BIRTHS,3.8
2018,SH_DYN_IMRT,,Y0,PER_1000_LIVE_BIRTHS,3.7
2019,SH_DYN_IMRT,,Y0,PER_1000_LIVE_BIRTHS,3.7
2000,SH_DYN_IMRT,F,Y0,PER_1000_LIVE_BIRTHS,5.0
2001,SH_DYN_IMRT,F,Y0,PER_1000_LIVE_BIRTHS,4.9
2002,SH_DYN_IMRT,F,Y0,PER_1000_LIVE_BIRTHS,4.8
2003,SH_DYN_IMRT,F,Y0,PER_1000_LIVE_BIRTHS,4.8
2004,SH_DYN_IMRT,F,Y0,PER_1000_LIVE_BIRTHS,4.7
2005,SH_DYN_IMRT,F,Y0,PER_1000_LIVE_BIRTHS,4.6
2006,SH_DYN_IMRT,F,Y0,PER_1000_LIVE_BIRTHS,4.5
2007,SH_DYN_IMRT,F,Y0,PER_1000_LIVE_BIRTHS,4.4
2008,SH_DYN_IMRT,F,Y0,PER_1000_LIVE_BIRTHS,4.3
2009,SH_DYN_IMRT,F,Y0,PER_1000_LIVE_BIRTHS,4.1
2010,SH_DYN_IMRT,F,Y0,PER_1000_LIVE_BIRTHS,4.0
2011,SH_DYN_IMRT,F,Y0,PER_1000_LIVE_BIRTHS,3.8
2012,SH_DYN_IMRT,F,Y0,PER_1000_LIVE_BIRTHS,3.7
2013,SH_DYN_IMRT,F,Y0,PER_1000_LIVE_BIRTHS,3.6
2014,SH_DYN_IMRT,F,Y0,PER_1000_LIVE_BIRTHS,3.5
2015,SH_DYN_IMRT,F,Y0,PER_1000_LIVE_BIRTHS,3.4
2016,SH_DYN_IMRT,F,Y0,PER_1000_LIVE_BIRTHS,3.4
2017,SH_DYN_IMRT,F,Y0,PER_1000_LIVE_BIRTHS,3.4
2018,SH_DYN_IMRT,F,Y0,PER_1000_LIVE_BIRTHS,3.4
2019,SH_DYN_IMRT,F,Y0,PER_1000_LIVE_BIRTHS,3.3
2000,SH_DYN_IMRT,M,Y0,PER_1000_LIVE_BIRTHS,6.2
2001,SH_DYN_IMRT,M,Y0,PER_1000_LIVE_BIRTHS,6.1
2002,SH_DYN_IMRT,M,Y0,PER_1000_LIVE_BIRTHS,5.9
2003,SH_DYN_IMRT,M,Y0,PER_1000_LIVE_BIRTHS,5.8
2004,SH_DYN_IMRT,M,Y0,PER_1000_LIVE_BIRTHS,5.8
2005,SH_DYN_IMRT,M,Y0,PER_1000_LIVE_BIRTHS,5.7
2006,SH_DYN_IMRT,M,Y0,PER_1000_LIVE_BIRTHS,5.5
2007,SH_DYN_IMRT,M,Y0,PER_1000_LIVE_BIRTHS,5.4
2008,SH_DYN_IMRT,M,Y0,PER_1000_LIVE_BIRTHS,5.2
2009,SH_DYN_IMRT,M,Y0,PER_1000_LIVE_BIRTHS,5.1
2010,SH_DYN_IMRT,M,Y0,PER_1000_LIVE_BIRTHS,4.9
2011,SH_DYN_IMRT,M,Y0,PER_1000_LIVE_BIRTHS,4.7
2012,SH_DYN_IMRT,M,Y0,PER_1000_LIVE_BIRTHS,4.5
2013,SH_DYN_IMRT,M,Y0,PER_1000_LIVE_BIRTHS,4.4
2014,SH_DYN_IMRT,M,Y0,PER_1000_LIVE_BIRTHS,4.3
2015,SH_DYN_IMRT,M,Y0,PER_1000_LIVE_BIRTHS,4.2
2016,SH_DYN_IMRT,M,Y0,PER_1000_LIVE_BIRTHS,4.1
2017,SH_DYN_IMRT,M,Y0,PER_1000_LIVE_BIRTHS,4.1
2018,SH_DYN_IMRT,M,Y0,PER_1000_LIVE_BIRTHS,4.1
2019,SH_DYN_IMRT,M,Y0,PER_1000_LIVE_BIRTHS,4.0
2000,SH_DYN_IMRTN,,Y0,NUMBER,3900.0
2001,SH_DYN_IMRTN,,Y0,NUMBER,3798.0
2002,SH_DYN_IMRTN,,Y0,NUMBER,3725.0
2003,SH_DYN_IMRTN,,Y0,NUMBER,3684.0
2004,SH_DYN_IMRTN,,Y0,NUMBER,3671.0
2005,SH_DYN_IMRTN,,Y0,NUMBER,3678.0
2006,SH_DYN_IMRTN,,Y0,NUMBER,3688.0
2007,SH_DYN_IMRTN,,Y0,NUMBER,3686.0
2008,SH_DYN_IMRTN,,Y0,NUMBER,3657.0
2009,SH_DYN_IMRTN,,Y0,NUMBER,3598.0
2010,SH_DYN_IMRTN,,Y0,NUMBER,3511.0
2011,SH_DYN_IMRTN,,Y0,NUMBER,3405.0
2012,SH_DYN_IMRTN,,Y0,NUMBER,3296.0
2013,SH_DYN_IMRTN,,Y0,NUMBER,3196.0
2014,SH_DYN_IMRTN,,Y0,NUMBER,3108.0
2015,SH_DYN_IMRTN,,Y0,NUMBER,3038.0
2016,SH_DYN_IMRTN,,Y0,NUMBER,2981.0
2017,SH_DYN_IMRTN,,Y0,NUMBER,2932.0
2018,SH_DYN_IMRTN,,Y0,NUMBER,2888.0
2019,SH_DYN_IMRTN,,Y0,NUMBER,2842.0
2000,SH_DYN_IMRTN,F,Y0,NUMBER,1692.0
2001,SH_DYN_IMRTN,F,Y0,NUMBER,1649.0
2002,SH_DYN_IMRTN,F,Y0,NUMBER,1624.0
2003,SH_DYN_IMRTN,F,Y0,NUMBER,1610.0
2004,SH_DYN_IMRTN,F,Y0,NUMBER,1604.0
2005,SH_DYN_IMRTN,F,Y0,NUMBER,1603.0
2006,SH_DYN_IMRTN,F,Y0,NUMBER,1610.0
2007,SH_DYN_IMRTN,F,Y0,NUMBER,1608.0
2008,SH_DYN_IMRTN,F,Y0,NUMBER,1594.0
2009,SH_DYN_IMRTN,F,Y0,NUMBER,1569.0
2010,SH_DYN_IMRTN,F,Y0,NUMBER,1535.0
2011,SH_DYN_IMRTN,F,Y0,NUMBER,1483.0
2012,SH_DYN_IMRTN,F,Y0,NUMBER,1436.0
2013,SH_DYN_IMRTN,F,Y0,NUMBER,1395.0
2014,SH_DYN_IMRTN,F,Y0,NUMBER,1361.0
2015,SH_DYN_IMRTN,F,Y0,NUMBER,1330.0
2016,SH_DYN_IMRTN,F,Y0,NUMBER,1310.0
2017,SH_DYN_IMRTN,F,Y0,NUMBER,1291.0
2018,SH_DYN_IMRTN,F,Y0,NUMBER,1272.0
2019,SH_DYN_IMRTN,F,Y0,NUMBER,1252.0
2000,SH_DYN_IMRTN,M,Y0,NUMBER,2208.0
2001,SH_DYN_IMRTN,M,Y0,NUMBER,2149.0
2002,SH_DYN_IMRTN,M,Y0,NUMBER,2101.0
2003,SH_DYN_IMRTN,M,Y0,NUMBER,2074.0
2004,SH_DYN_IMRTN,M,Y0,NUMBER,2067.0
2005,SH_DYN_IMRTN,M,Y0,NUMBER,2075.0
2006,SH_DYN_IMRTN,M,Y0,NUMBER,2078.0
2007,SH_DYN_IMRTN,M,Y0,NUMBER,2078.0
2008,SH_DYN_IMRTN,M,Y0,NUMBER,2063.0
2009,SH_DYN_IMRTN,M,Y0,NUMBER,2029.0
2010,SH_DYN_IMRTN,M,Y0,NUMBER,1976.0
2011,SH_DYN_IMRTN,M,Y0,NUMBER,1922.0
2012,SH_DYN_IMRTN,M,Y0,NUMBER,1860.0
2013,SH_DYN_IMRTN,M,Y0,NUMBER,1801.0
2014,SH_DYN_IMRTN,M,Y0,NUMBER,1747.0
2015,SH_DYN_IMRTN,M,Y0,NUMBER,1708.0
2016,SH_DYN_IMRTN,M,Y0,NUMBER,1671.0
2017,SH_DYN_IMRTN,M,Y0,NUMBER,1641.0
2018,SH_DYN_IMRTN,M,Y0,NUMBER,1616.0
2019,SH_DYN_IMRTN,M,Y0,NUMBER,1590.0
2000,SH_DYN_MORT,,Y0T4,PER_1000_LIVE_BIRTHS,6.5
2001,SH_DYN_MORT,,Y0T4,PER_1000_LIVE_BIRTHS,6.4
2002,SH_DYN_MORT,,Y0T4,PER_1000_LIVE_BIRTHS,6.3
2003,SH_DYN_MORT,,Y0T4,PER_1000_LIVE_BIRTHS,6.2
2004,SH_DYN_MORT,,Y0T4,PER_1000_LIVE_BIRTHS,6.1
2005,SH_DYN_MORT,,Y0T4,PER_1000_LIVE_BIRTHS,6.0
2006,SH_DYN_MORT,,Y0T4,PER_1000_LIVE_BIRTHS,5.9
2007,SH_DYN_MORT,,Y0T4,PER_1000_LIVE_BIRTHS,5.8
2008,SH_DYN_MORT,,Y0T4,PER_1000_LIVE_BIRTHS,5.6
2009,SH_DYN_MORT,,Y0T4,PER_1000_LIVE_BIRTHS,5.4
2010,SH_DYN_MORT,,Y0T4,PER_1000_LIVE_BIRTHS,5.2
2011,SH_DYN_MORT,,Y0T4,PER_1000_LIVE_BIRTHS,5.0
2012,SH_DYN_MORT,,Y0T4,PER_1000_LIVE_BIRTHS,4.8
2013,SH_DYN_MORT,,Y0T4,PER_1000_LIVE_BIRTHS,4.7
2014,SH_DYN_MORT,,Y0T4,PER_1000_LIVE_BIRTHS,4.5
2015,SH_DYN_MORT,,Y0T4,PER_1000_LIVE_BIRTHS,4.5
2016,SH_DYN_MORT,,Y0T4,PER_1000_LIVE_BIRTHS,4.4
2017,SH_DYN_MORT,,Y0T4,PER_1000_LIVE_BIRTHS,4.4
2018,SH_DYN_MORT,,Y0T4,PER_1000_LIVE_BIRTHS,4.3
2019,SH_DYN_MORT,,Y0T4,PER_1000_LIVE_BIRTHS,4.3
2000,SH_DYN_MORT,F,Y0T4,PER_1000_LIVE_BIRTHS,5.8
2001,SH_DYN_MORT,F,Y0T4,PER_1000_LIVE_BIRTHS,5.8
2002,SH_DYN_MORT,F,Y0T4,PER_1000_LIVE_BIRTHS,5.7
2003,SH_DYN_MORT,F,Y0T4,PER_1000_LIVE_BIRTHS,5.6
2004,SH_DYN_MORT,F,Y0T4,PER_1000_LIVE_BIRTHS,5.5
2005,SH_DYN_MORT,F,Y0T4,PER_1000_LIVE_BIRTHS,5.4
2006,SH_DYN_MORT,F,Y0T4,PER_1000_LIVE_BIRTHS,5.3
2007,SH_DYN_MORT,F,Y0T4,PER_1000_LIVE_BIRTHS,5.2
2008,SH_DYN_MORT,F,Y0T4,PER_1000_LIVE_BIRTHS,5.0
2009,SH_DYN_MORT,F,Y0T4,PER_1000_LIVE_BIRTHS,4.8
2010,SH_DYN_MORT,F,Y0T4,PER_1000_LIVE_BIRTHS,4.7
2011,SH_DYN_MORT,F,Y0T4,PER_1000_LIVE_BIRTHS,4.5
2012,SH_DYN_MORT,F,Y0T4,PER_1000_LIVE_BIRTHS,4.3
2013,SH_DYN_MORT,F,Y0T4,PER_1000_LIVE_BIRTHS,4.2
2014,SH_DYN_MORT,F,Y0T4,PER_1000_LIVE_BIRTHS,4.1
2015,SH_DYN_MORT,F,Y0T4,PER_1000_LIVE_BIRTHS,4.0
2016,SH_DYN_MORT,F,Y0T4,PER_1000_LIVE_BIRTHS,4.0
2017,SH_DYN_MORT,F,Y0T4,PER_1000_LIVE_BIRTHS,4.0
2018,SH_DYN_MORT,F,Y0T4,PER_1000_LIVE_BIRTHS,3.9
2019,SH_DYN_MORT,F,Y0T4,PER_1000_LIVE_BIRTHS,3.9
2000,SH_DYN_MORT,M,Y0T4,PER_1000_LIVE_BIRTHS,7.2
2001,SH_DYN_MORT,M,Y0T4,PER_1000_LIVE_BIRTHS,7.1
2002,SH_DYN_MORT,M,Y0T4,PER_1000_LIVE_BIRTHS,7.0
2003,SH_DYN_MORT,M,Y0T4,PER_1000_LIVE_BIRTHS,6.9
2004,SH_DYN_MORT,M,Y0T4,PER_1000_LIVE_BIRTHS,6.7
2005,SH_DYN_MORT,M,Y0T4,PER_1000_LIVE_BIRTHS,6.6
2006,SH_DYN_MORT,M,Y0T4,PER_1000_LIVE_BIRTHS,6.5
2007,SH_DYN_MORT,M,Y0T4,PER_1000_LIVE_BIRTHS,6.3
2008,SH_DYN_MORT,M,Y0T4,PER_1000_LIVE_BIRTHS,6.1
2009,SH_DYN_MORT,M,Y0T4,PER_1000_LIVE_BIRTHS,5.9
2010,SH_DYN_MORT,M,Y0T4,PER_1000_LIVE_BIRTHS,5.7
2011,SH_DYN_MORT,M,Y0T4,PER_1000_LIVE_BIRTHS,5.5
2012,SH_DYN_MORT,M,Y0T4,PER_1000_LIVE_BIRTHS,5.3
2013,SH_DYN_MORT,M,Y0T4,PER_1000_LIVE_BIRTHS,5.1
2014,SH_DYN_MORT,M,Y0T4,PER_1000_LIVE_BIRTHS,5.0
2015,SH_DYN_MORT,M,Y0T4,PER_1000_LIVE_BIRTHS,4.9
2016,SH_DYN_MORT,M,Y0T4,PER_1000_LIVE_BIRTHS,4.8
2017,SH_DYN_MORT,M,Y0T4,PER_1000_LIVE_BIRTHS,4.8
2018,SH_DYN_MORT,M,Y0T4,PER_1000_LIVE_BIRTHS,4.7
2019,SH_DYN_MORT,M,Y0T4,PER_1000_LIVE_BIRTHS,4.7
2000,SH_DYN_MORTN,,Y0T4,NUMBER,4612.0
2001,SH_DYN_MORTN,,Y0T4,NUMBER,4487.0
2002,SH_DYN_MORTN,,Y0T4,NUMBER,4392.0
2003,SH_DYN_MORTN,,Y0T4,NUMBER,4332.0
2004,SH_DYN_MORTN,,Y0T4,NUMBER,4303.0
2005,SH_DYN_MORTN,,Y0T4,NUMBER,4296.0
2006,SH_DYN_MORTN,,Y0T4,NUMBER,4296.0
2007,SH_DYN_MORTN,,Y0T4,NUMBER,4286.0
2008,SH_DYN_MORTN,,Y0T4,NUMBER,4247.0
2009,SH_DYN_MORTN,,Y0T4,NUMBER,4178.0
2010,SH_DYN_MORTN,,Y0T4,NUMBER,4080.0
2011,SH_DYN_MORTN,,Y0T4,NUMBER,3961.0
2012,SH_DYN_MORTN,,Y0T4,NUMBER,3839.0
2013,SH_DYN_MORTN,,Y0T4,NUMBER,3726.0
2014,SH_DYN_MORTN,,Y0T4,NUMBER,3628.0
2015,SH_DYN_MORTN,,Y0T4,NUMBER,3548.0
2016,SH_DYN_MORTN,,Y0T4,NUMBER,3481.0
2017,SH_DYN_MORTN,,Y0T4,NUMBER,3423.0
2018,SH_DYN_MORTN,,Y0T4,NUMBER,3370.0
2019,SH_DYN_MORTN,,Y0T4,NUMBER,3313.0
2000,SH_DYN_MORTN,F,Y0T4,NUMBER,2006.0
2001,SH_DYN_MORTN,F,Y0T4,NUMBER,1953.0
2002,SH_DYN_MORTN,F,Y0T4,NUMBER,1919.0
2003,SH_DYN_MORTN,F,Y0T4,NUMBER,1898.0
2004,SH_DYN_MORTN,F,Y0T4,NUMBER,1885.0
2005,SH_DYN_MORTN,F,Y0T4,NUMBER,1879.0
2006,SH_DYN_MORTN,F,Y0T4,NUMBER,1882.0
2007,SH_DYN_MORTN,F,Y0T4,NUMBER,1876.0
2008,SH_DYN_MORTN,F,Y0T4,NUMBER,1859.0
2009,SH_DYN_MORTN,F,Y0T4,NUMBER,1830.0
2010,SH_DYN_MORTN,F,Y0T4,NUMBER,1790.0
2011,SH_DYN_MORTN,F,Y0T4,NUMBER,1731.0
2012,SH_DYN_MORTN,F,Y0T4,NUMBER,1679.0
2013,SH_DYN_MORTN,F,Y0T4,NUMBER,1632.0
2014,SH_DYN_MORTN,F,Y0T4,NUMBER,1593.0
2015,SH_DYN_MORTN,F,Y0T4,NUMBER,1558.0
2016,SH_DYN_MORTN,F,Y0T4,NUMBER,1533.0
2017,SH_DYN_MORTN,F,Y0T4,NUMBER,1509.0
2018,SH_DYN_MORTN,F,Y0T4,NUMBER,1487.0
2019,SH_DYN_MORTN,F,Y0T4,NUMBER,1462.0
2000,SH_DYN_MORTN,M,Y0T4,NUMBER,2606.0
2001,SH_DYN_MORTN,M,Y0T4,NUMBER,2534.0
2002,SH_DYN_MORTN,M,Y0T4,NUMBER,2473.0
2003,SH_DYN_MORTN,M,Y0T4,NUMBER,2434.0
2004,SH_DYN_MORTN,M,Y0T4,NUMBER,2418.0
2005,SH_DYN_MORTN,M,Y0T4,NUMBER,2417.0
2006,SH_DYN_MORTN,M,Y0T4,NUMBER,2414.0
2007,SH_DYN_MORTN,M,Y0T4,NUMBER,2410.0
2008,SH_DYN_MORTN,M,Y0T4,NUMBER,2388.0
2009,SH_DYN_MORTN,M,Y0T4,NUMBER,2348.0
2010,SH_DYN_MORTN,M,Y0T4,NUMBER,2290.0
2011,SH_DYN_MORTN,M,Y0T4,NUMBER,2230.0
2012,SH_DYN_MORTN,M,Y0T4,NUMBER,2160.0
2013,SH_DYN_MORTN,M,Y0T4,NUMBER,2094.0
2014,SH_DYN_MORTN,M,Y0T4,NUMBER,2035.0
2015,SH_DYN_MORTN,M,Y0T4,NUMBER,1990.0
2016,SH_DYN_MORTN,M,Y0T4,NUMBER,1948.0
2017,SH_DYN_MORTN,M,Y0T4,NUMBER,1914.0
2018,SH_DYN_MORTN,M,Y0T4,NUMBER,1883.0
2019,SH_DYN_MORTN,M,Y0T4,NUMBER,1851.0
