Year,UPPER_BOUND,LOWER_BOUND,SERIES,SEX,AGE,COMPOSITE_BREAKDOWN,UNIT_MEASURE,Value
2000,164158,124137,SH_DTH_NCD,,,NCD_CARDIO,NUMBER,237066.0
2005,164158,124137,SH_DTH_NCD,,,NCD_CARDIO,NUMBER,210326.0
2010,164158,124137,SH_DTH_NCD,,,NCD_CARDIO,NUMBER,182175.0
2015,164158,124137,SH_DTH_NCD,,,NCD_CARDIO,NUMBER,164973.0
2019,164158,124137,SH_DTH_NCD,,,NCD_CARDIO,NUMBER,145839.0
2000,183170,144517,SH_DTH_NCD,,,NCD_CNCR,NUMBER,152947.0
2005,183170,144517,SH_DTH_NCD,,,NCD_CNCR,NUMBER,155782.0
2010,183170,144517,SH_DTH_NCD,,,NCD_CNCR,NUMBER,162370.0
2015,183170,144517,SH_DTH_NCD,,,NCD_CNCR,NUMBER,170869.0
2019,183170,144517,SH_DTH_NCD,,,NCD_CNCR,NUMBER,165704.0
2000,54813,34317,SH_DTH_NCD,,,NCD_CRESPD,NUMBER,43438.0
2005,54813,34317,SH_DTH_NCD,,,NCD_CRESPD,NUMBER,48128.0
2010,54813,34317,SH_DTH_NCD,,,NCD_CRESPD,NUMBER,48159.0
2015,54813,34317,SH_DTH_NCD,,,NCD_CRESPD,NUMBER,51590.0
2019,54813,34317,SH_DTH_NCD,,,NCD_CRESPD,NUMBER,46766.0
2000,8622,5838,SH_DTH_NCD,,,NCD_DIABTS,NUMBER,6558.0
2005,8622,5838,SH_DTH_NCD,,,NCD_DIABTS,NUMBER,6747.0
2010,8622,5838,SH_DTH_NCD,,,NCD_DIABTS,NUMBER,6375.0
2015,8622,5838,SH_DTH_NCD,,,NCD_DIABTS,NUMBER,6904.0
2019,8622,5838,SH_DTH_NCD,,,NCD_DIABTS,NUMBER,7181.0
2000,78942,56835,SH_DTH_NCD,F,,NCD_CARDIO,NUMBER,123690.0
2005,78942,56835,SH_DTH_NCD,F,,NCD_CARDIO,NUMBER,110866.0
2010,78942,56835,SH_DTH_NCD,F,,NCD_CARDIO,NUMBER,93452.0
2015,78942,56835,SH_DTH_NCD,F,,NCD_CARDIO,NUMBER,81895.0
2019,78942,56835,SH_DTH_NCD,F,,NCD_CARDIO,NUMBER,69277.0
2000,84396,66574,SH_DTH_NCD,F,,NCD_CNCR,NUMBER,74223.0
2005,84396,66574,SH_DTH_NCD,F,,NCD_CNCR,NUMBER,75266.0
2010,84396,66574,SH_DTH_NCD,F,,NCD_CNCR,NUMBER,77047.0
2015,84396,66574,SH_DTH_NCD,F,,NCD_CNCR,NUMBER,79906.0
2019,84396,66574,SH_DTH_NCD,F,,NCD_CNCR,NUMBER,76721.0
2000,26023,14247,SH_DTH_NCD,F,,NCD_CRESPD,NUMBER,20984.0
2005,26023,14247,SH_DTH_NCD,F,,NCD_CRESPD,NUMBER,24400.0
2010,26023,14247,SH_DTH_NCD,F,,NCD_CRESPD,NUMBER,24099.0
2015,26023,14247,SH_DTH_NCD,F,,NCD_CRESPD,NUMBER,25289.0
2019,26023,14247,SH_DTH_NCD,F,,NCD_CRESPD,NUMBER,22139.0
2000,4288,2758,SH_DTH_NCD,F,,NCD_DIABTS,NUMBER,3493.0
2005,4288,2758,SH_DTH_NCD,F,,NCD_DIABTS,NUMBER,3638.0
2010,4288,2758,SH_DTH_NCD,F,,NCD_DIABTS,NUMBER,3399.0
2015,4288,2758,SH_DTH_NCD,F,,NCD_DIABTS,NUMBER,3509.0
2019,4288,2758,SH_DTH_NCD,F,,NCD_DIABTS,NUMBER,3515.0
2000,85216,67302,SH_DTH_NCD,M,,NCD_CARDIO,NUMBER,113376.0
2005,85216,67302,SH_DTH_NCD,M,,NCD_CARDIO,NUMBER,99460.0
2010,85216,67302,SH_DTH_NCD,M,,NCD_CARDIO,NUMBER,88723.0
2015,85216,67302,SH_DTH_NCD,M,,NCD_CARDIO,NUMBER,83078.0
2019,85216,67302,SH_DTH_NCD,M,,NCD_CARDIO,NUMBER,76562.0
2000,98775,77942,SH_DTH_NCD,M,,NCD_CNCR,NUMBER,78725.0
2005,98775,77942,SH_DTH_NCD,M,,NCD_CNCR,NUMBER,80515.0
2010,98775,77942,SH_DTH_NCD,M,,NCD_CNCR,NUMBER,85324.0
2015,98775,77942,SH_DTH_NCD,M,,NCD_CNCR,NUMBER,90963.0
2019,98775,77942,SH_DTH_NCD,M,,NCD_CNCR,NUMBER,88983.0
2000,28790,20071,SH_DTH_NCD,M,,NCD_CRESPD,NUMBER,22455.0
2005,28790,20071,SH_DTH_NCD,M,,NCD_CRESPD,NUMBER,23728.0
2010,28790,20071,SH_DTH_NCD,M,,NCD_CRESPD,NUMBER,24060.0
2015,28790,20071,SH_DTH_NCD,M,,NCD_CRESPD,NUMBER,26301.0
2019,28790,20071,SH_DTH_NCD,M,,NCD_CRESPD,NUMBER,24627.0
2000,4334,3080,SH_DTH_NCD,M,,NCD_DIABTS,NUMBER,3065.0
2005,4334,3080,SH_DTH_NCD,M,,NCD_DIABTS,NUMBER,3109.0
2010,4334,3080,SH_DTH_NCD,M,,NCD_DIABTS,NUMBER,2976.0
2015,4334,3080,SH_DTH_NCD,M,,NCD_DIABTS,NUMBER,3395.0
2019,4334,3080,SH_DTH_NCD,M,,NCD_DIABTS,NUMBER,3667.0
2000,11.2,9.3,SH_DTH_NCOM,,Y30T70,,PT,16.5
2005,11.2,9.3,SH_DTH_NCOM,,Y30T70,,PT,14.2
2010,11.2,9.3,SH_DTH_NCOM,,Y30T70,,PT,12.4
2015,11.2,9.3,SH_DTH_NCOM,,Y30T70,,PT,11.3
2019,11.2,9.3,SH_DTH_NCOM,,Y30T70,,PT,10.3
2000,9.3,7.6,SH_DTH_NCOM,F,Y30T70,,PT,13.0
2005,9.3,7.6,SH_DTH_NCOM,F,Y30T70,,PT,11.3
2010,9.3,7.6,SH_DTH_NCOM,F,Y30T70,,PT,10.0
2015,9.3,7.6,SH_DTH_NCOM,F,Y30T70,,PT,9.3
2019,9.3,7.6,SH_DTH_NCOM,F,Y30T70,,PT,8.5
2000,13.1,11.1,SH_DTH_NCOM,M,Y30T70,,PT,20.0
2005,13.1,11.1,SH_DTH_NCOM,M,Y30T70,,PT,17.1
2010,13.1,11.1,SH_DTH_NCOM,M,Y30T70,,PT,14.9
2015,13.1,11.1,SH_DTH_NCOM,M,Y30T70,,PT,13.4
2019,13.1,11.1,SH_DTH_NCOM,M,Y30T70,,PT,12.1
