Year,Series,Country,Region,Sex,Age,Observation status,Unit multiplier,GeoCode,Value
2009,Death rate due to road traffic injuries,,,,,Normal value,Units,,3.753584576901632
2010,Death rate due to road traffic injuries,,,,,Normal value,Units,,3.0353991596103067
2011,Death rate due to road traffic injuries,,,,,Normal value,Units,,3.0970933226114914
2012,Death rate due to road traffic injuries,,,,,Normal value,Units,,2.8286620381467524
2013,Death rate due to road traffic injuries,,,,,Normal value,Units,,2.76106690994838
2014,Death rate due to road traffic injuries,,,,,Normal value,Units,,2.8701133456369448
2015,Death rate due to road traffic injuries,,,,,Normal value,Units,,2.7706942988234347
2016,Death rate due to road traffic injuries,,,,,Normal value,Units,,2.833290382072864
2017,Death rate due to road traffic injuries,,,,,Normal value,Units,,2.810408183169686
2018,Death rate due to road traffic injuries,,,,,Normal value,Units,,2.768096297840539
2019,Death rate due to road traffic injuries,,,,,Normal value,Units,,2.7067162057611527
2020,Death rate due to road traffic injuries,,,,,Normal value,Units,,2.2599465000897268
2009,Death rate due to road traffic injuries,Great Britain,,,,Normal value,Units,K03000001,3.6747223736497063
2010,Death rate due to road traffic injuries,Great Britain,,,,Normal value,Units,K03000001,3.0350446101520467
2011,Death rate due to road traffic injuries,Great Britain,,,,Normal value,Units,K03000001,3.092523873153683
2012,Death rate due to road traffic injuries,Great Britain,,,,Normal value,Units,K03000001,2.8344544780470047
2013,Death rate due to road traffic injuries,Great Britain,,,,Normal value,Units,K03000001,2.750661495551516
2014,Death rate due to road traffic injuries,Great Britain,,,,Normal value,Units,K03000001,2.8284033651849265
2015,Death rate due to road traffic injuries,Great Britain,,,,Normal value,Units,K03000001,2.734814102908336
2016,Death rate due to road traffic injuries,Great Britain,,,,Normal value,Units,K03000001,2.809397566550623
2017,Death rate due to road traffic injuries,Great Britain,,,,Normal value,Units,K03000001,2.7941669077603115
2018,Death rate due to road traffic injuries,Great Britain,,,,Normal value,Units,K03000001,2.7635816755883837
2019,Death rate due to road traffic injuries,Great Britain,,,,Normal value,Units,K03000001,2.6994071473275407
2020,Death rate due to road traffic injuries,Great Britain,,,,Normal value,Units,K03000001,2.2397542136680118
2009,Death rate due to road traffic injuries,Great Britain,,Female,,Normal value,Units,K03000001,1.8465929743011376
2010,Death rate due to road traffic injuries,Great Britain,,Female,,Normal value,Units,K03000001,1.5595965001623395
2011,Death rate due to road traffic injuries,Great Britain,,Female,,Normal value,Units,K03000001,1.5289693307304602
2012,Death rate due to road traffic injuries,Great Britain,,Female,,Normal value,Units,K03000001,1.3222837034699966
2013,Death rate due to road traffic injuries,Great Britain,,Female,,Normal value,Units,K03000001,1.396963525946053
2014,Death rate due to road traffic injuries,Great Britain,,Female,,Normal value,Units,K03000001,1.459271588738478
2015,Death rate due to road traffic injuries,Great Britain,,Female,,Normal value,Units,K03000001,1.28688110094205
2016,Death rate due to road traffic injuries,Great Britain,,Female,,Normal value,Units,K03000001,1.4540524379571294
2017,Death rate due to road traffic injuries,Great Britain,,Female,,Normal value,Units,K03000001,1.3965860914421817
2018,Death rate due to road traffic injuries,Great Britain,,Female,,Normal value,Units,K03000001,1.4102212037495243
2019,Death rate due to road traffic injuries,Great Britain,,Female,,Normal value,Units,K03000001,1.363458129113885
2020,Death rate due to road traffic injuries,Great Britain,,Female,,Normal value,Units,K03000001,1.0068486939929042
2009,Death rate due to road traffic injuries,Great Britain,,Male,,Normal value,Units,K03000001,5.574356127301567
2010,Death rate due to road traffic injuries,Great Britain,,Male,,Normal value,Units,K03000001,4.565362302105664
2011,Death rate due to road traffic injuries,Great Britain,,Male,,Normal value,Units,K03000001,4.710682493809491
2012,Death rate due to road traffic injuries,Great Britain,,Male,,Normal value,Units,K03000001,4.39832463935546
2013,Death rate due to road traffic injuries,Great Britain,,Male,,Normal value,Units,K03000001,4.148730723417212
2014,Death rate due to road traffic injuries,Great Britain,,Male,,Normal value,Units,K03000001,4.240711732569971
2015,Death rate due to road traffic injuries,Great Britain,,Male,,Normal value,Units,K03000001,4.2258515844986135
2016,Death rate due to road traffic injuries,Great Britain,,Male,,Normal value,Units,K03000001,4.20183278097667
2017,Death rate due to road traffic injuries,Great Britain,,Male,,Normal value,Units,K03000001,4.229103986150016
2018,Death rate due to road traffic injuries,Great Britain,,Male,,Normal value,Units,K03000001,4.152020829022042
2019,Death rate due to road traffic injuries,Great Britain,,Male,,Normal value,Units,K03000001,4.06921256243308
2020,Death rate due to road traffic injuries,Great Britain,,Male,,Normal value,Units,K03000001,3.5018490570184846
2013,Death rate due to road traffic injuries,Great Britain,,,0 to 4,Normal value,Units,K03000001,0.2572711251752659
2013,Death rate due to road traffic injuries,Great Britain,,,5 to 7,Normal value,Units,K03000001,0.2666177275015741
2013,Death rate due to road traffic injuries,Great Britain,,,8 to 11,Normal value,Units,K03000001,0.367399874349243
2013,Death rate due to road traffic injuries,Great Britain,,,12 to 15,Normal value,Units,K03000001,0.7810311670487211
2013,Death rate due to road traffic injuries,Great Britain,,,16 to 19,Normal value,Units,K03000001,4.846256629398844
2013,Death rate due to road traffic injuries,Great Britain,,,20 to 29,Normal value,Units,K03000001,4.632807810581356
2013,Death rate due to road traffic injuries,Great Britain,,,30 to 39,Normal value,Units,K03000001,2.507664515206378
2013,Death rate due to road traffic injuries,Great Britain,,,40 to 49,Normal value,Units,K03000001,2.8470038087082448
2013,Death rate due to road traffic injuries,Great Britain,,,50 to 59,Normal value,Units,K03000001,2.7059181478816026
2013,Death rate due to road traffic injuries,Great Britain,,,60 to 69,Normal value,Units,K03000001,1.912037795878727
2013,Death rate due to road traffic injuries,Great Britain,,,70 to 79,Normal value,Units,K03000001,3.4363430747378017
2013,Death rate due to road traffic injuries,Great Britain,,,80 and over,Normal value,Units,K03000001,5.888519769088335
2014,Death rate due to road traffic injuries,Great Britain,,,0 to 4,Normal value,Units,K03000001,0.230740299485526
2014,Death rate due to road traffic injuries,Great Britain,,,5 to 7,Normal value,Units,K03000001,0.4355425357373539
2014,Death rate due to road traffic injuries,Great Britain,,,8 to 11,Normal value,Units,K03000001,0.3560762815096352
2014,Death rate due to road traffic injuries,Great Britain,,,12 to 15,Normal value,Units,K03000001,0.8681262038468842
2014,Death rate due to road traffic injuries,Great Britain,,,16 to 19,Normal value,Units,K03000001,4.257898234901592
2014,Death rate due to road traffic injuries,Great Britain,,,20 to 29,Normal value,Units,K03000001,4.621434211874675
2014,Death rate due to road traffic injuries,Great Britain,,,30 to 39,Normal value,Units,K03000001,2.823092800484635
2014,Death rate due to road traffic injuries,Great Britain,,,40 to 49,Normal value,Units,K03000001,2.680386002842572
2014,Death rate due to road traffic injuries,Great Britain,,,50 to 59,Normal value,Units,K03000001,2.5168901305546867
2014,Death rate due to road traffic injuries,Great Britain,,,60 to 69,Normal value,Units,K03000001,2.7426501691663723
2014,Death rate due to road traffic injuries,Great Britain,,,70 to 79,Normal value,Units,K03000001,3.1622131447822515
2014,Death rate due to road traffic injuries,Great Britain,,,80 and over,Normal value,Units,K03000001,6.63689292023622
2015,Death rate due to road traffic injuries,Great Britain,,,0 to 4,Normal value,Units,K03000001,0.2819228987004892
2015,Death rate due to road traffic injuries,Great Britain,,,5 to 7,Normal value,Units,K03000001,0.4707890381480357
2015,Death rate due to road traffic injuries,Great Britain,,,8 to 11,Normal value,Units,K03000001,0.4137271924265858
2015,Death rate due to road traffic injuries,Great Britain,,,12 to 15,Normal value,Units,K03000001,0.7315492310686033
2015,Death rate due to road traffic injuries,Great Britain,,,16 to 19,Normal value,Units,K03000001,3.9341385203504986
2015,Death rate due to road traffic injuries,Great Britain,,,20 to 29,Normal value,Units,K03000001,4.616625741221639
2015,Death rate due to road traffic injuries,Great Britain,,,30 to 39,Normal value,Units,K03000001,2.396703595773188
2015,Death rate due to road traffic injuries,Great Britain,,,40 to 49,Normal value,Units,K03000001,2.9739132479535906
2015,Death rate due to road traffic injuries,Great Britain,,,50 to 59,Normal value,Units,K03000001,2.6467601299305423
2015,Death rate due to road traffic injuries,Great Britain,,,60 to 69,Normal value,Units,K03000001,1.9906477062761805
2015,Death rate due to road traffic injuries,Great Britain,,,70 to 79,Normal value,Units,K03000001,3.5724830543469235
2015,Death rate due to road traffic injuries,Great Britain,,,80 and over,Normal value,Units,K03000001,6.062658897676815
2016,Death rate due to road traffic injuries,Great Britain,,,0 to 4,Normal value,Units,K03000001,0.4113591692601577
2016,Death rate due to road traffic injuries,Great Britain,,,5 to 7,Normal value,Units,K03000001,0.337860095513049
2016,Death rate due to road traffic injuries,Great Britain,,,8 to 11,Normal value,Units,K03000001,0.6668760657513126
2016,Death rate due to road traffic injuries,Great Britain,,,12 to 15,Normal value,Units,K03000001,0.910531535531308
2016,Death rate due to road traffic injuries,Great Britain,,,16 to 19,Normal value,Units,K03000001,3.569402141978021
2016,Death rate due to road traffic injuries,Great Britain,,,20 to 29,Normal value,Units,K03000001,4.2832286719562
2016,Death rate due to road traffic injuries,Great Britain,,,30 to 39,Normal value,Units,K03000001,3.067958884557261
2016,Death rate due to road traffic injuries,Great Britain,,,40 to 49,Normal value,Units,K03000001,2.821184874234856
2016,Death rate due to road traffic injuries,Great Britain,,,50 to 59,Normal value,Units,K03000001,2.614745936613826
2016,Death rate due to road traffic injuries,Great Britain,,,60 to 69,Normal value,Units,K03000001,2.1906159453646064
2016,Death rate due to road traffic injuries,Great Britain,,,70 to 79,Normal value,Units,K03000001,3.446485415725123
2016,Death rate due to road traffic injuries,Great Britain,,,80 and over,Normal value,Units,K03000001,6.850255672867979
2017,Death rate due to road traffic injuries,Great Britain,,,0 to 4,Normal value,Units,K03000001,0.3126840275787312
2017,Death rate due to road traffic injuries,Great Britain,,,5 to 7,Normal value,Units,K03000001,0.3312024595094643
2017,Death rate due to road traffic injuries,Great Britain,,,8 to 11,Normal value,Units,K03000001,0.3249965225372088
2017,Death rate due to road traffic injuries,Great Britain,,,12 to 15,Normal value,Units,K03000001,0.6464272683132846
2017,Death rate due to road traffic injuries,Great Britain,,,16 to 19,Normal value,Units,K03000001,3.7760500251107327
2017,Death rate due to road traffic injuries,Great Britain,,,20 to 29,Normal value,Units,K03000001,4.313112201911943
2017,Death rate due to road traffic injuries,Great Britain,,,30 to 39,Normal value,Units,K03000001,3.2157598716438907
2017,Death rate due to road traffic injuries,Great Britain,,,40 to 49,Normal value,Units,K03000001,2.6230077362036357
2017,Death rate due to road traffic injuries,Great Britain,,,50 to 59,Normal value,Units,K03000001,2.522729560833473
2017,Death rate due to road traffic injuries,Great Britain,,,60 to 69,Normal value,Units,K03000001,2.644003777148253
2017,Death rate due to road traffic injuries,Great Britain,,,70 to 79,Normal value,Units,K03000001,3.338558565693128
2017,Death rate due to road traffic injuries,Great Britain,,,80 and over,Normal value,Units,K03000001,6.508331140078652
2018,Death rate due to road traffic injuries,Great Britain,,,0 to 4,Normal value,Units,K03000001,0.3428006071262445
2018,Death rate due to road traffic injuries,Great Britain,,,5 to 7,Normal value,Units,K03000001,0.2468645121154931
2018,Death rate due to road traffic injuries,Great Britain,,,8 to 11,Normal value,Units,K03000001,0.2232694623192913
2018,Death rate due to road traffic injuries,Great Britain,,,12 to 15,Normal value,Units,K03000001,0.7658383196950292
2018,Death rate due to road traffic injuries,Great Britain,,,16 to 19,Normal value,Units,K03000001,3.699873261888548
2018,Death rate due to road traffic injuries,Great Britain,,,20 to 29,Normal value,Units,K03000001,3.9300400934901063
2018,Death rate due to road traffic injuries,Great Britain,,,30 to 39,Normal value,Units,K03000001,3.1096461222712857
2018,Death rate due to road traffic injuries,Great Britain,,,40 to 49,Normal value,Units,K03000001,2.519025606985258
2018,Death rate due to road traffic injuries,Great Britain,,,50 to 59,Normal value,Units,K03000001,2.685321002584105
2018,Death rate due to road traffic injuries,Great Britain,,,60 to 69,Normal value,Units,K03000001,2.7626233347742595
2018,Death rate due to road traffic injuries,Great Britain,,,70 to 79,Normal value,Units,K03000001,3.852379798269945
2018,Death rate due to road traffic injuries,Great Britain,,,80 and over,Normal value,Units,K03000001,5.994704053637614
2019,Death rate due to road traffic injuries,Great Britain,,,0 to 4,Normal value,Units,K03000001,0.1338009587641501
2019,Death rate due to road traffic injuries,Great Britain,,,5 to 7,Normal value,Units,K03000001,0.0414642692026213
2019,Death rate due to road traffic injuries,Great Britain,,,8 to 11,Normal value,Units,K03000001,0.2820109890282058
2019,Death rate due to road traffic injuries,Great Britain,,,12 to 15,Normal value,Units,K03000001,0.810280569775792
2019,Death rate due to road traffic injuries,Great Britain,,,16 to 19,Normal value,Units,K03000001,3.214867241880605
2019,Death rate due to road traffic injuries,Great Britain,,,20 to 29,Normal value,Units,K03000001,3.713086375523525
2019,Death rate due to road traffic injuries,Great Britain,,,30 to 39,Normal value,Units,K03000001,2.7773100710470637
2019,Death rate due to road traffic injuries,Great Britain,,,40 to 49,Normal value,Units,K03000001,2.347295298428645
2019,Death rate due to road traffic injuries,Great Britain,,,50 to 59,Normal value,Units,K03000001,2.712738577696408
2019,Death rate due to road traffic injuries,Great Britain,,,60 to 69,Normal value,Units,K03000001,2.8869581233732893
2019,Death rate due to road traffic injuries,Great Britain,,,70 to 79,Normal value,Units,K03000001,3.9629950789781287
2019,Death rate due to road traffic injuries,Great Britain,,,80 and over,Normal value,Units,K03000001,6.705229865947216
2020,Death rate due to road traffic injuries,Great Britain,,,0 to 4,Normal value,Units,K03000001,0.3001696777323763
2020,Death rate due to road traffic injuries,Great Britain,,,5 to 7,Normal value,Units,K03000001,0.2526176450898919
2020,Death rate due to road traffic injuries,Great Britain,,,8 to 11,Normal value,Units,K03000001,0.247236131830014
2020,Death rate due to road traffic injuries,Great Britain,,,12 to 15,Normal value,Units,K03000001,0.5235165259443338
2020,Death rate due to road traffic injuries,Great Britain,,,16 to 19,Normal value,Units,K03000001,2.8498157646882496
2020,Death rate due to road traffic injuries,Great Britain,,,20 to 29,Normal value,Units,K03000001,3.3183549792334244
2020,Death rate due to road traffic injuries,Great Britain,,,30 to 39,Normal value,Units,K03000001,2.628199357220822
2020,Death rate due to road traffic injuries,Great Britain,,,40 to 49,Normal value,Units,K03000001,2.231861739353621
2020,Death rate due to road traffic injuries,Great Britain,,,50 to 59,Normal value,Units,K03000001,2.424233677183631
2020,Death rate due to road traffic injuries,Great Britain,,,60 to 69,Normal value,Units,K03000001,2.1393467804114565
2020,Death rate due to road traffic injuries,Great Britain,,,70 to 79,Normal value,Units,K03000001,2.7396923965886204
2020,Death rate due to road traffic injuries,Great Britain,,,80 and over,Normal value,Units,K03000001,3.966173085004475
2009,Death rate due to road traffic injuries,England,,,,Normal value,Units,E92000001,3.6017822768210688
2010,Death rate due to road traffic injuries,England,,,,Normal value,Units,E92000001,2.95009054669414
2011,Death rate due to road traffic injuries,England,,,,Normal value,Units,E92000001,3.0014780113773343
2012,Death rate due to road traffic injuries,England,,,,Normal value,Units,E92000001,2.7872425943609205
2013,Death rate due to road traffic injuries,England,,,,Normal value,Units,E92000001,2.6547448449542688
2014,Death rate due to road traffic injuries,England,,,,Normal value,Units,E92000001,2.710036180824071
2015,Death rate due to road traffic injuries,England,,,,Normal value,Units,E92000001,2.67037430707848
2016,Death rate due to road traffic injuries,England,,,,Normal value,Units,E92000001,2.710425895662318
2017,Death rate due to road traffic injuries,England,,,,Normal value,Units,E92000001,2.776008312203128
2018,Death rate due to road traffic injuries,England,,,,Normal value,Units,E92000001,2.717178775964733
2019,Death rate due to road traffic injuries,England,,,,Normal value,Units,E92000001,2.645372877743391
2020,Death rate due to road traffic injuries,England,,,,Normal value,Units,E92000001,2.203354481646004
2009,Death rate due to road traffic injuries,England,East Midlands,,,Normal value,Units,E12000004,5.076422522051689
2010,Death rate due to road traffic injuries,England,East Midlands,,,Normal value,Units,E12000004,4.06028660298451
2011,Death rate due to road traffic injuries,England,East Midlands,,,Normal value,Units,E12000004,4.121259351071351
2012,Death rate due to road traffic injuries,England,East Midlands,,,Normal value,Units,E12000004,3.7217057321711686
2013,Death rate due to road traffic injuries,England,East Midlands,,,Normal value,Units,E12000004,3.2184072015775413
2014,Death rate due to road traffic injuries,England,East Midlands,,,Normal value,Units,E12000004,3.644307796080062
2015,Death rate due to road traffic injuries,England,East Midlands,,,Normal value,Units,E12000004,3.719995510350246
2016,Death rate due to road traffic injuries,England,East Midlands,,,Normal value,Units,E12000004,4.041994417392004
2017,Death rate due to road traffic injuries,England,East Midlands,,,Normal value,Units,E12000004,3.814181461988329
2018,Death rate due to road traffic injuries,England,East Midlands,,,Normal value,Units,E12000004,4.079806850287117
2019,Death rate due to road traffic injuries,England,East Midlands,,,Normal value,Units,E12000004,4.09435376209075
2020,Death rate due to road traffic injuries,England,East Midlands,,,Normal value,Units,E12000004,2.7951429458710293
2009,Death rate due to road traffic injuries,England,East of England,,,Normal value,Units,E12000006,4.085931130674511
2010,Death rate due to road traffic injuries,England,East of England,,,Normal value,Units,E12000006,3.392222546329667
2011,Death rate due to road traffic injuries,England,East of England,,,Normal value,Units,E12000006,3.3945037696049654
2012,Death rate due to road traffic injuries,England,East of England,,,Normal value,Units,E12000006,3.1663176944330718
2013,Death rate due to road traffic injuries,England,East of England,,,Normal value,Units,E12000006,2.9906245600169625
2014,Death rate due to road traffic injuries,England,East of England,,,Normal value,Units,E12000006,3.1243508247122853
2015,Death rate due to road traffic injuries,England,East of England,,,Normal value,Units,E12000006,3.1929058240906394
2016,Death rate due to road traffic injuries,England,East of England,,,Normal value,Units,E12000006,3.475278613739098
2017,Death rate due to road traffic injuries,England,East of England,,,Normal value,Units,E12000006,3.242315064833332
2018,Death rate due to road traffic injuries,England,East of England,,,Normal value,Units,E12000006,2.741398700319002
2019,Death rate due to road traffic injuries,England,East of England,,,Normal value,Units,E12000006,2.9185038274093054
2020,Death rate due to road traffic injuries,England,East of England,,,Normal value,Units,E12000006,2.6957355218664825
2009,Death rate due to road traffic injuries,England,London,,,Normal value,Units,E12000007,2.329213856329557
2010,Death rate due to road traffic injuries,England,London,,,Normal value,Units,E12000007,1.5629855256376142
2011,Death rate due to road traffic injuries,England,London,,,Normal value,Units,E12000007,1.9379828426356716
2012,Death rate due to road traffic injuries,England,London,,,Normal value,Units,E12000007,1.6247769091038415
2013,Death rate due to road traffic injuries,England,London,,,Normal value,Units,E12000007,1.5800494638642688
2014,Death rate due to road traffic injuries,England,London,,,Normal value,Units,E12000007,1.5106451297854957
2015,Death rate due to road traffic injuries,England,London,,,Normal value,Units,E12000007,1.5691830902061052
2016,Death rate due to road traffic injuries,England,London,,,Normal value,Units,E12000007,1.3227424236221728
2017,Death rate due to road traffic injuries,England,London,,,Normal value,Units,E12000007,1.4844190952499607
2018,Death rate due to road traffic injuries,England,London,,,Normal value,Units,E12000007,1.2572853794212244
2019,Death rate due to road traffic injuries,England,London,,,Normal value,Units,E12000007,1.3947796633091158
2020,Death rate due to road traffic injuries,England,London,,,Normal value,Units,E12000007,1.0663718740863637
2009,Death rate due to road traffic injuries,England,North East,,,Normal value,Units,E12000001,2.8344660196059626
2010,Death rate due to road traffic injuries,England,North East,,,Normal value,Units,E12000001,1.9714960330407272
2011,Death rate due to road traffic injuries,England,North East,,,Normal value,Units,E12000001,2.233826996261421
2012,Death rate due to road traffic injuries,England,North East,,,Normal value,Units,E12000001,2.958822035308353
2013,Death rate due to road traffic injuries,England,North East,,,Normal value,Units,E12000001,2.9112494124830546
2014,Death rate due to road traffic injuries,England,North East,,,Normal value,Units,E12000001,2.17662261487985
2015,Death rate due to road traffic injuries,England,North East,,,Normal value,Units,E12000001,2.3622836272026864
2016,Death rate due to road traffic injuries,England,North East,,,Normal value,Units,E12000001,2.123956369384838
2017,Death rate due to road traffic injuries,England,North East,,,Normal value,Units,E12000001,2.193042987045544
2018,Death rate due to road traffic injuries,England,North East,,,Normal value,Units,E12000001,1.9564251447284315
2019,Death rate due to road traffic injuries,England,North East,,,Normal value,Units,E12000001,2.8090508367038822
2020,Death rate due to road traffic injuries,England,North East,,,Normal value,Units,E12000001,2.350077198170819
2009,Death rate due to road traffic injuries,England,North West,,,Normal value,Units,E12000002,3.3637954835248456
2010,Death rate due to road traffic injuries,England,North West,,,Normal value,Units,E12000002,2.7635638634679798
2011,Death rate due to road traffic injuries,England,North West,,,Normal value,Units,E12000002,2.976206926313793
2012,Death rate due to road traffic injuries,England,North West,,,Normal value,Units,E12000002,2.3290380226043728
2013,Death rate due to road traffic injuries,England,North West,,,Normal value,Units,E12000002,2.0975610854836386
2014,Death rate due to road traffic injuries,England,North West,,,Normal value,Units,E12000002,2.565531094377057
2015,Death rate due to road traffic injuries,England,North West,,,Normal value,Units,E12000002,2.466837756498863
2016,Death rate due to road traffic injuries,England,North West,,,Normal value,Units,E12000002,2.5747647308727166
2017,Death rate due to road traffic injuries,England,North West,,,Normal value,Units,E12000002,2.300710588930937
2018,Death rate due to road traffic injuries,England,North West,,,Normal value,Units,E12000002,2.6604158778556446
2019,Death rate due to road traffic injuries,England,North West,,,Normal value,Units,E12000002,2.6698646923471325
2020,Death rate due to road traffic injuries,England,North West,,,Normal value,Units,E12000002,2.1445665912358347
2009,Death rate due to road traffic injuries,England,South East,,,Normal value,Units,E12000008,3.4625215023763025
2010,Death rate due to road traffic injuries,England,South East,,,Normal value,Units,E12000008,3.3108834451281104
2011,Death rate due to road traffic injuries,England,South East,,,Normal value,Units,E12000008,2.981699300479476
2012,Death rate due to road traffic injuries,England,South East,,,Normal value,Units,E12000008,2.6705091434565422
2013,Death rate due to road traffic injuries,England,South East,,,Normal value,Units,E12000008,2.672533655159457
2014,Death rate due to road traffic injuries,England,South East,,,Normal value,Units,E12000008,2.783410647165513
2015,Death rate due to road traffic injuries,England,South East,,,Normal value,Units,E12000008,2.625876707602036
2016,Death rate due to road traffic injuries,England,South East,,,Normal value,Units,E12000008,3.100656043449936
2017,Death rate due to road traffic injuries,England,South East,,,Normal value,Units,E12000008,2.9402614850522943
2018,Death rate due to road traffic injuries,England,South East,,,Normal value,Units,E12000008,2.824727312540202
2019,Death rate due to road traffic injuries,England,South East,,,Normal value,Units,E12000008,2.331120402913465
2020,Death rate due to road traffic injuries,England,South East,,,Normal value,Units,E12000008,2.592960059193264
2009,Death rate due to road traffic injuries,England,South West,,,Normal value,Units,E12000009,3.86468180180649
2010,Death rate due to road traffic injuries,England,South West,,,Normal value,Units,E12000009,3.649309007140861
2011,Death rate due to road traffic injuries,England,South West,,,Normal value,Units,E12000009,3.0183946630254765
2012,Death rate due to road traffic injuries,England,South West,,,Normal value,Units,E12000009,3.8204114470763457
2013,Death rate due to road traffic injuries,England,South West,,,Normal value,Units,E12000009,3.533107635938176
2014,Death rate due to road traffic injuries,England,South West,,,Normal value,Units,E12000009,3.411221036428522
2015,Death rate due to road traffic injuries,England,South West,,,Normal value,Units,E12000009,3.161775053412067
2016,Death rate due to road traffic injuries,England,South West,,,Normal value,Units,E12000009,2.954518718869931
2017,Death rate due to road traffic injuries,England,South West,,,Normal value,Units,E12000009,3.381710987466804
2018,Death rate due to road traffic injuries,England,South West,,,Normal value,Units,E12000009,3.285869777766269
2019,Death rate due to road traffic injuries,England,South West,,,Normal value,Units,E12000009,2.862376917792535
2020,Death rate due to road traffic injuries,England,South West,,,Normal value,Units,E12000009,2.297167610007381
2009,Death rate due to road traffic injuries,England,West Midlands,,,Normal value,Units,E12000005,4.052093277016473
2010,Death rate due to road traffic injuries,England,West Midlands,,,Normal value,Units,E12000005,2.8027983426119136
2011,Death rate due to road traffic injuries,England,West Midlands,,,Normal value,Units,E12000005,3.387614204943884
2012,Death rate due to road traffic injuries,England,West Midlands,,,Normal value,Units,E12000005,3.119039378403807
2013,Death rate due to road traffic injuries,England,West Midlands,,,Normal value,Units,E12000005,2.748884146867946
2014,Death rate due to road traffic injuries,England,West Midlands,,,Normal value,Units,E12000005,2.7304045776983004
2015,Death rate due to road traffic injuries,England,West Midlands,,,Normal value,Units,E12000005,2.8323039732880724
2016,Death rate due to road traffic injuries,England,West Midlands,,,Normal value,Units,E12000005,2.6674592175602108
2017,Death rate due to road traffic injuries,England,West Midlands,,,Normal value,Units,E12000005,3.258993029167476
2018,Death rate due to road traffic injuries,England,West Midlands,,,Normal value,Units,E12000005,2.931827221490395
2019,Death rate due to road traffic injuries,England,West Midlands,,,Normal value,Units,E12000005,2.527790103095077
2020,Death rate due to road traffic injuries,England,West Midlands,,,Normal value,Units,E12000005,1.811494232822967
2009,Death rate due to road traffic injuries,England,Yorkshire and The Humber,,,Normal value,Units,E12000003,3.924688858325241
2010,Death rate due to road traffic injuries,England,Yorkshire and The Humber,,,Normal value,Units,E12000003,3.2351447860503604
2011,Death rate due to road traffic injuries,England,Yorkshire and The Humber,,,Normal value,Units,E12000003,3.2714270910470304
2012,Death rate due to road traffic injuries,England,Yorkshire and The Humber,,,Normal value,Units,E12000003,2.7083466164569296
2013,Death rate due to road traffic injuries,England,Yorkshire and The Humber,,,Normal value,Units,E12000003,3.091080079581262
2014,Death rate due to road traffic injuries,England,Yorkshire and The Humber,,,Normal value,Units,E12000003,2.9476968506471035
2015,Death rate due to road traffic injuries,England,Yorkshire and The Humber,,,Normal value,Units,E12000003,2.764270266970996
2016,Death rate due to road traffic injuries,England,Yorkshire and The Humber,,,Normal value,Units,E12000003,2.543605320927421
2017,Death rate due to road traffic injuries,England,Yorkshire and The Humber,,,Normal value,Units,E12000003,2.935709790408669
2018,Death rate due to road traffic injuries,England,Yorkshire and The Humber,,,Normal value,Units,E12000003,3.321401229830928
2019,Death rate due to road traffic injuries,England,Yorkshire and The Humber,,,Normal value,Units,E12000003,3.4163388586557035
2020,Death rate due to road traffic injuries,England,Yorkshire and The Humber,,,Normal value,Units,E12000003,2.6599835334352693
2009,Death rate due to road traffic injuries,Wales,,,,Normal value,Units,W92000004,4.146275328477146
2010,Death rate due to road traffic injuries,Wales,,,,Normal value,Units,W92000004,2.9180605323788327
2011,Death rate due to road traffic injuries,Wales,,,,Normal value,Units,W92000004,3.949398092146964
2012,Death rate due to road traffic injuries,Wales,,,,Normal value,Units,W92000004,3.02530816667301
2013,Death rate due to road traffic injuries,Wales,,,,Normal value,Units,W92000004,3.601076040451439
2014,Death rate due to road traffic injuries,Wales,,,,Normal value,Units,W92000004,3.331138447288453
2015,Death rate due to road traffic injuries,Wales,,,,Normal value,Units,W92000004,3.3880957159627063
2016,Death rate due to road traffic injuries,Wales,,,,Normal value,Units,W92000004,3.308546006456483
2017,Death rate due to road traffic injuries,Wales,,,,Normal value,Units,W92000004,3.2958259803882357
2018,Death rate due to road traffic injuries,Wales,,,,Normal value,Units,W92000004,3.281685550165024
2019,Death rate due to road traffic injuries,Wales,,,,Normal value,Units,W92000004,3.108270250777147
2020,Death rate due to road traffic injuries,Wales,,,,Normal value,Units,W92000004,2.2400401819038827
2009,Death rate due to road traffic injuries,Scotland,,,,Normal value,Units,S92000003,4.128519275980046
2010,Death rate due to road traffic injuries,Scotland,,,,Normal value,Units,S92000003,3.952719394929877
2011,Death rate due to road traffic injuries,Scotland,,,,Normal value,Units,S92000003,3.5095001792486653
2012,Death rate due to road traffic injuries,Scotland,,,,Normal value,Units,S92000003,3.1993375489310454
2013,Death rate due to road traffic injuries,Scotland,,,,Normal value,Units,S92000003,3.228410008071025
2014,Death rate due to road traffic injuries,Scotland,,,,Normal value,Units,S92000003,3.739995512005385
2015,Death rate due to road traffic injuries,Scotland,,,,Normal value,Units,S92000003,3.0150753768844223
2016,Death rate due to road traffic injuries,Scotland,,,,Normal value,Units,S92000003,3.5339611819342425
2017,Death rate due to road traffic injuries,Scotland,,,,Normal value,Units,S92000003,2.691343459666716
2018,Death rate due to road traffic injuries,Scotland,,,,Normal value,Units,S92000003,2.942204078630404
2019,Death rate due to road traffic injuries,Scotland,,,,Normal value,Units,S92000003,3.020152654988743
2020,Death rate due to road traffic injuries,Scotland,,,,Normal value,Units,S92000003,2.6161727039882914
2009,Death rate due to road traffic injuries,Northern Ireland,,,,Normal value,Units,N92000002,6.412640597145093
2010,Death rate due to road traffic injuries,Northern Ireland,,,,Normal value,Units,N92000002,3.0473733580890863
2011,Death rate due to road traffic injuries,Northern Ireland,,,,Normal value,Units,N92000002,3.251910635291057
2012,Death rate due to road traffic injuries,Northern Ireland,,,,Normal value,Units,N92000002,2.632107100437917
2013,Death rate due to road traffic injuries,Northern Ireland,,,,Normal value,Units,N92000002,3.1152222328491983
2014,Death rate due to road traffic injuries,Northern Ireland,,,,Normal value,Units,N92000002,4.292316536067956
2015,Death rate due to road traffic injuries,Northern Ireland,,,,Normal value,Units,N92000002,3.996498203466044
2016,Death rate due to road traffic injuries,Northern Ireland,,,,Normal value,Units,N92000002,3.651718428880367
2017,Death rate due to road traffic injuries,Northern Ireland,,,,Normal value,Units,N92000002,3.367482096220188
2018,Death rate due to road traffic injuries,Northern Ireland,,,,Normal value,Units,N92000002,2.922980526040833
2019,Death rate due to road traffic injuries,Northern Ireland,,,,Normal value,Units,N92000002,2.95722531997442
2020,Death rate due to road traffic injuries,Northern Ireland,,,,Normal value,Units,N92000002,2.954350016618219
2015,Death rate due to road traffic injuries (sex by age pre-2018),Great Britain,,,,Normal value,Units,K03000001,2.734814102908336
2015,Death rate due to road traffic injuries (sex by age pre-2018),Great Britain,,,0 to 4,Normal value,Units,K03000001,0.2819228987004892
2015,Death rate due to road traffic injuries (sex by age pre-2018),Great Britain,,,5 to 14,Normal value,Units,K03000001,0.4953893016827274
2015,Death rate due to road traffic injuries (sex by age pre-2018),Great Britain,,,15 to 24,Normal value,Units,K03000001,4.303448191815477
2015,Death rate due to road traffic injuries (sex by age pre-2018),Great Britain,,,25 to 34,Normal value,Units,K03000001,3.3703402131034625
2015,Death rate due to road traffic injuries (sex by age pre-2018),Great Britain,,,35 to 44,Normal value,Units,K03000001,2.4945037971140187
2015,Death rate due to road traffic injuries (sex by age pre-2018),Great Britain,,,45 to 54,Normal value,Units,K03000001,2.909830942179757
2015,Death rate due to road traffic injuries (sex by age pre-2018),Great Britain,,,55 to 64,Normal value,Units,K03000001,2.3188540223421583
2015,Death rate due to road traffic injuries (sex by age pre-2018),Great Britain,,,65 to 74,Normal value,Units,K03000001,2.476877217958558
2015,Death rate due to road traffic injuries (sex by age pre-2018),Great Britain,,,75 to 84,Normal value,Units,K03000001,4.846907549756792
2015,Death rate due to road traffic injuries (sex by age pre-2018),Great Britain,,,85 and over,Normal value,Units,K03000001,6.307044364689409
2016,Death rate due to road traffic injuries (sex by age pre-2018),Great Britain,,,,Normal value,Units,K03000001,2.809397566550623
2016,Death rate due to road traffic injuries (sex by age pre-2018),Great Britain,,,0 to 4,Normal value,Units,K03000001,0.4113591692601577
2016,Death rate due to road traffic injuries (sex by age pre-2018),Great Britain,,,5 to 14,Normal value,Units,K03000001,0.5928575220549736
2016,Death rate due to road traffic injuries (sex by age pre-2018),Great Britain,,,15 to 24,Normal value,Units,K03000001,4.117728024961899
2016,Death rate due to road traffic injuries (sex by age pre-2018),Great Britain,,,25 to 34,Normal value,Units,K03000001,3.4021701924682644
2016,Death rate due to road traffic injuries (sex by age pre-2018),Great Britain,,,35 to 44,Normal value,Units,K03000001,2.859295780098463
2016,Death rate due to road traffic injuries (sex by age pre-2018),Great Britain,,,45 to 54,Normal value,Units,K03000001,2.64746284625171
2016,Death rate due to road traffic injuries (sex by age pre-2018),Great Britain,,,55 to 64,Normal value,Units,K03000001,2.7205404048976223
2016,Death rate due to road traffic injuries (sex by age pre-2018),Great Britain,,,65 to 74,Normal value,Units,K03000001,2.2143059028808594
2016,Death rate due to road traffic injuries (sex by age pre-2018),Great Britain,,,75 to 84,Normal value,Units,K03000001,5.346375580156764
2016,Death rate due to road traffic injuries (sex by age pre-2018),Great Britain,,,85 and over,Normal value,Units,K03000001,7.069117643208542
2017,Death rate due to road traffic injuries (sex by age pre-2018),Great Britain,,,,Normal value,Units,K03000001,2.7941669077603115
2017,Death rate due to road traffic injuries (sex by age pre-2018),Great Britain,,,0 to 4,Normal value,Units,K03000001,0.3126840275787312
2017,Death rate due to road traffic injuries (sex by age pre-2018),Great Britain,,,5 to 14,Normal value,Units,K03000001,0.3946634658582556
2017,Death rate due to road traffic injuries (sex by age pre-2018),Great Britain,,,15 to 24,Normal value,Units,K03000001,3.867593899515223
2017,Death rate due to road traffic injuries (sex by age pre-2018),Great Britain,,,25 to 34,Normal value,Units,K03000001,3.923852929861817
2017,Death rate due to road traffic injuries (sex by age pre-2018),Great Britain,,,35 to 44,Normal value,Units,K03000001,2.665847165500976
2017,Death rate due to road traffic injuries (sex by age pre-2018),Great Britain,,,45 to 54,Normal value,Units,K03000001,2.727707034912312
2017,Death rate due to road traffic injuries (sex by age pre-2018),Great Britain,,,55 to 64,Normal value,Units,K03000001,2.4721107569074343
2017,Death rate due to road traffic injuries (sex by age pre-2018),Great Britain,,,65 to 74,Normal value,Units,K03000001,2.7741416953652664
2017,Death rate due to road traffic injuries (sex by age pre-2018),Great Britain,,,75 to 84,Normal value,Units,K03000001,4.495895677990491
2017,Death rate due to road traffic injuries (sex by age pre-2018),Great Britain,,,85 and over,Normal value,Units,K03000001,7.650524060898172
2018,Death rate due to road traffic injuries (sex by age pre-2018),Great Britain,,,,Normal value,Units,K03000001,2.7635816755883837
2018,Death rate due to road traffic injuries (sex by age pre-2018),Great Britain,,,0 to 4,Normal value,Units,K03000001,0.3428006071262445
2018,Death rate due to road traffic injuries (sex by age pre-2018),Great Britain,,,5 to 14,Normal value,Units,K03000001,0.3226647045210875
2018,Death rate due to road traffic injuries (sex by age pre-2018),Great Britain,,,15 to 24,Normal value,Units,K03000001,3.96120485161025
2018,Death rate due to road traffic injuries (sex by age pre-2018),Great Britain,,,25 to 34,Normal value,Units,K03000001,3.317356638716984
2018,Death rate due to road traffic injuries (sex by age pre-2018),Great Britain,,,35 to 44,Normal value,Units,K03000001,2.7687622094722437
2018,Death rate due to road traffic injuries (sex by age pre-2018),Great Britain,,,45 to 54,Normal value,Units,K03000001,2.578041231173854
2018,Death rate due to road traffic injuries (sex by age pre-2018),Great Britain,,,55 to 64,Normal value,Units,K03000001,2.867270188294408
2018,Death rate due to road traffic injuries (sex by age pre-2018),Great Britain,,,65 to 74,Normal value,Units,K03000001,2.9946100107034157
2018,Death rate due to road traffic injuries (sex by age pre-2018),Great Britain,,,75 to 84,Normal value,Units,K03000001,4.542730816677967
2018,Death rate due to road traffic injuries (sex by age pre-2018),Great Britain,,,85 and over,Normal value,Units,K03000001,7.002925949787748
2015,Death rate due to road traffic injuries (sex by age pre-2018),Great Britain,,Female,,Normal value,Units,K03000001,1.28688110094205
2015,Death rate due to road traffic injuries (sex by age pre-2018),Great Britain,,Female,0 to 4,Normal value,Units,K03000001,0.2628775842180916
2015,Death rate due to road traffic injuries (sex by age pre-2018),Great Britain,,Female,5 to 14,Normal value,Units,K03000001,0.3664133153471371
2015,Death rate due to road traffic injuries (sex by age pre-2018),Great Britain,,Female,15 to 24,Normal value,Units,K03000001,1.4289284751150806
2015,Death rate due to road traffic injuries (sex by age pre-2018),Great Britain,,Female,25 to 34,Normal value,Units,K03000001,1.1192161010428296
2015,Death rate due to road traffic injuries (sex by age pre-2018),Great Britain,,Female,35 to 44,Normal value,Units,K03000001,0.8543411760225975
2015,Death rate due to road traffic injuries (sex by age pre-2018),Great Britain,,Female,45 to 54,Normal value,Units,K03000001,1.059842692848314
2015,Death rate due to road traffic injuries (sex by age pre-2018),Great Britain,,Female,55 to 64,Normal value,Units,K03000001,1.0590228748940975
2015,Death rate due to road traffic injuries (sex by age pre-2018),Great Britain,,Female,65 to 74,Normal value,Units,K03000001,1.6231967298828958
2015,Death rate due to road traffic injuries (sex by age pre-2018),Great Britain,,Female,75 to 84,Normal value,Units,K03000001,3.610751135160802
2015,Death rate due to road traffic injuries (sex by age pre-2018),Great Britain,,Female,85 and over,Normal value,Units,K03000001,4.630687255731248
2016,Death rate due to road traffic injuries (sex by age pre-2018),Great Britain,,Female,,Normal value,Units,K03000001,1.4540524379571294
2016,Death rate due to road traffic injuries (sex by age pre-2018),Great Britain,,Female,0 to 4,Normal value,Units,K03000001,0.5802636507023827
2016,Death rate due to road traffic injuries (sex by age pre-2018),Great Britain,,Female,5 to 14,Normal value,Units,K03000001,0.3313472745858297
2016,Death rate due to road traffic injuries (sex by age pre-2018),Great Britain,,Female,15 to 24,Normal value,Units,K03000001,1.762467285845099
2016,Death rate due to road traffic injuries (sex by age pre-2018),Great Britain,,Female,25 to 34,Normal value,Units,K03000001,1.2964892691203806
2016,Death rate due to road traffic injuries (sex by age pre-2018),Great Britain,,Female,35 to 44,Normal value,Units,K03000001,1.2005537247791838
2016,Death rate due to road traffic injuries (sex by age pre-2018),Great Britain,,Female,45 to 54,Normal value,Units,K03000001,0.9212261695788746
2016,Death rate due to road traffic injuries (sex by age pre-2018),Great Britain,,Female,55 to 64,Normal value,Units,K03000001,1.2516527808662237
2016,Death rate due to road traffic injuries (sex by age pre-2018),Great Britain,,Female,65 to 74,Normal value,Units,K03000001,1.2508206603844962
2016,Death rate due to road traffic injuries (sex by age pre-2018),Great Britain,,Female,75 to 84,Normal value,Units,K03000001,4.100401542936639
2016,Death rate due to road traffic injuries (sex by age pre-2018),Great Britain,,Female,85 and over,Normal value,Units,K03000001,6.277362211899449
2017,Death rate due to road traffic injuries (sex by age pre-2018),Great Britain,,Female,,Normal value,Units,K03000001,1.3965860914421817
2017,Death rate due to road traffic injuries (sex by age pre-2018),Great Britain,,Female,0 to 4,Normal value,Units,K03000001,0.3743757952143007
2017,Death rate due to road traffic injuries (sex by age pre-2018),Great Britain,,Female,5 to 14,Normal value,Units,K03000001,0.3235703180318727
2017,Death rate due to road traffic injuries (sex by age pre-2018),Great Britain,,Female,15 to 24,Normal value,Units,K03000001,1.5779936746524736
2017,Death rate due to road traffic injuries (sex by age pre-2018),Great Britain,,Female,25 to 34,Normal value,Units,K03000001,1.2899519423796897
2017,Death rate due to road traffic injuries (sex by age pre-2018),Great Britain,,Female,35 to 44,Normal value,Units,K03000001,1.0787483870872836
2017,Death rate due to road traffic injuries (sex by age pre-2018),Great Britain,,Female,45 to 54,Normal value,Units,K03000001,0.9876348121518588
2017,Death rate due to road traffic injuries (sex by age pre-2018),Great Britain,,Female,55 to 64,Normal value,Units,K03000001,1.1963529959149746
2017,Death rate due to road traffic injuries (sex by age pre-2018),Great Britain,,Female,65 to 74,Normal value,Units,K03000001,1.9534918667117471
2017,Death rate due to road traffic injuries (sex by age pre-2018),Great Britain,,Female,75 to 84,Normal value,Units,K03000001,3.178432817465537
2017,Death rate due to road traffic injuries (sex by age pre-2018),Great Britain,,Female,85 and over,Normal value,Units,K03000001,5.518204556832992
2018,Death rate due to road traffic injuries (sex by age pre-2018),Great Britain,,Female,,Normal value,Units,K03000001,1.4102212037495243
2018,Death rate due to road traffic injuries (sex by age pre-2018),Great Britain,,Female,0 to 4,Normal value,Units,K03000001,0.2706819995387579
2018,Death rate due to road traffic injuries (sex by age pre-2018),Great Britain,,Female,5 to 14,Normal value,Units,K03000001,0.3174400785558381
2018,Death rate due to road traffic injuries (sex by age pre-2018),Great Britain,,Female,15 to 24,Normal value,Units,K03000001,1.618374811830212
2018,Death rate due to road traffic injuries (sex by age pre-2018),Great Britain,,Female,25 to 34,Normal value,Units,K03000001,1.0348050944604583
2018,Death rate due to road traffic injuries (sex by age pre-2018),Great Britain,,Female,35 to 44,Normal value,Units,K03000001,0.8550023500350307
2018,Death rate due to road traffic injuries (sex by age pre-2018),Great Britain,,Female,45 to 54,Normal value,Units,K03000001,0.9943613084734167
2018,Death rate due to road traffic injuries (sex by age pre-2018),Great Britain,,Female,55 to 64,Normal value,Units,K03000001,1.4979242324534678
2018,Death rate due to road traffic injuries (sex by age pre-2018),Great Britain,,Female,65 to 74,Normal value,Units,K03000001,2.2324425093963502
2018,Death rate due to road traffic injuries (sex by age pre-2018),Great Britain,,Female,75 to 84,Normal value,Units,K03000001,3.7789604701600847
2018,Death rate due to road traffic injuries (sex by age pre-2018),Great Britain,,Female,85 and over,Normal value,Units,K03000001,4.606988802012653
2015,Death rate due to road traffic injuries (sex by age pre-2018),Great Britain,,Male,,Normal value,Units,K03000001,4.2258515844986135
2015,Death rate due to road traffic injuries (sex by age pre-2018),Great Britain,,Male,0 to 4,Normal value,Units,K03000001,0.300037504688086
2015,Death rate due to road traffic injuries (sex by age pre-2018),Great Britain,,Male,5 to 14,Normal value,Units,K03000001,0.6184281921515546
2015,Death rate due to road traffic injuries (sex by age pre-2018),Great Britain,,Male,15 to 24,Normal value,Units,K03000001,7.050004890320293
2015,Death rate due to road traffic injuries (sex by age pre-2018),Great Britain,,Male,25 to 34,Normal value,Units,K03000001,5.622845645187708
2015,Death rate due to road traffic injuries (sex by age pre-2018),Great Britain,,Male,35 to 44,Normal value,Units,K03000001,4.157214982701779
2015,Death rate due to road traffic injuries (sex by age pre-2018),Great Britain,,Male,45 to 54,Normal value,Units,K03000001,4.811344241921651
2015,Death rate due to road traffic injuries (sex by age pre-2018),Great Britain,,Male,55 to 64,Normal value,Units,K03000001,3.621237632350621
2015,Death rate due to road traffic injuries (sex by age pre-2018),Great Britain,,Male,65 to 74,Normal value,Units,K03000001,3.3965814920610797
2015,Death rate due to road traffic injuries (sex by age pre-2018),Great Britain,,Male,75 to 84,Normal value,Units,K03000001,6.380082364409446
2015,Death rate due to road traffic injuries (sex by age pre-2018),Great Britain,,Male,85 and over,Normal value,Units,K03000001,9.448169079806178
2016,Death rate due to road traffic injuries (sex by age pre-2018),Great Britain,,Male,,Normal value,Units,K03000001,4.20183278097667
2016,Death rate due to road traffic injuries (sex by age pre-2018),Great Britain,,Male,0 to 4,Normal value,Units,K03000001,0.2507704923377076
2016,Death rate due to road traffic injuries (sex by age pre-2018),Great Britain,,Male,5 to 14,Normal value,Units,K03000001,0.8420822166972272
2016,Death rate due to road traffic injuries (sex by age pre-2018),Great Britain,,Male,15 to 24,Normal value,Units,K03000001,6.359424667357023
2016,Death rate due to road traffic injuries (sex by age pre-2018),Great Britain,,Male,25 to 34,Normal value,Units,K03000001,5.492259246586125
2016,Death rate due to road traffic injuries (sex by age pre-2018),Great Britain,,Male,35 to 44,Normal value,Units,K03000001,4.538199738321947
2016,Death rate due to road traffic injuries (sex by age pre-2018),Great Britain,,Male,45 to 54,Normal value,Units,K03000001,4.423782071855763
2016,Death rate due to road traffic injuries (sex by age pre-2018),Great Britain,,Male,55 to 64,Normal value,Units,K03000001,4.238684158303293
2016,Death rate due to road traffic injuries (sex by age pre-2018),Great Britain,,Male,65 to 74,Normal value,Units,K03000001,3.251578575710051
2016,Death rate due to road traffic injuries (sex by age pre-2018),Great Britain,,Male,75 to 84,Normal value,Units,K03000001,6.882509472586599
2016,Death rate due to road traffic injuries (sex by age pre-2018),Great Britain,,Male,85 and over,Normal value,Units,K03000001,8.517004384405736
2017,Death rate due to road traffic injuries (sex by age pre-2018),Great Britain,,Male,,Normal value,Units,K03000001,4.229103986150016
2017,Death rate due to road traffic injuries (sex by age pre-2018),Great Britain,,Male,0 to 4,Normal value,Units,K03000001,0.2540700755756847
2017,Death rate due to road traffic injuries (sex by age pre-2018),Great Britain,,Male,5 to 14,Normal value,Units,K03000001,0.4623931775427964
2017,Death rate due to road traffic injuries (sex by age pre-2018),Great Britain,,Male,15 to 24,Normal value,Units,K03000001,6.040198280929115
2017,Death rate due to road traffic injuries (sex by age pre-2018),Great Britain,,Male,25 to 34,Normal value,Units,K03000001,6.537627015120663
2017,Death rate due to road traffic injuries (sex by age pre-2018),Great Britain,,Male,35 to 44,Normal value,Units,K03000001,4.27468425119337
2017,Death rate due to road traffic injuries (sex by age pre-2018),Great Britain,,Male,45 to 54,Normal value,Units,K03000001,4.519199026202994
2017,Death rate due to road traffic injuries (sex by age pre-2018),Great Britain,,Male,55 to 64,Normal value,Units,K03000001,3.790967656593178
2017,Death rate due to road traffic injuries (sex by age pre-2018),Great Britain,,Male,65 to 74,Normal value,Units,K03000001,3.6581133717316536
2017,Death rate due to road traffic injuries (sex by age pre-2018),Great Britain,,Male,75 to 84,Normal value,Units,K03000001,6.109738083914257
2017,Death rate due to road traffic injuries (sex by age pre-2018),Great Britain,,Male,85 and over,Normal value,Units,K03000001,11.454179701761795
2018,Death rate due to road traffic injuries (sex by age pre-2018),Great Britain,,Male,,Normal value,Units,K03000001,4.152020829022042
2018,Death rate due to road traffic injuries (sex by age pre-2018),Great Britain,,Male,0 to 4,Normal value,Units,K03000001,0.4112886392823836
2018,Death rate due to road traffic injuries (sex by age pre-2018),Great Britain,,Male,5 to 14,Normal value,Units,K03000001,0.3276424362483429
2018,Death rate due to road traffic injuries (sex by age pre-2018),Great Britain,,Male,15 to 24,Normal value,Units,K03000001,6.178954786392001
2018,Death rate due to road traffic injuries (sex by age pre-2018),Great Britain,,Male,25 to 34,Normal value,Units,K03000001,5.576730692846192
2018,Death rate due to road traffic injuries (sex by age pre-2018),Great Britain,,Male,35 to 44,Normal value,Units,K03000001,4.71134459543064
2018,Death rate due to road traffic injuries (sex by age pre-2018),Great Britain,,Male,45 to 54,Normal value,Units,K03000001,4.208386563736355
2018,Death rate due to road traffic injuries (sex by age pre-2018),Great Britain,,Male,55 to 64,Normal value,Units,K03000001,4.285220039476604
2018,Death rate due to road traffic injuries (sex by age pre-2018),Great Britain,,Male,65 to 74,Normal value,Units,K03000001,3.81562269840196
2018,Death rate due to road traffic injuries (sex by age pre-2018),Great Britain,,Male,75 to 84,Normal value,Units,K03000001,5.472242921013414
2018,Death rate due to road traffic injuries (sex by age pre-2018),Great Britain,,Male,85 and over,Normal value,Units,K03000001,11.18316095539142
