Year,COMMENT_OBS,SERIES,Value
2017,"Percentage of bloodstream infection due to Escherichia coli resistant to 3rd-generation cephalosporin (e.g., ESBL- E. coli) among patients seeking care and whose blood sample is taken and tested.",SH_BLD_ECOLI,10.26
2018,"Percentage of bloodstream infection due to Escherichia coli resistant to 3rd-generation cephalosporin (e.g., ESBL- E. coli) among patients seeking care and whose blood sample is taken and tested.",SH_BLD_ECOLI,10.97
2019,"Percentage of bloodstream infection due to Escherichia coli resistant to 3rd-generation cephalosporin (e.g., ESBL- E. coli) among patients seeking care and whose blood sample is taken and tested.",SH_BLD_ECOLI,11.27
2017,Percentage of bloodstream infection due to methicillin-resistant Staphylococcus aureus (MRSA) among patients seeking care and whose blood sample is taken and tested.,SH_BLD_MRSA,6.92
2018,Percentage of bloodstream infection due to methicillin-resistant Staphylococcus aureus (MRSA) among patients seeking care and whose blood sample is taken and tested.,SH_BLD_MRSA,7.29
2019,Percentage of bloodstream infection due to methicillin-resistant Staphylococcus aureus (MRSA) among patients seeking care and whose blood sample is taken and tested.,SH_BLD_MRSA,10.4
