Year,SDG Series,COMMENT_OBS,Observation-level footnotes,Value
2019,"Extent to which countries have laws and regulations that guarantee full and equal access to women and men aged 15 years and older to sexual and reproductive health care, information and education [5.6.2]",,,92
2019,"(S.1.C.1) Extent to which countries have laws and regulations that guarantee full and equal access to women and men aged 15 years and older to sexual and reproductive health care, information and education: Component 1: Maternity Care [5.6.2]",,,100
2019,"(S.4.C.10) Extent to which countries have laws and regulations that guarantee full and equal access to women and men aged 15 years and older to sexual and reproductive health care, information and education: Component 10: HIV Counselling and Test Services [5.6.2]",,,100
2019,"(S.4.C.11) Extent to which countries have laws and regulations that guarantee full and equal access to women and men aged 15 years and older to sexual and reproductive health care, information and education: Component 11: HIV Treatment and Care Services [5.6.2]",,,100
2019,"(S.4.C.12) Extent to which countries have laws and regulations that guarantee full and equal access to women and men aged 15 years and older to sexual and reproductive health care, information and education: Component 12: HIV Confidentiality [5.6.2]",,,100
2019,"(S.4.C.13) Extent to which countries have laws and regulations that guarantee full and equal access to women and men aged 15 years and older to sexual and reproductive health care, information and education: Component 13: HPV Vaccine [5.6.2]",,,100
2019,"(S.1.C.2) Extent to which countries have laws and regulations that guarantee full and equal access to women and men aged 15 years and older to sexual and reproductive health care, information and education: Component 2: Life Saving Commodities [5.6.2]",,,100
2019,"(S.1.C.3) Extent to which countries have laws and regulations that guarantee full and equal access to women and men aged 15 years and older to sexual and reproductive health care, information and education: Component 3: Abortion [5.6.2]",Obs_Value = 0;  ,Obs_Value = 0;  ,0
2019,"(S.1.C.4) Extent to which countries have laws and regulations that guarantee full and equal access to women and men aged 15 years and older to sexual and reproductive health care, information and education: Component 4: Post-Abortion Care [5.6.2]",,,100
2019,"(S.2.C.5) Extent to which countries have laws and regulations that guarantee full and equal access to women and men aged 15 years and older to sexual and reproductive health care, information and education: Component 5: Contraceptive Services [5.6.2]",,,100
2019,"(S.2.C.6) Extent to which countries have laws and regulations that guarantee full and equal access to women and men aged 15 years and older to sexual and reproductive health care, information and education: Component 6: Contraceptive Consent [5.6.2]",,,100
2019,"(S.2.C.7) Extent to which countries have laws and regulations that guarantee full and equal access to women and men aged 15 years and older to sexual and reproductive health care, information and education: Component 7: Emergency Contraception [5.6.2]",,,100
2019,"(S.3.C.8) Extent to which countries have laws and regulations that guarantee full and equal access to women and men aged 15 years and older to sexual and reproductive health care, information and education: Component 8: Sexuality Education Curriculum Laws [5.6.2]",,,100
2019,"(S.3.C.9) Extent to which countries have laws and regulations that guarantee full and equal access to women and men aged 15 years and older to sexual and reproductive health care, information and education: Component 9: Sexuality Education Curriculum Topi [5.6.2]",,,100
2019,"(S.1) Extent to which countries have laws and regulations that guarantee full and equal access to women and men aged 15 years and older to sexual and reproductive health care, information and education: Section 1: Maternity Care [5.6.2]",,,75
2019,"(S.2) Extent to which countries have laws and regulations that guarantee full and equal access to women and men aged 15 years and older to sexual and reproductive health care, information and education: Section 2: Contraceptive and Family Planning [5.6.2]",,,100
2019,"(S.3) Extent to which countries have laws and regulations that guarantee full and equal access to women and men aged 15 years and older to sexual and reproductive health care, information and education: Section 3: Sexuality Education [5.6.2]",,,100
2019,"(S.4) Extent to which countries have laws and regulations that guarantee full and equal access to women and men aged 15 years and older to sexual and reproductive health care, information and education: Section 4: HIV and HPV [5.6.2]",,,100
