Year,SERIES,COMPOSITE_BREAKDOWN,UNIT_MEASURE,Value
2006,EN_LKRV_PWAC,,PT,-14.41305
2007,EN_LKRV_PWAC,,PT,-20.2395
2008,EN_LKRV_PWAC,,PT,-30.82618
2009,EN_LKRV_PWAC,,PT,-41.54095
2010,EN_LKRV_PWAC,,PT,-34.74241
2011,EN_LKRV_PWAC,,PT,-22.68663
2012,EN_LKRV_PWAC,,PT,-16.11993
2013,EN_LKRV_PWAC,,PT,-8.45769
2014,EN_LKRV_PWAC,,PT,2.96089
2015,EN_LKRV_PWAC,,PT,3.53803
2016,EN_LKRV_PWAC,,PT,6.7615
2017,EN_LKRV_PWAC,,PT,6.6955
2018,EN_LKRV_PWAC,,PT,9.59632
2019,EN_LKRV_PWAC,,PT,9.21681
2020,EN_LKRV_PWAC,,PT,8.72763
2000,EN_LKRV_PWAN,,KM2,764.73
2001,EN_LKRV_PWAN,,KM2,1121.362
2002,EN_LKRV_PWAN,,KM2,1476.748
2003,EN_LKRV_PWAN,,KM2,1713.728
2004,EN_LKRV_PWAN,,KM2,1726.706
2005,EN_LKRV_PWAN,,KM2,1684.834
2006,EN_LKRV_PWAN,,KM2,1441.998
2007,EN_LKRV_PWAN,,KM2,1343.832
2008,EN_LKRV_PWAN,,KM2,1165.464
2009,EN_LKRV_PWAN,,KM2,984.938
2010,EN_LKRV_PWAN,,KM2,1099.482
2011,EN_LKRV_PWAN,,KM2,1302.602
2012,EN_LKRV_PWAN,,KM2,1413.24
2013,EN_LKRV_PWAN,,KM2,1542.336
2014,EN_LKRV_PWAN,,KM2,1734.72
2015,EN_LKRV_PWAN,,KM2,1744.444
2016,EN_LKRV_PWAN,,KM2,1798.754
2017,EN_LKRV_PWAN,,KM2,1797.642
2018,EN_LKRV_PWAN,,KM2,1846.516
2019,EN_LKRV_PWAN,,KM2,1840.122
2020,EN_LKRV_PWAN,,KM2,1831.88
2000,EN_LKRV_PWAP,,PT,0.00316
2001,EN_LKRV_PWAP,,PT,0.00464
2002,EN_LKRV_PWAP,,PT,0.0061
2003,EN_LKRV_PWAP,,PT,0.00708
2004,EN_LKRV_PWAP,,PT,0.00714
2005,EN_LKRV_PWAP,,PT,0.00696
2006,EN_LKRV_PWAP,,PT,0.00596
2007,EN_LKRV_PWAP,,PT,0.00555
2008,EN_LKRV_PWAP,,PT,0.00482
2009,EN_LKRV_PWAP,,PT,0.00407
2010,EN_LKRV_PWAP,,PT,0.00454
2011,EN_LKRV_PWAP,,PT,0.00538
2012,EN_LKRV_PWAP,,PT,0.00584
2013,EN_LKRV_PWAP,,PT,0.00638
2014,EN_LKRV_PWAP,,PT,0.00717
2015,EN_LKRV_PWAP,,PT,0.00721
2016,EN_LKRV_PWAP,,PT,0.00744
2017,EN_LKRV_PWAP,,PT,0.00743
2018,EN_LKRV_PWAP,,PT,0.00763
2019,EN_LKRV_PWAP,,PT,0.00761
2020,EN_LKRV_PWAP,,PT,0.00757
2006,EN_LKRV_SWAC,,PT,-20.50058
2007,EN_LKRV_SWAC,,PT,-30.68101
2008,EN_LKRV_SWAC,,PT,-46.09193
2009,EN_LKRV_SWAC,,PT,-65.33827
2010,EN_LKRV_SWAC,,PT,-56.95537
2011,EN_LKRV_SWAC,,PT,-50.83281
2012,EN_LKRV_SWAC,,PT,-34.04802
2013,EN_LKRV_SWAC,,PT,-28.55035
2014,EN_LKRV_SWAC,,PT,-2.50291
2015,EN_LKRV_SWAC,,PT,16.53662
2016,EN_LKRV_SWAC,,PT,39.57253
2017,EN_LKRV_SWAC,,PT,59.67627
2018,EN_LKRV_SWAC,,PT,91.40024
2019,EN_LKRV_SWAC,,PT,107.29185
2020,EN_LKRV_SWAC,,PT,114.3646
2000,EN_LKRV_SWAN,,KM2,55.862
2001,EN_LKRV_SWAN,,KM2,104.136
2002,EN_LKRV_SWAN,,KM2,138.8
2003,EN_LKRV_SWAN,,KM2,169.97
2004,EN_LKRV_SWAN,,KM2,175.778
2005,EN_LKRV_SWAN,,KM2,178.912
2006,EN_LKRV_SWAN,,KM2,142.234
2007,EN_LKRV_SWAN,,KM2,124.02
2008,EN_LKRV_SWAN,,KM2,96.448
2009,EN_LKRV_SWAN,,KM2,62.014
2010,EN_LKRV_SWAN,,KM2,77.012
2011,EN_LKRV_SWAN,,KM2,87.966
2012,EN_LKRV_SWAN,,KM2,117.996
2013,EN_LKRV_SWAN,,KM2,127.832
2014,EN_LKRV_SWAN,,KM2,174.434
2015,EN_LKRV_SWAN,,KM2,208.498
2016,EN_LKRV_SWAN,,KM2,249.712
2017,EN_LKRV_SWAN,,KM2,285.68
2018,EN_LKRV_SWAN,,KM2,342.438
2019,EN_LKRV_SWAN,,KM2,370.87
2020,EN_LKRV_SWAN,,KM2,383.524
2000,EN_LKRV_SWAP,,PT,0.00023
2001,EN_LKRV_SWAP,,PT,0.00043
2002,EN_LKRV_SWAP,,PT,0.00057
2003,EN_LKRV_SWAP,,PT,0.0007
2004,EN_LKRV_SWAP,,PT,0.00073
2005,EN_LKRV_SWAP,,PT,0.00074
2006,EN_LKRV_SWAP,,PT,0.00059
2007,EN_LKRV_SWAP,,PT,0.00051
2008,EN_LKRV_SWAP,,PT,0.0004
2009,EN_LKRV_SWAP,,PT,0.00026
2010,EN_LKRV_SWAP,,PT,0.00032
2011,EN_LKRV_SWAP,,PT,0.00036
2012,EN_LKRV_SWAP,,PT,0.00049
2013,EN_LKRV_SWAP,,PT,0.00053
2014,EN_LKRV_SWAP,,PT,0.00072
2015,EN_LKRV_SWAP,,PT,0.00086
2016,EN_LKRV_SWAP,,PT,0.00103
2017,EN_LKRV_SWAP,,PT,0.00118
2018,EN_LKRV_SWAP,,PT,0.00142
2019,EN_LKRV_SWAP,,PT,0.00153
2020,EN_LKRV_SWAP,,PT,0.00159
2017,EN_LKW_QLTRB,DL_EXTREME,PT,23.30167
2018,EN_LKW_QLTRB,DL_EXTREME,PT,22.62583
2019,EN_LKW_QLTRB,DL_EXTREME,PT,30.71917
2017,EN_LKW_QLTRB,DL_HIGH,PT,14.10417
2018,EN_LKW_QLTRB,DL_HIGH,PT,12.18083
2019,EN_LKW_QLTRB,DL_HIGH,PT,12.38083
2017,EN_LKW_QLTRB,DL_LOW,PT,52.3375
2018,EN_LKW_QLTRB,DL_LOW,PT,53.705
2019,EN_LKW_QLTRB,DL_LOW,PT,45.79167
2017,EN_LKW_QLTRB,DL_MEDIUM,PT,10.255
2018,EN_LKW_QLTRB,DL_MEDIUM,PT,11.48833
2019,EN_LKW_QLTRB,DL_MEDIUM,PT,11.10583
2017,EN_LKW_QLTRST,DL_EXTREME,PT,9.6775
2018,EN_LKW_QLTRST,DL_EXTREME,PT,10.0525
2019,EN_LKW_QLTRST,DL_EXTREME,PT,5.16667
2017,EN_LKW_QLTRST,DL_HIGH,PT,8.82417
2018,EN_LKW_QLTRST,DL_HIGH,PT,10.04
2019,EN_LKW_QLTRST,DL_HIGH,PT,11.895
2017,EN_LKW_QLTRST,DL_LOW,PT,67.8275
2018,EN_LKW_QLTRST,DL_LOW,PT,67.48917
2019,EN_LKW_QLTRST,DL_LOW,PT,71.935
2017,EN_LKW_QLTRST,DL_MEDIUM,PT,12.62417
2018,EN_LKW_QLTRST,DL_MEDIUM,PT,12.26583
2019,EN_LKW_QLTRST,DL_MEDIUM,PT,10.57333
2000,EN_RSRV_MNWAN,,KM2,136.084
2001,EN_RSRV_MNWAN,,KM2,204.286
2002,EN_RSRV_MNWAN,,KM2,268.542
2003,EN_RSRV_MNWAN,,KM2,316.122
2004,EN_RSRV_MNWAN,,KM2,324.186
2005,EN_RSRV_MNWAN,,KM2,314.058
2006,EN_RSRV_MNWAN,,KM2,261.054
2007,EN_RSRV_MNWAN,,KM2,230.032
2008,EN_RSRV_MNWAN,,KM2,188.582
2009,EN_RSRV_MNWAN,,KM2,144.872
2010,EN_RSRV_MNWAN,,KM2,164.954
2011,EN_RSRV_MNWAN,,KM2,202.812
2012,EN_RSRV_MNWAN,,KM2,238.128
2013,EN_RSRV_MNWAN,,KM2,273.34
2014,EN_RSRV_MNWAN,,KM2,317.384
2015,EN_RSRV_MNWAN,,KM2,318.64
2016,EN_RSRV_MNWAN,,KM2,334.084
2017,EN_RSRV_MNWAN,,KM2,333.596
2018,EN_RSRV_MNWAN,,KM2,338.928
2019,EN_RSRV_MNWAN,,KM2,337.216
2020,EN_RSRV_MNWAN,,KM2,334.984
2000,EN_RSRV_MNWAP,,PT,0.00056
2001,EN_RSRV_MNWAP,,PT,0.00084
2002,EN_RSRV_MNWAP,,PT,0.00111
2003,EN_RSRV_MNWAP,,PT,0.00131
2004,EN_RSRV_MNWAP,,PT,0.00134
2005,EN_RSRV_MNWAP,,PT,0.0013
2006,EN_RSRV_MNWAP,,PT,0.00108
2007,EN_RSRV_MNWAP,,PT,0.00095
2008,EN_RSRV_MNWAP,,PT,0.00078
2009,EN_RSRV_MNWAP,,PT,0.0006
2010,EN_RSRV_MNWAP,,PT,0.00068
2011,EN_RSRV_MNWAP,,PT,0.00084
2012,EN_RSRV_MNWAP,,PT,0.00098
2013,EN_RSRV_MNWAP,,PT,0.00113
2014,EN_RSRV_MNWAP,,PT,0.00131
2015,EN_RSRV_MNWAP,,PT,0.00132
2016,EN_RSRV_MNWAP,,PT,0.00138
2017,EN_RSRV_MNWAP,,PT,0.00138
2018,EN_RSRV_MNWAP,,PT,0.0014
2019,EN_RSRV_MNWAP,,PT,0.00139
2020,EN_RSRV_MNWAP,,PT,0.00138
2000,EN_RSRV_MXWAN,,KM2,140.704
2001,EN_RSRV_MXWAN,,KM2,215.076
2002,EN_RSRV_MXWAN,,KM2,282.368
2003,EN_RSRV_MXWAN,,KM2,333.786
2004,EN_RSRV_MXWAN,,KM2,343.248
2005,EN_RSRV_MXWAN,,KM2,333.984
2006,EN_RSRV_MXWAN,,KM2,275.66
2007,EN_RSRV_MXWAN,,KM2,242.488
2008,EN_RSRV_MXWAN,,KM2,197.688
2009,EN_RSRV_MXWAN,,KM2,150.018
2010,EN_RSRV_MXWAN,,KM2,171.93
2011,EN_RSRV_MXWAN,,KM2,210.978
2012,EN_RSRV_MXWAN,,KM2,249.842
2013,EN_RSRV_MXWAN,,KM2,286.396
2014,EN_RSRV_MXWAN,,KM2,335.744
2015,EN_RSRV_MXWAN,,KM2,339.88
2016,EN_RSRV_MXWAN,,KM2,359.926
2017,EN_RSRV_MXWAN,,KM2,361.948
2018,EN_RSRV_MXWAN,,KM2,371.478
2019,EN_RSRV_MXWAN,,KM2,371.436
2020,EN_RSRV_MXWAN,,KM2,369.616
2000,EN_RSRV_MXWAP,,PT,0.00058
2001,EN_RSRV_MXWAP,,PT,0.00089
2002,EN_RSRV_MXWAP,,PT,0.00117
2003,EN_RSRV_MXWAP,,PT,0.00138
2004,EN_RSRV_MXWAP,,PT,0.00142
2005,EN_RSRV_MXWAP,,PT,0.00138
2006,EN_RSRV_MXWAP,,PT,0.00114
2007,EN_RSRV_MXWAP,,PT,0.001
2008,EN_RSRV_MXWAP,,PT,0.00082
2009,EN_RSRV_MXWAP,,PT,0.00062
2010,EN_RSRV_MXWAP,,PT,0.00071
2011,EN_RSRV_MXWAP,,PT,0.00087
2012,EN_RSRV_MXWAP,,PT,0.00103
2013,EN_RSRV_MXWAP,,PT,0.00118
2014,EN_RSRV_MXWAP,,PT,0.00139
2015,EN_RSRV_MXWAP,,PT,0.0014
2016,EN_RSRV_MXWAP,,PT,0.00149
2017,EN_RSRV_MXWAP,,PT,0.0015
2018,EN_RSRV_MXWAP,,PT,0.00154
2019,EN_RSRV_MXWAP,,PT,0.00154
2020,EN_RSRV_MXWAP,,PT,0.00153
2017,EN_WBE_WTLN,,KM2,13632.39
2017,EN_WBE_WTLP,,PT,5.58
