Year,SERIES,UNIT_MEASURE,PRODUCT,OBS_STATUS,UNIT_MULT,REPORTING_TYPE,BASE_PER,Value
2000,"Domestic material consumption [8.4.2,12.2.2]",Metric Tons,Biomass (material flows),Normal value,Millions,National,,175.263
2001,"Domestic material consumption [8.4.2,12.2.2]",Metric Tons,Biomass (material flows),Normal value,Millions,National,,168.8858
2002,"Domestic material consumption [8.4.2,12.2.2]",Metric Tons,Biomass (material flows),Normal value,Millions,National,,175.2724
2003,"Domestic material consumption [8.4.2,12.2.2]",Metric Tons,Biomass (material flows),Normal value,Millions,National,,170.6334
2004,"Domestic material consumption [8.4.2,12.2.2]",Metric Tons,Biomass (material flows),Normal value,Millions,National,,173.8599
2005,"Domestic material consumption [8.4.2,12.2.2]",Metric Tons,Biomass (material flows),Normal value,Millions,National,,172.3503
2006,"Domestic material consumption [8.4.2,12.2.2]",Metric Tons,Biomass (material flows),Normal value,Millions,National,,167.6477
2007,"Domestic material consumption [8.4.2,12.2.2]",Metric Tons,Biomass (material flows),Normal value,Millions,National,,161.9506
2008,"Domestic material consumption [8.4.2,12.2.2]",Metric Tons,Biomass (material flows),Normal value,Millions,National,,169.1748
2009,"Domestic material consumption [8.4.2,12.2.2]",Metric Tons,Biomass (material flows),Normal value,Millions,National,,163.6012
2010,"Domestic material consumption [8.4.2,12.2.2]",Metric Tons,Biomass (material flows),Normal value,Millions,National,,160.5682
2011,"Domestic material consumption [8.4.2,12.2.2]",Metric Tons,Biomass (material flows),Normal value,Millions,National,,165.0108
2012,"Domestic material consumption [8.4.2,12.2.2]",Metric Tons,Biomass (material flows),Normal value,Millions,National,,159.181
2013,"Domestic material consumption [8.4.2,12.2.2]",Metric Tons,Biomass (material flows),Normal value,Millions,National,,169.7742
2014,"Domestic material consumption [8.4.2,12.2.2]",Metric Tons,Biomass (material flows),Normal value,Millions,National,,181.0601
2015,"Domestic material consumption [8.4.2,12.2.2]",Metric Tons,Biomass (material flows),Normal value,Millions,National,,174.7963
2016,"Domestic material consumption [8.4.2,12.2.2]",Metric Tons,Biomass (material flows),Normal value,Millions,National,,168.4492
2017,"Domestic material consumption [8.4.2,12.2.2]",Metric Tons,Biomass (material flows),Normal value,Millions,National,,182.6595
2018,"Domestic material consumption [8.4.2,12.2.2]",Metric Tons,Biomass (material flows),Normal value,Millions,National,,174.6735
2019,"Domestic material consumption [8.4.2,12.2.2]",Metric Tons,Biomass (material flows),Normal value,Millions,National,,184.0556
2000,"Domestic material consumption [8.4.2,12.2.2]",Metric Tons,Fossil fuels (material flows),Normal value,Millions,National,,240.5836
2001,"Domestic material consumption [8.4.2,12.2.2]",Metric Tons,Fossil fuels (material flows),Normal value,Millions,National,,242.2288
2002,"Domestic material consumption [8.4.2,12.2.2]",Metric Tons,Fossil fuels (material flows),Normal value,Millions,National,,231.5085
2003,"Domestic material consumption [8.4.2,12.2.2]",Metric Tons,Fossil fuels (material flows),Normal value,Millions,National,,244.3185
2004,"Domestic material consumption [8.4.2,12.2.2]",Metric Tons,Fossil fuels (material flows),Normal value,Millions,National,,254.1608
2005,"Domestic material consumption [8.4.2,12.2.2]",Metric Tons,Fossil fuels (material flows),Normal value,Millions,National,,250.8326
2006,"Domestic material consumption [8.4.2,12.2.2]",Metric Tons,Fossil fuels (material flows),Normal value,Millions,National,,245.6999
2007,"Domestic material consumption [8.4.2,12.2.2]",Metric Tons,Fossil fuels (material flows),Normal value,Millions,National,,239.3964
2008,"Domestic material consumption [8.4.2,12.2.2]",Metric Tons,Fossil fuels (material flows),Normal value,Millions,National,,226.3078
2009,"Domestic material consumption [8.4.2,12.2.2]",Metric Tons,Fossil fuels (material flows),Normal value,Millions,National,,208.7325
2010,"Domestic material consumption [8.4.2,12.2.2]",Metric Tons,Fossil fuels (material flows),Normal value,Millions,National,,193.3404
2011,"Domestic material consumption [8.4.2,12.2.2]",Metric Tons,Fossil fuels (material flows),Normal value,Millions,National,,192.7138
2012,"Domestic material consumption [8.4.2,12.2.2]",Metric Tons,Fossil fuels (material flows),Normal value,Millions,National,,194.1838
2013,"Domestic material consumption [8.4.2,12.2.2]",Metric Tons,Fossil fuels (material flows),Normal value,Millions,National,,183.2887
2014,"Domestic material consumption [8.4.2,12.2.2]",Metric Tons,Fossil fuels (material flows),Normal value,Millions,National,,170.6589
2015,"Domestic material consumption [8.4.2,12.2.2]",Metric Tons,Fossil fuels (material flows),Normal value,Millions,National,,160.871
2016,"Domestic material consumption [8.4.2,12.2.2]",Metric Tons,Fossil fuels (material flows),Normal value,Millions,National,,149.0349
2017,"Domestic material consumption [8.4.2,12.2.2]",Metric Tons,Fossil fuels (material flows),Normal value,Millions,National,,145.5661
2018,"Domestic material consumption [8.4.2,12.2.2]",Metric Tons,Fossil fuels (material flows),Normal value,Millions,National,,144.489
2019,"Domestic material consumption [8.4.2,12.2.2]",Metric Tons,Fossil fuels (material flows),Normal value,Millions,National,,142.3796
2000,"Domestic material consumption [8.4.2,12.2.2]",Metric Tons,Metal ores (material flows),Normal value,Millions,National,,16.9655
2001,"Domestic material consumption [8.4.2,12.2.2]",Metric Tons,Metal ores (material flows),Normal value,Millions,National,,20.3047
2002,"Domestic material consumption [8.4.2,12.2.2]",Metric Tons,Metal ores (material flows),Normal value,Millions,National,,18.8867
2003,"Domestic material consumption [8.4.2,12.2.2]",Metric Tons,Metal ores (material flows),Normal value,Millions,National,,17.4026
2004,"Domestic material consumption [8.4.2,12.2.2]",Metric Tons,Metal ores (material flows),Normal value,Millions,National,,19.2925
2005,"Domestic material consumption [8.4.2,12.2.2]",Metric Tons,Metal ores (material flows),Normal value,Millions,National,,17.2714
2006,"Domestic material consumption [8.4.2,12.2.2]",Metric Tons,Metal ores (material flows),Normal value,Millions,National,,18.0785
2007,"Domestic material consumption [8.4.2,12.2.2]",Metric Tons,Metal ores (material flows),Normal value,Millions,National,,20.5299
2008,"Domestic material consumption [8.4.2,12.2.2]",Metric Tons,Metal ores (material flows),Normal value,Millions,National,,15.4372
2009,"Domestic material consumption [8.4.2,12.2.2]",Metric Tons,Metal ores (material flows),Normal value,Millions,National,,6.2542
2010,"Domestic material consumption [8.4.2,12.2.2]",Metric Tons,Metal ores (material flows),Normal value,Millions,National,,9.4378
2011,"Domestic material consumption [8.4.2,12.2.2]",Metric Tons,Metal ores (material flows),Normal value,Millions,National,,8.9774
2012,"Domestic material consumption [8.4.2,12.2.2]",Metric Tons,Metal ores (material flows),Normal value,Millions,National,,9.8523
2013,"Domestic material consumption [8.4.2,12.2.2]",Metric Tons,Metal ores (material flows),Normal value,Millions,National,,12.6564
2014,"Domestic material consumption [8.4.2,12.2.2]",Metric Tons,Metal ores (material flows),Normal value,Millions,National,,14.8838
2015,"Domestic material consumption [8.4.2,12.2.2]",Metric Tons,Metal ores (material flows),Normal value,Millions,National,,13.634
2016,"Domestic material consumption [8.4.2,12.2.2]",Metric Tons,Metal ores (material flows),Normal value,Millions,National,,12.1942
2017,"Domestic material consumption [8.4.2,12.2.2]",Metric Tons,Metal ores (material flows),Normal value,Millions,National,,11.5622
2018,"Domestic material consumption [8.4.2,12.2.2]",Metric Tons,Metal ores (material flows),Normal value,Millions,National,,11.2524
2019,"Domestic material consumption [8.4.2,12.2.2]",Metric Tons,Metal ores (material flows),Normal value,Millions,National,,13.3974
2000,"Domestic material consumption [8.4.2,12.2.2]",Metric Tons,Non-metallic minerals (material flows),Normal value,Millions,National,,298.0389
2001,"Domestic material consumption [8.4.2,12.2.2]",Metric Tons,Non-metallic minerals (material flows),Normal value,Millions,National,,303.8595
2002,"Domestic material consumption [8.4.2,12.2.2]",Metric Tons,Non-metallic minerals (material flows),Normal value,Millions,National,,289.7323
2003,"Domestic material consumption [8.4.2,12.2.2]",Metric Tons,Non-metallic minerals (material flows),Normal value,Millions,National,,283.8125
2004,"Domestic material consumption [8.4.2,12.2.2]",Metric Tons,Non-metallic minerals (material flows),Normal value,Millions,National,,295.0795
2005,"Domestic material consumption [8.4.2,12.2.2]",Metric Tons,Non-metallic minerals (material flows),Normal value,Millions,National,,284.7195
2006,"Domestic material consumption [8.4.2,12.2.2]",Metric Tons,Non-metallic minerals (material flows),Normal value,Millions,National,,284.1623
2007,"Domestic material consumption [8.4.2,12.2.2]",Metric Tons,Non-metallic minerals (material flows),Normal value,Millions,National,,289.5371
2008,"Domestic material consumption [8.4.2,12.2.2]",Metric Tons,Non-metallic minerals (material flows),Normal value,Millions,National,,256.2828
2009,"Domestic material consumption [8.4.2,12.2.2]",Metric Tons,Non-metallic minerals (material flows),Normal value,Millions,National,,205.8792
2010,"Domestic material consumption [8.4.2,12.2.2]",Metric Tons,Non-metallic minerals (material flows),Normal value,Millions,National,,203.1572
2011,"Domestic material consumption [8.4.2,12.2.2]",Metric Tons,Non-metallic minerals (material flows),Normal value,Millions,National,,200.9767
2012,"Domestic material consumption [8.4.2,12.2.2]",Metric Tons,Non-metallic minerals (material flows),Normal value,Millions,National,,186.8586
2013,"Domestic material consumption [8.4.2,12.2.2]",Metric Tons,Non-metallic minerals (material flows),Normal value,Millions,National,,198.9032
2014,"Domestic material consumption [8.4.2,12.2.2]",Metric Tons,Non-metallic minerals (material flows),Normal value,Millions,National,,213.5014
2015,"Domestic material consumption [8.4.2,12.2.2]",Metric Tons,Non-metallic minerals (material flows),Normal value,Millions,National,,209.5642
2016,"Domestic material consumption [8.4.2,12.2.2]",Metric Tons,Non-metallic minerals (material flows),Normal value,Millions,National,,219.9657
2017,"Domestic material consumption [8.4.2,12.2.2]",Metric Tons,Non-metallic minerals (material flows),Normal value,Millions,National,,221.1788
2018,"Domestic material consumption [8.4.2,12.2.2]",Metric Tons,Non-metallic minerals (material flows),Normal value,Millions,National,,226.4037
2019,"Domestic material consumption [8.4.2,12.2.2]",Metric Tons,Non-metallic minerals (material flows),Normal value,Millions,National,,216.7549
2000,"Domestic material consumption [8.4.2,12.2.2]",Metric Tons,,Normal value,Millions,National,,738.8485
2001,"Domestic material consumption [8.4.2,12.2.2]",Metric Tons,,Normal value,Millions,National,,743.2789
2002,"Domestic material consumption [8.4.2,12.2.2]",Metric Tons,,Normal value,Millions,National,,721.972
2003,"Domestic material consumption [8.4.2,12.2.2]",Metric Tons,,Normal value,Millions,National,,723.0251
2004,"Domestic material consumption [8.4.2,12.2.2]",Metric Tons,,Normal value,Millions,National,,751.9634
2005,"Domestic material consumption [8.4.2,12.2.2]",Metric Tons,,Normal value,Millions,National,,732.6655
2006,"Domestic material consumption [8.4.2,12.2.2]",Metric Tons,,Normal value,Millions,National,,724.2632
2007,"Domestic material consumption [8.4.2,12.2.2]",Metric Tons,,Normal value,Millions,National,,718.9227
2008,"Domestic material consumption [8.4.2,12.2.2]",Metric Tons,,Normal value,Millions,National,,674.9295
2009,"Domestic material consumption [8.4.2,12.2.2]",Metric Tons,,Normal value,Millions,National,,591.6201
2010,"Domestic material consumption [8.4.2,12.2.2]",Metric Tons,,Normal value,Millions,National,,575.3487
2011,"Domestic material consumption [8.4.2,12.2.2]",Metric Tons,,Normal value,Millions,National,,575.5522
2012,"Domestic material consumption [8.4.2,12.2.2]",Metric Tons,,Normal value,Millions,National,,557.4719
2013,"Domestic material consumption [8.4.2,12.2.2]",Metric Tons,,Normal value,Millions,National,,572.7743
2014,"Domestic material consumption [8.4.2,12.2.2]",Metric Tons,,Normal value,Millions,National,,588.3881
2015,"Domestic material consumption [8.4.2,12.2.2]",Metric Tons,,Normal value,Millions,National,,566.5515
2016,"Domestic material consumption [8.4.2,12.2.2]",Metric Tons,,Normal value,Millions,National,,558.3661
2017,"Domestic material consumption [8.4.2,12.2.2]",Metric Tons,,Normal value,Millions,National,,569.638
2018,"Domestic material consumption [8.4.2,12.2.2]",Metric Tons,,Normal value,Millions,National,,565.6744
2019,"Domestic material consumption [8.4.2,12.2.2]",Metric Tons,,Normal value,Millions,National,,566.7899
2000,"Domestic material consumption per capita, by type of raw material [8.4.2,12.2.2]",Metric Tons,Biomass (material flows),Normal value,Units,National,,2.976305104
2001,"Domestic material consumption per capita, by type of raw material [8.4.2,12.2.2]",Metric Tons,Biomass (material flows),Normal value,Units,National,,2.856998533
2002,"Domestic material consumption per capita, by type of raw material [8.4.2,12.2.2]",Metric Tons,Biomass (material flows),Normal value,Units,National,,2.952419796
2003,"Domestic material consumption per capita, by type of raw material [8.4.2,12.2.2]",Metric Tons,Biomass (material flows),Normal value,Units,National,,2.861216478
2004,"Domestic material consumption per capita, by type of raw material [8.4.2,12.2.2]",Metric Tons,Biomass (material flows),Normal value,Units,National,,2.900064126
2005,"Domestic material consumption per capita, by type of raw material [8.4.2,12.2.2]",Metric Tons,Biomass (material flows),Normal value,Units,National,,2.852854727
2006,"Domestic material consumption per capita, by type of raw material [8.4.2,12.2.2]",Metric Tons,Biomass (material flows),Normal value,Units,National,,2.756141039
2007,"Domestic material consumption per capita, by type of raw material [8.4.2,12.2.2]",Metric Tons,Biomass (material flows),Normal value,Units,National,,2.6411129
2008,"Domestic material consumption per capita, by type of raw material [8.4.2,12.2.2]",Metric Tons,Biomass (material flows),Normal value,Units,National,,2.736403725
2009,"Domestic material consumption per capita, by type of raw material [8.4.2,12.2.2]",Metric Tons,Biomass (material flows),Normal value,Units,National,,2.627689093
2010,"Domestic material consumption per capita, by type of raw material [8.4.2,12.2.2]",Metric Tons,Biomass (material flows),Normal value,Units,National,,2.558470233
2011,"Domestic material consumption per capita, by type of raw material [8.4.2,12.2.2]",Metric Tons,Biomass (material flows),Normal value,Units,National,,2.607417586
2012,"Domestic material consumption per capita, by type of raw material [8.4.2,12.2.2]",Metric Tons,Biomass (material flows),Normal value,Units,National,,2.498719489
2013,"Domestic material consumption per capita, by type of raw material [8.4.2,12.2.2]",Metric Tons,Biomass (material flows),Normal value,Units,National,,2.648349863
2014,"Domestic material consumption per capita, by type of raw material [8.4.2,12.2.2]",Metric Tons,Biomass (material flows),Normal value,Units,National,,2.802928853
2015,"Domestic material consumption per capita, by type of raw material [8.4.2,12.2.2]",Metric Tons,Biomass (material flows),Normal value,Units,National,,2.684629223
2016,"Domestic material consumption per capita, by type of raw material [8.4.2,12.2.2]",Metric Tons,Biomass (material flows),Normal value,Units,National,,2.565943539
2017,"Domestic material consumption per capita, by type of raw material [8.4.2,12.2.2]",Metric Tons,Biomass (material flows),Normal value,Units,National,,2.765882293
2018,"Domestic material consumption per capita, by type of raw material [8.4.2,12.2.2]",Metric Tons,Biomass (material flows),Normal value,Units,National,,2.629217339
2019,"Domestic material consumption per capita, by type of raw material [8.4.2,12.2.2]",Metric Tons,Biomass (material flows),Normal value,Units,National,,2.755455351
2000,"Domestic material consumption per capita, by type of raw material [8.4.2,12.2.2]",Metric Tons,Fossil fuels (material flows),Normal value,Units,National,,4.085575373
2001,"Domestic material consumption per capita, by type of raw material [8.4.2,12.2.2]",Metric Tons,Fossil fuels (material flows),Normal value,Units,National,,4.097723588
2002,"Domestic material consumption per capita, by type of raw material [8.4.2,12.2.2]",Metric Tons,Fossil fuels (material flows),Normal value,Units,National,,3.899702854
2003,"Domestic material consumption per capita, by type of raw material [8.4.2,12.2.2]",Metric Tons,Fossil fuels (material flows),Normal value,Units,National,,4.096783619
2004,"Domestic material consumption per capita, by type of raw material [8.4.2,12.2.2]",Metric Tons,Fossil fuels (material flows),Normal value,Units,National,,4.239520547
2005,"Domestic material consumption per capita, by type of raw material [8.4.2,12.2.2]",Metric Tons,Fossil fuels (material flows),Normal value,Units,National,,4.151945013
2006,"Domestic material consumption per capita, by type of raw material [8.4.2,12.2.2]",Metric Tons,Fossil fuels (material flows),Normal value,Units,National,,4.039325189
2007,"Domestic material consumption per capita, by type of raw material [8.4.2,12.2.2]",Metric Tons,Fossil fuels (material flows),Normal value,Units,National,,3.904109773
2008,"Domestic material consumption per capita, by type of raw material [8.4.2,12.2.2]",Metric Tons,Fossil fuels (material flows),Normal value,Units,National,,3.660530451
2009,"Domestic material consumption per capita, by type of raw material [8.4.2,12.2.2]",Metric Tons,Fossil fuels (material flows),Normal value,Units,National,,3.352567791
2010,"Domestic material consumption per capita, by type of raw material [8.4.2,12.2.2]",Metric Tons,Fossil fuels (material flows),Normal value,Units,National,,3.080657678
2011,"Domestic material consumption per capita, by type of raw material [8.4.2,12.2.2]",Metric Tons,Fossil fuels (material flows),Normal value,Units,National,,3.045166445
2012,"Domestic material consumption per capita, by type of raw material [8.4.2,12.2.2]",Metric Tons,Fossil fuels (material flows),Normal value,Units,National,,3.048170608
2013,"Domestic material consumption per capita, by type of raw material [8.4.2,12.2.2]",Metric Tons,Fossil fuels (material flows),Normal value,Units,National,,2.859165901
2014,"Domestic material consumption per capita, by type of raw material [8.4.2,12.2.2]",Metric Tons,Fossil fuels (material flows),Normal value,Units,National,,2.641911469
2015,"Domestic material consumption per capita, by type of raw material [8.4.2,12.2.2]",Metric Tons,Fossil fuels (material flows),Normal value,Units,National,,2.47075589
2016,"Domestic material consumption per capita, by type of raw material [8.4.2,12.2.2]",Metric Tons,Fossil fuels (material flows),Normal value,Units,National,,2.270210477
2017,"Domestic material consumption per capita, by type of raw material [8.4.2,12.2.2]",Metric Tons,Fossil fuels (material flows),Normal value,Units,National,,2.204203441
2018,"Domestic material consumption per capita, by type of raw material [8.4.2,12.2.2]",Metric Tons,Fossil fuels (material flows),Normal value,Units,National,,2.174874747
2019,"Domestic material consumption per capita, by type of raw material [8.4.2,12.2.2]",Metric Tons,Fossil fuels (material flows),Normal value,Units,National,,2.131533247
2000,"Domestic material consumption per capita, by type of raw material [8.4.2,12.2.2]",Metric Tons,Metal ores (material flows),Normal value,Units,National,,0.288107041
2001,"Domestic material consumption per capita, by type of raw material [8.4.2,12.2.2]",Metric Tons,Metal ores (material flows),Normal value,Units,National,,0.343489495
2002,"Domestic material consumption per capita, by type of raw material [8.4.2,12.2.2]",Metric Tons,Metal ores (material flows),Normal value,Units,National,,0.318141744
2003,"Domestic material consumption per capita, by type of raw material [8.4.2,12.2.2]",Metric Tons,Metal ores (material flows),Normal value,Units,National,,0.29181043
2004,"Domestic material consumption per capita, by type of raw material [8.4.2,12.2.2]",Metric Tons,Metal ores (material flows),Normal value,Units,National,,0.321807888
2005,"Domestic material consumption per capita, by type of raw material [8.4.2,12.2.2]",Metric Tons,Metal ores (material flows),Normal value,Units,National,,0.285887493
2006,"Domestic material consumption per capita, by type of raw material [8.4.2,12.2.2]",Metric Tons,Metal ores (material flows),Normal value,Units,National,,0.297211926
2007,"Domestic material consumption per capita, by type of raw material [8.4.2,12.2.2]",Metric Tons,Metal ores (material flows),Normal value,Units,National,,0.334804463
2008,"Domestic material consumption per capita, by type of raw material [8.4.2,12.2.2]",Metric Tons,Metal ores (material flows),Normal value,Units,National,,0.249696832
2009,"Domestic material consumption per capita, by type of raw material [8.4.2,12.2.2]",Metric Tons,Metal ores (material flows),Normal value,Units,National,,0.100452155
2010,"Domestic material consumption per capita, by type of raw material [8.4.2,12.2.2]",Metric Tons,Metal ores (material flows),Normal value,Units,National,,0.150380526
2011,"Domestic material consumption per capita, by type of raw material [8.4.2,12.2.2]",Metric Tons,Metal ores (material flows),Normal value,Units,National,,0.141856355
2012,"Domestic material consumption per capita, by type of raw material [8.4.2,12.2.2]",Metric Tons,Metal ores (material flows),Normal value,Units,National,,0.154654978
2013,"Domestic material consumption per capita, by type of raw material [8.4.2,12.2.2]",Metric Tons,Metal ores (material flows),Normal value,Units,National,,0.197430323
2014,"Domestic material consumption per capita, by type of raw material [8.4.2,12.2.2]",Metric Tons,Metal ores (material flows),Normal value,Units,National,,0.230410966
2015,"Domestic material consumption per capita, by type of raw material [8.4.2,12.2.2]",Metric Tons,Metal ores (material flows),Normal value,Units,National,,0.209399368
2016,"Domestic material consumption per capita, by type of raw material [8.4.2,12.2.2]",Metric Tons,Metal ores (material flows),Normal value,Units,National,,0.185751127
2017,"Domestic material consumption per capita, by type of raw material [8.4.2,12.2.2]",Metric Tons,Metal ores (material flows),Normal value,Units,National,,0.175078133
2018,"Domestic material consumption per capita, by type of raw material [8.4.2,12.2.2]",Metric Tons,Metal ores (material flows),Normal value,Units,National,,0.169373174
2019,"Domestic material consumption per capita, by type of raw material [8.4.2,12.2.2]",Metric Tons,Metal ores (material flows),Normal value,Units,National,,0.200569488
2000,"Domestic material consumption per capita, by type of raw material [8.4.2,12.2.2]",Metric Tons,Non-metallic minerals (material flows),Normal value,Units,National,,5.061277619
2001,"Domestic material consumption per capita, by type of raw material [8.4.2,12.2.2]",Metric Tons,Non-metallic minerals (material flows),Normal value,Units,National,,5.140314614
2002,"Domestic material consumption per capita, by type of raw material [8.4.2,12.2.2]",Metric Tons,Non-metallic minerals (material flows),Normal value,Units,National,,4.880468221
2003,"Domestic material consumption per capita, by type of raw material [8.4.2,12.2.2]",Metric Tons,Non-metallic minerals (material flows),Normal value,Units,National,,4.759027257
2004,"Domestic material consumption per capita, by type of raw material [8.4.2,12.2.2]",Metric Tons,Non-metallic minerals (material flows),Normal value,Units,National,,4.922063526
2005,"Domestic material consumption per capita, by type of raw material [8.4.2,12.2.2]",Metric Tons,Non-metallic minerals (material flows),Normal value,Units,National,,4.712863113
2006,"Domestic material consumption per capita, by type of raw material [8.4.2,12.2.2]",Metric Tons,Non-metallic minerals (material flows),Normal value,Units,National,,4.671649994
2007,"Domestic material consumption per capita, by type of raw material [8.4.2,12.2.2]",Metric Tons,Non-metallic minerals (material flows),Normal value,Units,National,,4.72181128
2008,"Domestic material consumption per capita, by type of raw material [8.4.2,12.2.2]",Metric Tons,Non-metallic minerals (material flows),Normal value,Units,National,,4.145376313
2009,"Domestic material consumption per capita, by type of raw material [8.4.2,12.2.2]",Metric Tons,Non-metallic minerals (material flows),Normal value,Units,National,,3.306739366
2010,"Domestic material consumption per capita, by type of raw material [8.4.2,12.2.2]",Metric Tons,Non-metallic minerals (material flows),Normal value,Units,National,,3.237077135
2011,"Domestic material consumption per capita, by type of raw material [8.4.2,12.2.2]",Metric Tons,Non-metallic minerals (material flows),Normal value,Units,National,,3.17573263
2012,"Domestic material consumption per capita, by type of raw material [8.4.2,12.2.2]",Metric Tons,Non-metallic minerals (material flows),Normal value,Units,National,,2.933184397
2013,"Domestic material consumption per capita, by type of raw material [8.4.2,12.2.2]",Metric Tons,Non-metallic minerals (material flows),Normal value,Units,National,,3.10274036
2014,"Domestic material consumption per capita, by type of raw material [8.4.2,12.2.2]",Metric Tons,Non-metallic minerals (material flows),Normal value,Units,National,,3.30514141
2015,"Domestic material consumption per capita, by type of raw material [8.4.2,12.2.2]",Metric Tons,Non-metallic minerals (material flows),Normal value,Units,National,,3.218616043
2016,"Domestic material consumption per capita, by type of raw material [8.4.2,12.2.2]",Metric Tons,Non-metallic minerals (material flows),Normal value,Units,National,,3.350681195
2017,"Domestic material consumption per capita, by type of raw material [8.4.2,12.2.2]",Metric Tons,Non-metallic minerals (material flows),Normal value,Units,National,,3.349152529
2018,"Domestic material consumption per capita, by type of raw material [8.4.2,12.2.2]",Metric Tons,Non-metallic minerals (material flows),Normal value,Units,National,,3.407869732
2019,"Domestic material consumption per capita, by type of raw material [8.4.2,12.2.2]",Metric Tons,Non-metallic minerals (material flows),Normal value,Units,National,,3.244989281
2000,"Domestic material consumption per capita, by type of raw material [8.4.2,12.2.2]",Metric Tons,,Normal value,Units,National,,12.5
2001,"Domestic material consumption per capita, by type of raw material [8.4.2,12.2.2]",Metric Tons,,Normal value,Units,National,,12.6
2002,"Domestic material consumption per capita, by type of raw material [8.4.2,12.2.2]",Metric Tons,,Normal value,Units,National,,12.2
2003,"Domestic material consumption per capita, by type of raw material [8.4.2,12.2.2]",Metric Tons,,Normal value,Units,National,,12.1
2004,"Domestic material consumption per capita, by type of raw material [8.4.2,12.2.2]",Metric Tons,,Normal value,Units,National,,12.5
2005,"Domestic material consumption per capita, by type of raw material [8.4.2,12.2.2]",Metric Tons,,Normal value,Units,National,,12.1
2006,"Domestic material consumption per capita, by type of raw material [8.4.2,12.2.2]",Metric Tons,,Normal value,Units,National,,11.9
2007,"Domestic material consumption per capita, by type of raw material [8.4.2,12.2.2]",Metric Tons,,Normal value,Units,National,,11.7
2008,"Domestic material consumption per capita, by type of raw material [8.4.2,12.2.2]",Metric Tons,,Normal value,Units,National,,10.9
2009,"Domestic material consumption per capita, by type of raw material [8.4.2,12.2.2]",Metric Tons,,Normal value,Units,National,,9.5
2010,"Domestic material consumption per capita, by type of raw material [8.4.2,12.2.2]",Metric Tons,,Normal value,Units,National,,9.2
2011,"Domestic material consumption per capita, by type of raw material [8.4.2,12.2.2]",Metric Tons,,Normal value,Units,National,,9.1
2012,"Domestic material consumption per capita, by type of raw material [8.4.2,12.2.2]",Metric Tons,,Normal value,Units,National,,8.8
2013,"Domestic material consumption per capita, by type of raw material [8.4.2,12.2.2]",Metric Tons,,Normal value,Units,National,,8.9
2014,"Domestic material consumption per capita, by type of raw material [8.4.2,12.2.2]",Metric Tons,,Normal value,Units,National,,9.1
2015,"Domestic material consumption per capita, by type of raw material [8.4.2,12.2.2]",Metric Tons,,Normal value,Units,National,,8.7
2016,"Domestic material consumption per capita, by type of raw material [8.4.2,12.2.2]",Metric Tons,,Normal value,Units,National,,8.5
2017,"Domestic material consumption per capita, by type of raw material [8.4.2,12.2.2]",Metric Tons,,Normal value,Units,National,,8.6
2018,"Domestic material consumption per capita, by type of raw material [8.4.2,12.2.2]",Metric Tons,,Normal value,Units,National,,8.5
2019,"Domestic material consumption per capita, by type of raw material [8.4.2,12.2.2]",Metric Tons,,Normal value,Units,National,,8.485285223
2000,"Domestic material consumption per unit of GDP [8.4.2,12.2.2]",Tonnes per $m,Biomass (material flows),Normal value,Units,National,,53.55919861
2001,"Domestic material consumption per unit of GDP [8.4.2,12.2.2]",Tonnes per $m,Biomass (material flows),Normal value,Units,National,,53.83188603
2002,"Domestic material consumption per unit of GDP [8.4.2,12.2.2]",Tonnes per $m,Biomass (material flows),Normal value,Units,National,,53.24135029
2003,"Domestic material consumption per unit of GDP [8.4.2,12.2.2]",Tonnes per $m,Biomass (material flows),Normal value,Units,National,,46.96595891
2004,"Domestic material consumption per unit of GDP [8.4.2,12.2.2]",Tonnes per $m,Biomass (material flows),Normal value,Units,National,,42.77453457
2005,"Domestic material consumption per unit of GDP [8.4.2,12.2.2]",Tonnes per $m,Biomass (material flows),Normal value,Units,National,,42.71814635
2006,"Domestic material consumption per unit of GDP [8.4.2,12.2.2]",Tonnes per $m,Biomass (material flows),Normal value,Units,National,,41.14149788
2007,"Domestic material consumption per unit of GDP [8.4.2,12.2.2]",Tonnes per $m,Biomass (material flows),Normal value,Units,National,,36.63848173
2008,"Domestic material consumption per unit of GDP [8.4.2,12.2.2]",Tonnes per $m,Biomass (material flows),Normal value,Units,National,,43.27725601
2009,"Domestic material consumption per unit of GDP [8.4.2,12.2.2]",Tonnes per $m,Biomass (material flows),Normal value,Units,National,,51.01364641
2010,"Domestic material consumption per unit of GDP [8.4.2,12.2.2]",Tonnes per $m,Biomass (material flows),Normal value,Units,National,,50.24923086
2011,"Domestic material consumption per unit of GDP [8.4.2,12.2.2]",Tonnes per $m,Biomass (material flows),Normal value,Units,National,,50.01823855
2012,"Domestic material consumption per unit of GDP [8.4.2,12.2.2]",Tonnes per $m,Biomass (material flows),Normal value,Units,National,,49.02687184
2013,"Domestic material consumption per unit of GDP [8.4.2,12.2.2]",Tonnes per $m,Biomass (material flows),Normal value,Units,National,,52.79422916
2014,"Domestic material consumption per unit of GDP [8.4.2,12.2.2]",Tonnes per $m,Biomass (material flows),Normal value,Units,National,,53.07466187
2015,"Domestic material consumption per unit of GDP [8.4.2,12.2.2]",Tonnes per $m,Biomass (material flows),Normal value,Units,National,,54.45478729
2016,"Domestic material consumption per unit of GDP [8.4.2,12.2.2]",Tonnes per $m,Biomass (material flows),Normal value,Units,National,,58.90639047
2017,"Domestic material consumption per unit of GDP [8.4.2,12.2.2]",Tonnes per $m,Biomass (material flows),Normal value,Units,National,,66.93660972
2018,"Domestic material consumption per unit of GDP [8.4.2,12.2.2]",Tonnes per $m,Biomass (material flows),Normal value,Units,National,,62.43940042
2019,"Domestic material consumption per unit of GDP [8.4.2,12.2.2]",Tonnes per $m,Biomass (material flows),Normal value,Units,National,,69.02352559
2000,"Domestic material consumption per unit of GDP [8.4.2,12.2.2]",Tonnes per $m,Fossil fuels (material flows),Normal value,Units,National,,73.52073635
2001,"Domestic material consumption per unit of GDP [8.4.2,12.2.2]",Tonnes per $m,Fossil fuels (material flows),Normal value,Units,National,,77.20976633
2002,"Domestic material consumption per unit of GDP [8.4.2,12.2.2]",Tonnes per $m,Fossil fuels (material flows),Normal value,Units,National,,70.32382248
2003,"Domestic material consumption per unit of GDP [8.4.2,12.2.2]",Tonnes per $m,Fossil fuels (material flows),Normal value,Units,National,,67.24740076
2004,"Domestic material consumption per unit of GDP [8.4.2,12.2.2]",Tonnes per $m,Fossil fuels (material flows),Normal value,Units,National,,62.53086494
2005,"Domestic material consumption per unit of GDP [8.4.2,12.2.2]",Tonnes per $m,Fossil fuels (material flows),Normal value,Units,National,,62.17049647
2006,"Domestic material consumption per unit of GDP [8.4.2,12.2.2]",Tonnes per $m,Fossil fuels (material flows),Normal value,Units,National,,60.29585802
2007,"Domestic material consumption per unit of GDP [8.4.2,12.2.2]",Tonnes per $m,Fossil fuels (material flows),Normal value,Units,National,,54.15923515
2008,"Domestic material consumption per unit of GDP [8.4.2,12.2.2]",Tonnes per $m,Fossil fuels (material flows),Normal value,Units,National,,57.8926684
2009,"Domestic material consumption per unit of GDP [8.4.2,12.2.2]",Tonnes per $m,Fossil fuels (material flows),Normal value,Units,National,,65.08635603
2010,"Domestic material consumption per unit of GDP [8.4.2,12.2.2]",Tonnes per $m,Fossil fuels (material flows),Normal value,Units,National,,60.50517098
2011,"Domestic material consumption per unit of GDP [8.4.2,12.2.2]",Tonnes per $m,Fossil fuels (material flows),Normal value,Units,National,,58.41559958
2012,"Domestic material consumption per unit of GDP [8.4.2,12.2.2]",Tonnes per $m,Fossil fuels (material flows),Normal value,Units,National,,59.80754157
2013,"Domestic material consumption per unit of GDP [8.4.2,12.2.2]",Tonnes per $m,Fossil fuels (material flows),Normal value,Units,National,,56.9967971
2014,"Domestic material consumption per unit of GDP [8.4.2,12.2.2]",Tonnes per $m,Fossil fuels (material flows),Normal value,Units,National,,50.02572855
2015,"Domestic material consumption per unit of GDP [8.4.2,12.2.2]",Tonnes per $m,Fossil fuels (material flows),Normal value,Units,National,,50.11659907
2016,"Domestic material consumption per unit of GDP [8.4.2,12.2.2]",Tonnes per $m,Fossil fuels (material flows),Normal value,Units,National,,52.11724373
2017,"Domestic material consumption per unit of GDP [8.4.2,12.2.2]",Tonnes per $m,Fossil fuels (material flows),Normal value,Units,National,,53.34352291
2018,"Domestic material consumption per unit of GDP [8.4.2,12.2.2]",Tonnes per $m,Fossil fuels (material flows),Normal value,Units,National,,51.64954345
2019,"Domestic material consumption per unit of GDP [8.4.2,12.2.2]",Tonnes per $m,Fossil fuels (material flows),Normal value,Units,National,,53.39441975
2000,"Domestic material consumption per unit of GDP [8.4.2,12.2.2]",Tonnes per $m,Metal ores (material flows),Normal value,Units,National,,5.184543138
2001,"Domestic material consumption per unit of GDP [8.4.2,12.2.2]",Tonnes per $m,Metal ores (material flows),Normal value,Units,National,,6.472067493
2002,"Domestic material consumption per unit of GDP [8.4.2,12.2.2]",Tonnes per $m,Metal ores (material flows),Normal value,Units,National,,5.7370893
2003,"Domestic material consumption per unit of GDP [8.4.2,12.2.2]",Tonnes per $m,Metal ores (material flows),Normal value,Units,National,,4.789975448
2004,"Domestic material consumption per unit of GDP [8.4.2,12.2.2]",Tonnes per $m,Metal ores (material flows),Normal value,Units,National,,4.746509736
2005,"Domestic material consumption per unit of GDP [8.4.2,12.2.2]",Tonnes per $m,Metal ores (material flows),Normal value,Units,National,,4.280829177
2006,"Domestic material consumption per unit of GDP [8.4.2,12.2.2]",Tonnes per $m,Metal ores (material flows),Normal value,Units,National,,4.436545026
2007,"Domestic material consumption per unit of GDP [8.4.2,12.2.2]",Tonnes per $m,Metal ores (material flows),Normal value,Units,National,,4.644529666
2008,"Domestic material consumption per unit of GDP [8.4.2,12.2.2]",Tonnes per $m,Metal ores (material flows),Normal value,Units,National,,3.949049483
2009,"Domestic material consumption per unit of GDP [8.4.2,12.2.2]",Tonnes per $m,Metal ores (material flows),Normal value,Units,National,,1.950166303
2010,"Domestic material consumption per unit of GDP [8.4.2,12.2.2]",Tonnes per $m,Metal ores (material flows),Normal value,Units,National,,2.953524988
2011,"Domestic material consumption per unit of GDP [8.4.2,12.2.2]",Tonnes per $m,Metal ores (material flows),Normal value,Units,National,,2.721238457
2012,"Domestic material consumption per unit of GDP [8.4.2,12.2.2]",Tonnes per $m,Metal ores (material flows),Normal value,Units,National,,3.034454171
2013,"Domestic material consumption per unit of GDP [8.4.2,12.2.2]",Tonnes per $m,Metal ores (material flows),Normal value,Units,National,,3.935726877
2014,"Domestic material consumption per unit of GDP [8.4.2,12.2.2]",Tonnes per $m,Metal ores (material flows),Normal value,Units,National,,4.362930609
2015,"Domestic material consumption per unit of GDP [8.4.2,12.2.2]",Tonnes per $m,Metal ores (material flows),Normal value,Units,National,,4.247438704
2016,"Domestic material consumption per unit of GDP [8.4.2,12.2.2]",Tonnes per $m,Metal ores (material flows),Normal value,Units,National,,4.264290401
2017,"Domestic material consumption per unit of GDP [8.4.2,12.2.2]",Tonnes per $m,Metal ores (material flows),Normal value,Units,National,,4.237033764
2018,"Domestic material consumption per unit of GDP [8.4.2,12.2.2]",Tonnes per $m,Metal ores (material flows),Normal value,Units,National,,4.022322271
2019,"Domestic material consumption per unit of GDP [8.4.2,12.2.2]",Tonnes per $m,Metal ores (material flows),Normal value,Units,National,,5.024219756
2000,"Domestic material consumption per unit of GDP [8.4.2,12.2.2]",Tonnes per $m,Non-metallic minerals (material flows),Normal value,Units,National,,91.0786911
2001,"Domestic material consumption per unit of GDP [8.4.2,12.2.2]",Tonnes per $m,Non-metallic minerals (material flows),Normal value,Units,National,,96.85438309
2002,"Domestic material consumption per unit of GDP [8.4.2,12.2.2]",Tonnes per $m,Non-metallic minerals (material flows),Normal value,Units,National,,88.0100853
2003,"Domestic material consumption per unit of GDP [8.4.2,12.2.2]",Tonnes per $m,Non-metallic minerals (material flows),Normal value,Units,National,,78.11791955
2004,"Domestic material consumption per unit of GDP [8.4.2,12.2.2]",Tonnes per $m,Non-metallic minerals (material flows),Normal value,Units,National,,72.59804171
2005,"Domestic material consumption per unit of GDP [8.4.2,12.2.2]",Tonnes per $m,Non-metallic minerals (material flows),Normal value,Units,National,,70.56958573
2006,"Domestic material consumption per unit of GDP [8.4.2,12.2.2]",Tonnes per $m,Non-metallic minerals (material flows),Normal value,Units,National,,69.73470357
2007,"Domestic material consumption per unit of GDP [8.4.2,12.2.2]",Tonnes per $m,Non-metallic minerals (material flows),Normal value,Units,National,,65.50268878
2008,"Domestic material consumption per unit of GDP [8.4.2,12.2.2]",Tonnes per $m,Non-metallic minerals (material flows),Normal value,Units,National,,65.5606884
2009,"Domestic material consumption per unit of GDP [8.4.2,12.2.2]",Tonnes per $m,Non-metallic minerals (material flows),Normal value,Units,National,,64.19664839
2010,"Domestic material consumption per unit of GDP [8.4.2,12.2.2]",Tonnes per $m,Non-metallic minerals (material flows),Normal value,Units,National,,63.57730263
2011,"Domestic material consumption per unit of GDP [8.4.2,12.2.2]",Tonnes per $m,Non-metallic minerals (material flows),Normal value,Units,National,,60.92025808
2012,"Domestic material consumption per unit of GDP [8.4.2,12.2.2]",Tonnes per $m,Non-metallic minerals (material flows),Normal value,Units,National,,57.55142029
2013,"Domestic material consumption per unit of GDP [8.4.2,12.2.2]",Tonnes per $m,Non-metallic minerals (material flows),Normal value,Units,National,,61.85239643
2014,"Domestic material consumption per unit of GDP [8.4.2,12.2.2]",Tonnes per $m,Non-metallic minerals (material flows),Normal value,Units,National,,62.58427237
2015,"Domestic material consumption per unit of GDP [8.4.2,12.2.2]",Tonnes per $m,Non-metallic minerals (material flows),Normal value,Units,National,,65.28612982
2016,"Domestic material consumption per unit of GDP [8.4.2,12.2.2]",Tonnes per $m,Non-metallic minerals (material flows),Normal value,Units,National,,76.92162037
2017,"Domestic material consumption per unit of GDP [8.4.2,12.2.2]",Tonnes per $m,Non-metallic minerals (material flows),Normal value,Units,National,,81.05222566
2018,"Domestic material consumption per unit of GDP [8.4.2,12.2.2]",Tonnes per $m,Non-metallic minerals (material flows),Normal value,Units,National,,80.93105869
2019,"Domestic material consumption per unit of GDP [8.4.2,12.2.2]",Tonnes per $m,Non-metallic minerals (material flows),Normal value,Units,National,,81.28623843
2000,"Domestic material consumption per unit of GDP [8.4.2,12.2.2]",Tonnes per $m,,Normal value,Units,National,,225.7871516
2001,"Domestic material consumption per unit of GDP [8.4.2,12.2.2]",Tonnes per $m,,Normal value,Units,National,,236.9181129
2002,"Domestic material consumption per unit of GDP [8.4.2,12.2.2]",Tonnes per $m,,Normal value,Units,National,,219.3087112
2003,"Domestic material consumption per unit of GDP [8.4.2,12.2.2]",Tonnes per $m,,Normal value,Units,National,,199.0089112
2004,"Domestic material consumption per unit of GDP [8.4.2,12.2.2]",Tonnes per $m,,Normal value,Units,National,,185.0046183
2005,"Domestic material consumption per unit of GDP [8.4.2,12.2.2]",Tonnes per $m,,Normal value,Units,National,,181.5959244
2006,"Domestic material consumption per unit of GDP [8.4.2,12.2.2]",Tonnes per $m,,Normal value,Units,National,,177.7374393
2007,"Domestic material consumption per unit of GDP [8.4.2,12.2.2]",Tonnes per $m,,Normal value,Units,National,,162.643647
2008,"Domestic material consumption per unit of GDP [8.4.2,12.2.2]",Tonnes per $m,,Normal value,Units,National,,172.6563103
2009,"Domestic material consumption per unit of GDP [8.4.2,12.2.2]",Tonnes per $m,,Normal value,Units,National,,184.4772446
2010,"Domestic material consumption per unit of GDP [8.4.2,12.2.2]",Tonnes per $m,,Normal value,Units,National,,180.0532712
2011,"Domestic material consumption per unit of GDP [8.4.2,12.2.2]",Tonnes per $m,,Normal value,Units,National,,174.4619579
2012,"Domestic material consumption per unit of GDP [8.4.2,12.2.2]",Tonnes per $m,,Normal value,Units,National,,171.6982768
2013,"Domestic material consumption per unit of GDP [8.4.2,12.2.2]",Tonnes per $m,,Normal value,Units,National,,178.114093
2014,"Domestic material consumption per unit of GDP [8.4.2,12.2.2]",Tonnes per $m,,Normal value,Units,National,,172.4758766
2015,"Domestic material consumption per unit of GDP [8.4.2,12.2.2]",Tonnes per $m,,Normal value,Units,National,,176.4993963
2016,"Domestic material consumption per unit of GDP [8.4.2,12.2.2]",Tonnes per $m,,Normal value,Units,National,,195.2596481
2017,"Domestic material consumption per unit of GDP [8.4.2,12.2.2]",Tonnes per $m,,Normal value,Units,National,,208.7470758
2018,"Domestic material consumption per unit of GDP [8.4.2,12.2.2]",Tonnes per $m,,Normal value,Units,National,,202.2079501
2019,"Domestic material consumption per unit of GDP [8.4.2,12.2.2]",Tonnes per $m,,Normal value,Units,National,,212.5544518
2000,EN_MAT_DOMCMPC,T,,A,0,G,,13.66576
2001,EN_MAT_DOMCMPC,T,,A,0,G,,13.75163
2002,EN_MAT_DOMCMPC,T,,A,0,G,,13.30561
2003,EN_MAT_DOMCMPC,T,,A,0,G,,13.06867
2004,EN_MAT_DOMCMPC,T,,A,0,G,,13.48239
2005,EN_MAT_DOMCMPC,T,,A,0,G,,13.15461
2006,EN_MAT_DOMCMPC,T,,A,0,G,,12.99372
2007,EN_MAT_DOMCMPC,T,,A,0,G,,12.63189
2008,EN_MAT_DOMCMPC,T,,A,0,G,,11.8959
2009,EN_MAT_DOMCMPC,T,,A,0,G,,10.2246
2010,EN_MAT_DOMCMPC,T,,A,0,G,,9.8744
2011,EN_MAT_DOMCMPC,T,,A,0,G,,9.98363
2012,EN_MAT_DOMCMPC,T,,A,0,G,,9.50886
2013,EN_MAT_DOMCMPC,T,,A,0,G,,9.57251
2014,EN_MAT_DOMCMPC,T,,A,0,G,,10.65636
2015,EN_MAT_DOMCMPC,T,,A,0,G,,10.53961
2016,EN_MAT_DOMCMPC,T,,A,0,G,,10.42176
2017,EN_MAT_DOMCMPC,T,,A,0,G,,10.44107
2018,EN_MAT_DOMCMPC,T,,A,0,G,,10.40221
2019,EN_MAT_DOMCMPC,T,,A,0,G,,10.12325
2000,EN_MAT_DOMCMPC,T,MF_AGG3A,A,0,G,,6.16159
2001,EN_MAT_DOMCMPC,T,MF_AGG3A,A,0,G,,6.31768
2002,EN_MAT_DOMCMPC,T,MF_AGG3A,A,0,G,,5.95155
2003,EN_MAT_DOMCMPC,T,MF_AGG3A,A,0,G,,5.80218
2004,EN_MAT_DOMCMPC,T,MF_AGG3A,A,0,G,,6.03816
2005,EN_MAT_DOMCMPC,T,MF_AGG3A,A,0,G,,5.78878
2006,EN_MAT_DOMCMPC,T,MF_AGG3A,A,0,G,,5.77124
2007,EN_MAT_DOMCMPC,T,MF_AGG3A,A,0,G,,5.75546
2008,EN_MAT_DOMCMPC,T,MF_AGG3A,A,0,G,,5.01479
2009,EN_MAT_DOMCMPC,T,MF_AGG3A,A,0,G,,3.962
2010,EN_MAT_DOMCMPC,T,MF_AGG3A,A,0,G,,3.71526
2011,EN_MAT_DOMCMPC,T,MF_AGG3A,A,0,G,,3.826
2012,EN_MAT_DOMCMPC,T,MF_AGG3A,A,0,G,,3.4367
2013,EN_MAT_DOMCMPC,T,MF_AGG3A,A,0,G,,3.4002
2014,EN_MAT_DOMCMPC,T,MF_AGG3A,A,0,G,,4.66393
2015,EN_MAT_DOMCMPC,T,MF_AGG3A,A,0,G,,5.02546
2016,EN_MAT_DOMCMPC,T,MF_AGG3A,A,0,G,,5.25739
2017,EN_MAT_DOMCMPC,T,MF_AGG3A,A,0,G,,5.22677
2018,EN_MAT_DOMCMPC,T,MF_AGG3A,A,0,G,,5.28728
2019,EN_MAT_DOMCMPC,T,MF_AGG3A,A,0,G,,5.25081
2000,EN_MAT_DOMCMPC,T,MF_AGG3B,A,0,G,,0.29296
2001,EN_MAT_DOMCMPC,T,MF_AGG3B,A,0,G,,0.29013
2002,EN_MAT_DOMCMPC,T,MF_AGG3B,A,0,G,,0.29509
2003,EN_MAT_DOMCMPC,T,MF_AGG3B,A,0,G,,0.28921
2004,EN_MAT_DOMCMPC,T,MF_AGG3B,A,0,G,,0.2803
2005,EN_MAT_DOMCMPC,T,MF_AGG3B,A,0,G,,0.2874
2006,EN_MAT_DOMCMPC,T,MF_AGG3B,A,0,G,,0.29214
2007,EN_MAT_DOMCMPC,T,MF_AGG3B,A,0,G,,0.27287
2008,EN_MAT_DOMCMPC,T,MF_AGG3B,A,0,G,,0.25669
2009,EN_MAT_DOMCMPC,T,MF_AGG3B,A,0,G,,0.23922
2010,EN_MAT_DOMCMPC,T,MF_AGG3B,A,0,G,,0.277
2011,EN_MAT_DOMCMPC,T,MF_AGG3B,A,0,G,,0.34018
2012,EN_MAT_DOMCMPC,T,MF_AGG3B,A,0,G,,0.31833
2013,EN_MAT_DOMCMPC,T,MF_AGG3B,A,0,G,,0.33363
2014,EN_MAT_DOMCMPC,T,MF_AGG3B,A,0,G,,0.29971
2015,EN_MAT_DOMCMPC,T,MF_AGG3B,A,0,G,,0.23574
2016,EN_MAT_DOMCMPC,T,MF_AGG3B,A,0,G,,0.23011
2017,EN_MAT_DOMCMPC,T,MF_AGG3B,A,0,G,,0.1751
2018,EN_MAT_DOMCMPC,T,MF_AGG3B,A,0,G,,0.19595
2019,EN_MAT_DOMCMPC,T,MF_AGG3B,A,0,G,,0.18757
2000,EN_MAT_DOMCMPC,T,MF1,A,0,G,,3.09587
2001,EN_MAT_DOMCMPC,T,MF1,A,0,G,,2.91629
2002,EN_MAT_DOMCMPC,T,MF1,A,0,G,,2.98074
2003,EN_MAT_DOMCMPC,T,MF1,A,0,G,,2.8883
2004,EN_MAT_DOMCMPC,T,MF1,A,0,G,,2.91838
2005,EN_MAT_DOMCMPC,T,MF1,A,0,G,,2.90933
2006,EN_MAT_DOMCMPC,T,MF1,A,0,G,,2.81181
2007,EN_MAT_DOMCMPC,T,MF1,A,0,G,,2.70623
2008,EN_MAT_DOMCMPC,T,MF1,A,0,G,,2.77472
2009,EN_MAT_DOMCMPC,T,MF1,A,0,G,,2.64226
2010,EN_MAT_DOMCMPC,T,MF1,A,0,G,,2.5744
2011,EN_MAT_DOMCMPC,T,MF1,A,0,G,,2.59919
2012,EN_MAT_DOMCMPC,T,MF1,A,0,G,,2.53044
2013,EN_MAT_DOMCMPC,T,MF1,A,0,G,,2.68425
2014,EN_MAT_DOMCMPC,T,MF1,A,0,G,,2.82396
2015,EN_MAT_DOMCMPC,T,MF1,A,0,G,,2.80303
2016,EN_MAT_DOMCMPC,T,MF1,A,0,G,,2.68915
2017,EN_MAT_DOMCMPC,T,MF1,A,0,G,,2.86145
2018,EN_MAT_DOMCMPC,T,MF1,A,0,G,,2.76447
2019,EN_MAT_DOMCMPC,T,MF1,A,0,G,,2.75418
2000,EN_MAT_DOMCMPC,T,MF11,A,0,G,,0.9416
2001,EN_MAT_DOMCMPC,T,MF11,A,0,G,,0.92947
2002,EN_MAT_DOMCMPC,T,MF11,A,0,G,,0.99335
2003,EN_MAT_DOMCMPC,T,MF11,A,0,G,,0.91275
2004,EN_MAT_DOMCMPC,T,MF11,A,0,G,,0.95693
2005,EN_MAT_DOMCMPC,T,MF11,A,0,G,,0.94015
2006,EN_MAT_DOMCMPC,T,MF11,A,0,G,,0.91027
2007,EN_MAT_DOMCMPC,T,MF11,A,0,G,,0.87922
2008,EN_MAT_DOMCMPC,T,MF11,A,0,G,,0.96466
2009,EN_MAT_DOMCMPC,T,MF11,A,0,G,,0.91794
2010,EN_MAT_DOMCMPC,T,MF11,A,0,G,,0.84462
2011,EN_MAT_DOMCMPC,T,MF11,A,0,G,,0.89846
2012,EN_MAT_DOMCMPC,T,MF11,A,0,G,,0.83908
2013,EN_MAT_DOMCMPC,T,MF11,A,0,G,,0.93968
2014,EN_MAT_DOMCMPC,T,MF11,A,0,G,,0.97989
2015,EN_MAT_DOMCMPC,T,MF11,A,0,G,,0.9027
2016,EN_MAT_DOMCMPC,T,MF11,A,0,G,,0.81583
2017,EN_MAT_DOMCMPC,T,MF11,A,0,G,,0.96499
2018,EN_MAT_DOMCMPC,T,MF11,A,0,G,,0.88275
2019,EN_MAT_DOMCMPC,T,MF11,A,0,G,,0.86136
2000,EN_MAT_DOMCMPC,T,MF121,A,0,G,,0.31923
2001,EN_MAT_DOMCMPC,T,MF121,A,0,G,,0.26217
2002,EN_MAT_DOMCMPC,T,MF121,A,0,G,,0.31423
2003,EN_MAT_DOMCMPC,T,MF121,A,0,G,,0.30288
2004,EN_MAT_DOMCMPC,T,MF121,A,0,G,,0.30548
2005,EN_MAT_DOMCMPC,T,MF121,A,0,G,,0.29808
2006,EN_MAT_DOMCMPC,T,MF121,A,0,G,,0.29106
2007,EN_MAT_DOMCMPC,T,MF121,A,0,G,,0.2713
2008,EN_MAT_DOMCMPC,T,MF121,A,0,G,,0.32334
2009,EN_MAT_DOMCMPC,T,MF121,A,0,G,,0.29015
2010,EN_MAT_DOMCMPC,T,MF121,A,0,G,,0.2856
2011,EN_MAT_DOMCMPC,T,MF121,A,0,G,,0.29826
2012,EN_MAT_DOMCMPC,T,MF121,A,0,G,,0.26842
2013,EN_MAT_DOMCMPC,T,MF121,A,0,G,,0.26477
2014,EN_MAT_DOMCMPC,T,MF121,A,0,G,,0.31703
2015,EN_MAT_DOMCMPC,T,MF121,A,0,G,,0.31963
2016,EN_MAT_DOMCMPC,T,MF121,A,0,G,,0.27295
2017,EN_MAT_DOMCMPC,T,MF121,A,0,G,,0.28987
2018,EN_MAT_DOMCMPC,T,MF121,A,0,G,,0.26443
2019,EN_MAT_DOMCMPC,T,MF121,A,0,G,,0.26435
2000,EN_MAT_DOMCMPC,T,MF122,A,0,G,,1.56765
2001,EN_MAT_DOMCMPC,T,MF122,A,0,G,,1.45352
2002,EN_MAT_DOMCMPC,T,MF122,A,0,G,,1.4147
2003,EN_MAT_DOMCMPC,T,MF122,A,0,G,,1.42746
2004,EN_MAT_DOMCMPC,T,MF122,A,0,G,,1.42474
2005,EN_MAT_DOMCMPC,T,MF122,A,0,G,,1.43196
2006,EN_MAT_DOMCMPC,T,MF122,A,0,G,,1.39703
2007,EN_MAT_DOMCMPC,T,MF122,A,0,G,,1.34859
2008,EN_MAT_DOMCMPC,T,MF122,A,0,G,,1.30697
2009,EN_MAT_DOMCMPC,T,MF122,A,0,G,,1.26895
2010,EN_MAT_DOMCMPC,T,MF122,A,0,G,,1.26117
2011,EN_MAT_DOMCMPC,T,MF122,A,0,G,,1.2385
2012,EN_MAT_DOMCMPC,T,MF122,A,0,G,,1.23199
2013,EN_MAT_DOMCMPC,T,MF122,A,0,G,,1.22382
2014,EN_MAT_DOMCMPC,T,MF122,A,0,G,,1.22363
2015,EN_MAT_DOMCMPC,T,MF122,A,0,G,,1.21929
2016,EN_MAT_DOMCMPC,T,MF122,A,0,G,,1.22771
2017,EN_MAT_DOMCMPC,T,MF122,A,0,G,,1.22522
2018,EN_MAT_DOMCMPC,T,MF122,A,0,G,,1.19899
2019,EN_MAT_DOMCMPC,T,MF122,A,0,G,,1.18707
2000,EN_MAT_DOMCMPC,T,MF13,A,0,G,,0.25391
2001,EN_MAT_DOMCMPC,T,MF13,A,0,G,,0.25686
2002,EN_MAT_DOMCMPC,T,MF13,A,0,G,,0.24501
2003,EN_MAT_DOMCMPC,T,MF13,A,0,G,,0.23427
2004,EN_MAT_DOMCMPC,T,MF13,A,0,G,,0.2207
2005,EN_MAT_DOMCMPC,T,MF13,A,0,G,,0.22828
2006,EN_MAT_DOMCMPC,T,MF13,A,0,G,,0.20074
2007,EN_MAT_DOMCMPC,T,MF13,A,0,G,,0.19712
2008,EN_MAT_DOMCMPC,T,MF13,A,0,G,,0.16976
2009,EN_MAT_DOMCMPC,T,MF13,A,0,G,,0.15682
2010,EN_MAT_DOMCMPC,T,MF13,A,0,G,,0.17728
2011,EN_MAT_DOMCMPC,T,MF13,A,0,G,,0.15732
2012,EN_MAT_DOMCMPC,T,MF13,A,0,G,,0.18452
2013,EN_MAT_DOMCMPC,T,MF13,A,0,G,,0.25018
2014,EN_MAT_DOMCMPC,T,MF13,A,0,G,,0.30077
2015,EN_MAT_DOMCMPC,T,MF13,A,0,G,,0.35858
2016,EN_MAT_DOMCMPC,T,MF13,A,0,G,,0.36752
2017,EN_MAT_DOMCMPC,T,MF13,A,0,G,,0.37755
2018,EN_MAT_DOMCMPC,T,MF13,A,0,G,,0.4135
2019,EN_MAT_DOMCMPC,T,MF13,A,0,G,,0.43698
2000,EN_MAT_DOMCMPC,T,MF14,A,0,G,,0.01349
2001,EN_MAT_DOMCMPC,T,MF14,A,0,G,,0.01426
2002,EN_MAT_DOMCMPC,T,MF14,A,0,G,,0.01345
2003,EN_MAT_DOMCMPC,T,MF14,A,0,G,,0.01094
2004,EN_MAT_DOMCMPC,T,MF14,A,0,G,,0.01052
2005,EN_MAT_DOMCMPC,T,MF14,A,0,G,,0.01086
2006,EN_MAT_DOMCMPC,T,MF14,A,0,G,,0.0127
2007,EN_MAT_DOMCMPC,T,MF14,A,0,G,,0.01
2008,EN_MAT_DOMCMPC,T,MF14,A,0,G,,0.00998
2009,EN_MAT_DOMCMPC,T,MF14,A,0,G,,0.00841
2010,EN_MAT_DOMCMPC,T,MF14,A,0,G,,0.00573
2011,EN_MAT_DOMCMPC,T,MF14,A,0,G,,0.00665
2012,EN_MAT_DOMCMPC,T,MF14,A,0,G,,0.00643
2013,EN_MAT_DOMCMPC,T,MF14,A,0,G,,0.0058
2014,EN_MAT_DOMCMPC,T,MF14,A,0,G,,0.00264
2015,EN_MAT_DOMCMPC,T,MF14,A,0,G,,0.00283
2016,EN_MAT_DOMCMPC,T,MF14,A,0,G,,0.00515
2017,EN_MAT_DOMCMPC,T,MF14,A,0,G,,0.00381
2018,EN_MAT_DOMCMPC,T,MF14,A,0,G,,0.00481
2019,EN_MAT_DOMCMPC,T,MF14,A,0,G,,0.00443
2000,EN_MAT_DOMCMPC,T,MF2,A,0,G,,0.32152
2001,EN_MAT_DOMCMPC,T,MF2,A,0,G,,0.33078
2002,EN_MAT_DOMCMPC,T,MF2,A,0,G,,0.33271
2003,EN_MAT_DOMCMPC,T,MF2,A,0,G,,0.35016
2004,EN_MAT_DOMCMPC,T,MF2,A,0,G,,0.34367
2005,EN_MAT_DOMCMPC,T,MF2,A,0,G,,0.33968
2006,EN_MAT_DOMCMPC,T,MF2,A,0,G,,0.3552
2007,EN_MAT_DOMCMPC,T,MF2,A,0,G,,0.35398
2008,EN_MAT_DOMCMPC,T,MF2,A,0,G,,0.29133
2009,EN_MAT_DOMCMPC,T,MF2,A,0,G,,0.15525
2010,EN_MAT_DOMCMPC,T,MF2,A,0,G,,0.22586
2011,EN_MAT_DOMCMPC,T,MF2,A,0,G,,0.21963
2012,EN_MAT_DOMCMPC,T,MF2,A,0,G,,0.20461
2013,EN_MAT_DOMCMPC,T,MF2,A,0,G,,0.23828
2014,EN_MAT_DOMCMPC,T,MF2,A,0,G,,0.23447
2015,EN_MAT_DOMCMPC,T,MF2,A,0,G,,0.21837
2016,EN_MAT_DOMCMPC,T,MF2,A,0,G,,0.24477
2017,EN_MAT_DOMCMPC,T,MF2,A,0,G,,0.22458
2018,EN_MAT_DOMCMPC,T,MF2,A,0,G,,0.21951
2019,EN_MAT_DOMCMPC,T,MF2,A,0,G,,0.19423
2000,EN_MAT_DOMCMPC,T,MF21,A,0,G,,0.29217
2001,EN_MAT_DOMCMPC,T,MF21,A,0,G,,0.29394
2002,EN_MAT_DOMCMPC,T,MF21,A,0,G,,0.2799
2003,EN_MAT_DOMCMPC,T,MF21,A,0,G,,0.3055
2004,EN_MAT_DOMCMPC,T,MF21,A,0,G,,0.29527
2005,EN_MAT_DOMCMPC,T,MF21,A,0,G,,0.29176
2006,EN_MAT_DOMCMPC,T,MF21,A,0,G,,0.30737
2007,EN_MAT_DOMCMPC,T,MF21,A,0,G,,0.31204
2008,EN_MAT_DOMCMPC,T,MF21,A,0,G,,0.25335
2009,EN_MAT_DOMCMPC,T,MF21,A,0,G,,0.12352
2010,EN_MAT_DOMCMPC,T,MF21,A,0,G,,0.18602
2011,EN_MAT_DOMCMPC,T,MF21,A,0,G,,0.18098
2012,EN_MAT_DOMCMPC,T,MF21,A,0,G,,0.17726
2013,EN_MAT_DOMCMPC,T,MF21,A,0,G,,0.2039
2014,EN_MAT_DOMCMPC,T,MF21,A,0,G,,0.21947
2015,EN_MAT_DOMCMPC,T,MF21,A,0,G,,0.19652
2016,EN_MAT_DOMCMPC,T,MF21,A,0,G,,0.2033
2017,EN_MAT_DOMCMPC,T,MF21,A,0,G,,0.17047
2018,EN_MAT_DOMCMPC,T,MF21,A,0,G,,0.17559
2019,EN_MAT_DOMCMPC,T,MF21,A,0,G,,0.15193
2000,EN_MAT_DOMCMPC,T,MF22,A,0,G,,0.02935
2001,EN_MAT_DOMCMPC,T,MF22,A,0,G,,0.03683
2002,EN_MAT_DOMCMPC,T,MF22,A,0,G,,0.05281
2003,EN_MAT_DOMCMPC,T,MF22,A,0,G,,0.04465
2004,EN_MAT_DOMCMPC,T,MF22,A,0,G,,0.0484
2005,EN_MAT_DOMCMPC,T,MF22,A,0,G,,0.04792
2006,EN_MAT_DOMCMPC,T,MF22,A,0,G,,0.04783
2007,EN_MAT_DOMCMPC,T,MF22,A,0,G,,0.04195
2008,EN_MAT_DOMCMPC,T,MF22,A,0,G,,0.03799
2009,EN_MAT_DOMCMPC,T,MF22,A,0,G,,0.03173
2010,EN_MAT_DOMCMPC,T,MF22,A,0,G,,0.03984
2011,EN_MAT_DOMCMPC,T,MF22,A,0,G,,0.03865
2012,EN_MAT_DOMCMPC,T,MF22,A,0,G,,0.02735
2013,EN_MAT_DOMCMPC,T,MF22,A,0,G,,0.03438
2014,EN_MAT_DOMCMPC,T,MF22,A,0,G,,0.015
2015,EN_MAT_DOMCMPC,T,MF22,A,0,G,,0.02185
2016,EN_MAT_DOMCMPC,T,MF22,A,0,G,,0.04147
2017,EN_MAT_DOMCMPC,T,MF22,A,0,G,,0.05411
2018,EN_MAT_DOMCMPC,T,MF22,A,0,G,,0.04392
2019,EN_MAT_DOMCMPC,T,MF22,A,0,G,,0.04229
2000,EN_MAT_DOMCMPC,T,MF3,A,0,G,,6.45455
2001,EN_MAT_DOMCMPC,T,MF3,A,0,G,,6.60781
2002,EN_MAT_DOMCMPC,T,MF3,A,0,G,,6.24664
2003,EN_MAT_DOMCMPC,T,MF3,A,0,G,,6.09139
2004,EN_MAT_DOMCMPC,T,MF3,A,0,G,,6.31847
2005,EN_MAT_DOMCMPC,T,MF3,A,0,G,,6.07618
2006,EN_MAT_DOMCMPC,T,MF3,A,0,G,,6.06338
2007,EN_MAT_DOMCMPC,T,MF3,A,0,G,,6.02832
2008,EN_MAT_DOMCMPC,T,MF3,A,0,G,,5.27147
2009,EN_MAT_DOMCMPC,T,MF3,A,0,G,,4.20122
2010,EN_MAT_DOMCMPC,T,MF3,A,0,G,,3.99226
2011,EN_MAT_DOMCMPC,T,MF3,A,0,G,,4.16618
2012,EN_MAT_DOMCMPC,T,MF3,A,0,G,,3.75503
2013,EN_MAT_DOMCMPC,T,MF3,A,0,G,,3.73382
2014,EN_MAT_DOMCMPC,T,MF3,A,0,G,,4.96364
2015,EN_MAT_DOMCMPC,T,MF3,A,0,G,,5.2612
2016,EN_MAT_DOMCMPC,T,MF3,A,0,G,,5.4875
2017,EN_MAT_DOMCMPC,T,MF3,A,0,G,,5.40186
2018,EN_MAT_DOMCMPC,T,MF3,A,0,G,,5.48322
2019,EN_MAT_DOMCMPC,T,MF3,A,0,G,,5.43837
2000,EN_MAT_DOMCMPC,T,MF4,A,0,G,,3.79383
2001,EN_MAT_DOMCMPC,T,MF4,A,0,G,,3.89676
2002,EN_MAT_DOMCMPC,T,MF4,A,0,G,,3.74552
2003,EN_MAT_DOMCMPC,T,MF4,A,0,G,,3.73882
2004,EN_MAT_DOMCMPC,T,MF4,A,0,G,,3.90187
2005,EN_MAT_DOMCMPC,T,MF4,A,0,G,,3.82942
2006,EN_MAT_DOMCMPC,T,MF4,A,0,G,,3.76333
2007,EN_MAT_DOMCMPC,T,MF4,A,0,G,,3.54335
2008,EN_MAT_DOMCMPC,T,MF4,A,0,G,,3.55838
2009,EN_MAT_DOMCMPC,T,MF4,A,0,G,,3.22586
2010,EN_MAT_DOMCMPC,T,MF4,A,0,G,,3.08188
2011,EN_MAT_DOMCMPC,T,MF4,A,0,G,,2.99863
2012,EN_MAT_DOMCMPC,T,MF4,A,0,G,,3.01878
2013,EN_MAT_DOMCMPC,T,MF4,A,0,G,,2.91615
2014,EN_MAT_DOMCMPC,T,MF4,A,0,G,,2.63429
2015,EN_MAT_DOMCMPC,T,MF4,A,0,G,,2.25701
2016,EN_MAT_DOMCMPC,T,MF4,A,0,G,,2.00034
2017,EN_MAT_DOMCMPC,T,MF4,A,0,G,,1.95318
2018,EN_MAT_DOMCMPC,T,MF4,A,0,G,,1.935
2019,EN_MAT_DOMCMPC,T,MF4,A,0,G,,1.73646
2000,EN_MAT_DOMCMPC,T,MF41,A,0,G,,1.04846
2001,EN_MAT_DOMCMPC,T,MF41,A,0,G,,1.25426
2002,EN_MAT_DOMCMPC,T,MF41,A,0,G,,1.07795
2003,EN_MAT_DOMCMPC,T,MF41,A,0,G,,1.10019
2004,EN_MAT_DOMCMPC,T,MF41,A,0,G,,1.1085
2005,EN_MAT_DOMCMPC,T,MF41,A,0,G,,1.16075
2006,EN_MAT_DOMCMPC,T,MF41,A,0,G,,1.23205
2007,EN_MAT_DOMCMPC,T,MF41,A,0,G,,1.08752
2008,EN_MAT_DOMCMPC,T,MF41,A,0,G,,1.07944
2009,EN_MAT_DOMCMPC,T,MF41,A,0,G,,0.957
2010,EN_MAT_DOMCMPC,T,MF41,A,0,G,,0.79182
2011,EN_MAT_DOMCMPC,T,MF41,A,0,G,,0.87194
2012,EN_MAT_DOMCMPC,T,MF41,A,0,G,,1.01752
2013,EN_MAT_DOMCMPC,T,MF41,A,0,G,,1.06043
2014,EN_MAT_DOMCMPC,T,MF41,A,0,G,,0.91375
2015,EN_MAT_DOMCMPC,T,MF41,A,0,G,,0.53869
2016,EN_MAT_DOMCMPC,T,MF41,A,0,G,,0.22648
2017,EN_MAT_DOMCMPC,T,MF41,A,0,G,,0.20636
2018,EN_MAT_DOMCMPC,T,MF41,A,0,G,,0.21601
2019,EN_MAT_DOMCMPC,T,MF41,A,0,G,,0.14029
2000,EN_MAT_DOMCMPC,T,MF413,A,0,G,,0.0
2001,EN_MAT_DOMCMPC,T,MF413,A,0,G,,0.0
2002,EN_MAT_DOMCMPC,T,MF413,A,0,G,,0.0
2003,EN_MAT_DOMCMPC,T,MF413,A,0,G,,0.0
2004,EN_MAT_DOMCMPC,T,MF413,A,0,G,,0.0
2005,EN_MAT_DOMCMPC,T,MF413,A,0,G,,0.0
2006,EN_MAT_DOMCMPC,T,MF413,A,0,G,,0.0
2007,EN_MAT_DOMCMPC,T,MF413,A,0,G,,0.0
2008,EN_MAT_DOMCMPC,T,MF413,A,0,G,,0.0
2009,EN_MAT_DOMCMPC,T,MF413,A,0,G,,0.0
2010,EN_MAT_DOMCMPC,T,MF413,A,0,G,,0.0
2011,EN_MAT_DOMCMPC,T,MF413,A,0,G,,0.0
2012,EN_MAT_DOMCMPC,T,MF413,A,0,G,,0.0
2013,EN_MAT_DOMCMPC,T,MF413,A,0,G,,0.0
2014,EN_MAT_DOMCMPC,T,MF413,A,0,G,,0.0
2015,EN_MAT_DOMCMPC,T,MF413,A,0,G,,0.0
2016,EN_MAT_DOMCMPC,T,MF413,A,0,G,,0.0
2017,EN_MAT_DOMCMPC,T,MF413,A,0,G,,0.0
2018,EN_MAT_DOMCMPC,T,MF413,A,0,G,,0.0
2019,EN_MAT_DOMCMPC,T,MF413,A,0,G,,0.0
2000,EN_MAT_DOMCMPC,T,MF421,A,0,G,,1.48861
2001,EN_MAT_DOMCMPC,T,MF421,A,0,G,,1.4091
2002,EN_MAT_DOMCMPC,T,MF421,A,0,G,,1.4457
2003,EN_MAT_DOMCMPC,T,MF421,A,0,G,,1.43301
2004,EN_MAT_DOMCMPC,T,MF421,A,0,G,,1.55977
2005,EN_MAT_DOMCMPC,T,MF421,A,0,G,,1.48464
2006,EN_MAT_DOMCMPC,T,MF421,A,0,G,,1.41112
2007,EN_MAT_DOMCMPC,T,MF421,A,0,G,,1.34946
2008,EN_MAT_DOMCMPC,T,MF421,A,0,G,,1.34316
2009,EN_MAT_DOMCMPC,T,MF421,A,0,G,,1.22931
2010,EN_MAT_DOMCMPC,T,MF421,A,0,G,,1.19499
2011,EN_MAT_DOMCMPC,T,MF421,A,0,G,,1.19184
2012,EN_MAT_DOMCMPC,T,MF421,A,0,G,,1.14822
2013,EN_MAT_DOMCMPC,T,MF421,A,0,G,,1.01767
2014,EN_MAT_DOMCMPC,T,MF421,A,0,G,,0.95836
2015,EN_MAT_DOMCMPC,T,MF421,A,0,G,,0.94418
2016,EN_MAT_DOMCMPC,T,MF421,A,0,G,,0.92579
2017,EN_MAT_DOMCMPC,T,MF421,A,0,G,,0.92145
2018,EN_MAT_DOMCMPC,T,MF421,A,0,G,,0.87405
2019,EN_MAT_DOMCMPC,T,MF421,A,0,G,,0.80716
2000,EN_MAT_DOMCMPC,T,MF422,A,0,G,,1.25675
2001,EN_MAT_DOMCMPC,T,MF422,A,0,G,,1.23341
2002,EN_MAT_DOMCMPC,T,MF422,A,0,G,,1.22186
2003,EN_MAT_DOMCMPC,T,MF422,A,0,G,,1.20562
2004,EN_MAT_DOMCMPC,T,MF422,A,0,G,,1.23359
2005,EN_MAT_DOMCMPC,T,MF422,A,0,G,,1.18404
2006,EN_MAT_DOMCMPC,T,MF422,A,0,G,,1.12017
2007,EN_MAT_DOMCMPC,T,MF422,A,0,G,,1.10637
2008,EN_MAT_DOMCMPC,T,MF422,A,0,G,,1.13577
2009,EN_MAT_DOMCMPC,T,MF422,A,0,G,,1.03955
2010,EN_MAT_DOMCMPC,T,MF422,A,0,G,,1.09507
2011,EN_MAT_DOMCMPC,T,MF422,A,0,G,,0.93485
2012,EN_MAT_DOMCMPC,T,MF422,A,0,G,,0.85304
2013,EN_MAT_DOMCMPC,T,MF422,A,0,G,,0.83806
2014,EN_MAT_DOMCMPC,T,MF422,A,0,G,,0.76219
2015,EN_MAT_DOMCMPC,T,MF422,A,0,G,,0.77414
2016,EN_MAT_DOMCMPC,T,MF422,A,0,G,,0.84807
2017,EN_MAT_DOMCMPC,T,MF422,A,0,G,,0.82536
2018,EN_MAT_DOMCMPC,T,MF422,A,0,G,,0.84494
2019,EN_MAT_DOMCMPC,T,MF422,A,0,G,,0.78902
2000,EN_MAT_DOMCMPG,KG_PER_CON_USD,,A,0,G,2015,0.34854
2001,EN_MAT_DOMCMPG,KG_PER_CON_USD,,A,0,G,2015,0.34478
2002,EN_MAT_DOMCMPG,KG_PER_CON_USD,,A,0,G,2015,0.32778
2003,EN_MAT_DOMCMPG,KG_PER_CON_USD,,A,0,G,2015,0.31371
2004,EN_MAT_DOMCMPG,KG_PER_CON_USD,,A,0,G,2015,0.31785
2005,EN_MAT_DOMCMPG,KG_PER_CON_USD,,A,0,G,2015,0.30438
2006,EN_MAT_DOMCMPG,KG_PER_CON_USD,,A,0,G,2015,0.29567
2007,EN_MAT_DOMCMPG,KG_PER_CON_USD,,A,0,G,2015,0.28399
2008,EN_MAT_DOMCMPG,KG_PER_CON_USD,,A,0,G,2015,0.2711
2009,EN_MAT_DOMCMPG,KG_PER_CON_USD,,A,0,G,2015,0.24602
2010,EN_MAT_DOMCMPG,KG_PER_CON_USD,,A,0,G,2015,0.23497
2011,EN_MAT_DOMCMPG,KG_PER_CON_USD,,A,0,G,2015,0.23623
2012,EN_MAT_DOMCMPG,KG_PER_CON_USD,,A,0,G,2015,0.22348
2013,EN_MAT_DOMCMPG,KG_PER_CON_USD,,A,0,G,2015,0.22238
2014,EN_MAT_DOMCMPG,KG_PER_CON_USD,,A,0,G,2015,0.24199
2015,EN_MAT_DOMCMPG,KG_PER_CON_USD,,A,0,G,2015,0.23478
2016,EN_MAT_DOMCMPG,KG_PER_CON_USD,,A,0,G,2015,0.22852
2017,EN_MAT_DOMCMPG,KG_PER_CON_USD,,A,0,G,2015,0.22562
2018,EN_MAT_DOMCMPG,KG_PER_CON_USD,,A,0,G,2015,0.2225
2019,EN_MAT_DOMCMPG,KG_PER_CON_USD,,A,0,G,2015,0.2142
2000,EN_MAT_DOMCMPG,KG_PER_CON_USD,MF_AGG3A,A,0,G,2015,0.16033
2001,EN_MAT_DOMCMPG,KG_PER_CON_USD,MF_AGG3A,A,0,G,2015,0.16057
2002,EN_MAT_DOMCMPG,KG_PER_CON_USD,MF_AGG3A,A,0,G,2015,0.14855
2003,EN_MAT_DOMCMPG,KG_PER_CON_USD,MF_AGG3A,A,0,G,2015,0.14072
2004,EN_MAT_DOMCMPG,KG_PER_CON_USD,MF_AGG3A,A,0,G,2015,0.14392
2005,EN_MAT_DOMCMPG,KG_PER_CON_USD,MF_AGG3A,A,0,G,2015,0.13494
2006,EN_MAT_DOMCMPG,KG_PER_CON_USD,MF_AGG3A,A,0,G,2015,0.13216
2007,EN_MAT_DOMCMPG,KG_PER_CON_USD,MF_AGG3A,A,0,G,2015,0.1301
2008,EN_MAT_DOMCMPG,KG_PER_CON_USD,MF_AGG3A,A,0,G,2015,0.11495
2009,EN_MAT_DOMCMPG,KG_PER_CON_USD,MF_AGG3A,A,0,G,2015,0.09576
2010,EN_MAT_DOMCMPG,KG_PER_CON_USD,MF_AGG3A,A,0,G,2015,0.08885
2011,EN_MAT_DOMCMPG,KG_PER_CON_USD,MF_AGG3A,A,0,G,2015,0.09115
2012,EN_MAT_DOMCMPG,KG_PER_CON_USD,MF_AGG3A,A,0,G,2015,0.08136
2013,EN_MAT_DOMCMPG,KG_PER_CON_USD,MF_AGG3A,A,0,G,2015,0.07933
2014,EN_MAT_DOMCMPG,KG_PER_CON_USD,MF_AGG3A,A,0,G,2015,0.1065
2015,EN_MAT_DOMCMPG,KG_PER_CON_USD,MF_AGG3A,A,0,G,2015,0.11285
2016,EN_MAT_DOMCMPG,KG_PER_CON_USD,MF_AGG3A,A,0,G,2015,0.11684
2017,EN_MAT_DOMCMPG,KG_PER_CON_USD,MF_AGG3A,A,0,G,2015,0.11491
2018,EN_MAT_DOMCMPG,KG_PER_CON_USD,MF_AGG3A,A,0,G,2015,0.11551
2019,EN_MAT_DOMCMPG,KG_PER_CON_USD,MF_AGG3A,A,0,G,2015,0.11394
2000,EN_MAT_DOMCMPG,KG_PER_CON_USD,MF_AGG3B,A,0,G,2015,0.00762
2001,EN_MAT_DOMCMPG,KG_PER_CON_USD,MF_AGG3B,A,0,G,2015,0.00737
2002,EN_MAT_DOMCMPG,KG_PER_CON_USD,MF_AGG3B,A,0,G,2015,0.00737
2003,EN_MAT_DOMCMPG,KG_PER_CON_USD,MF_AGG3B,A,0,G,2015,0.00701
2004,EN_MAT_DOMCMPG,KG_PER_CON_USD,MF_AGG3B,A,0,G,2015,0.00668
2005,EN_MAT_DOMCMPG,KG_PER_CON_USD,MF_AGG3B,A,0,G,2015,0.0067
2006,EN_MAT_DOMCMPG,KG_PER_CON_USD,MF_AGG3B,A,0,G,2015,0.00669
2007,EN_MAT_DOMCMPG,KG_PER_CON_USD,MF_AGG3B,A,0,G,2015,0.00617
2008,EN_MAT_DOMCMPG,KG_PER_CON_USD,MF_AGG3B,A,0,G,2015,0.00588
2009,EN_MAT_DOMCMPG,KG_PER_CON_USD,MF_AGG3B,A,0,G,2015,0.00578
2010,EN_MAT_DOMCMPG,KG_PER_CON_USD,MF_AGG3B,A,0,G,2015,0.00662
2011,EN_MAT_DOMCMPG,KG_PER_CON_USD,MF_AGG3B,A,0,G,2015,0.0081
2012,EN_MAT_DOMCMPG,KG_PER_CON_USD,MF_AGG3B,A,0,G,2015,0.00754
2013,EN_MAT_DOMCMPG,KG_PER_CON_USD,MF_AGG3B,A,0,G,2015,0.00778
2014,EN_MAT_DOMCMPG,KG_PER_CON_USD,MF_AGG3B,A,0,G,2015,0.00684
2015,EN_MAT_DOMCMPG,KG_PER_CON_USD,MF_AGG3B,A,0,G,2015,0.00529
2016,EN_MAT_DOMCMPG,KG_PER_CON_USD,MF_AGG3B,A,0,G,2015,0.00511
2017,EN_MAT_DOMCMPG,KG_PER_CON_USD,MF_AGG3B,A,0,G,2015,0.00385
2018,EN_MAT_DOMCMPG,KG_PER_CON_USD,MF_AGG3B,A,0,G,2015,0.00428
2019,EN_MAT_DOMCMPG,KG_PER_CON_USD,MF_AGG3B,A,0,G,2015,0.00407
2000,EN_MAT_DOMCMPG,KG_PER_CON_USD,MF1,A,0,G,2015,0.08056
2001,EN_MAT_DOMCMPG,KG_PER_CON_USD,MF1,A,0,G,2015,0.07412
2002,EN_MAT_DOMCMPG,KG_PER_CON_USD,MF1,A,0,G,2015,0.0744
2003,EN_MAT_DOMCMPG,KG_PER_CON_USD,MF1,A,0,G,2015,0.07005
2004,EN_MAT_DOMCMPG,KG_PER_CON_USD,MF1,A,0,G,2015,0.06956
2005,EN_MAT_DOMCMPG,KG_PER_CON_USD,MF1,A,0,G,2015,0.06782
2006,EN_MAT_DOMCMPG,KG_PER_CON_USD,MF1,A,0,G,2015,0.06439
2007,EN_MAT_DOMCMPG,KG_PER_CON_USD,MF1,A,0,G,2015,0.06117
2008,EN_MAT_DOMCMPG,KG_PER_CON_USD,MF1,A,0,G,2015,0.0636
2009,EN_MAT_DOMCMPG,KG_PER_CON_USD,MF1,A,0,G,2015,0.06386
2010,EN_MAT_DOMCMPG,KG_PER_CON_USD,MF1,A,0,G,2015,0.06157
2011,EN_MAT_DOMCMPG,KG_PER_CON_USD,MF1,A,0,G,2015,0.06192
2012,EN_MAT_DOMCMPG,KG_PER_CON_USD,MF1,A,0,G,2015,0.0599
2013,EN_MAT_DOMCMPG,KG_PER_CON_USD,MF1,A,0,G,2015,0.06263
2014,EN_MAT_DOMCMPG,KG_PER_CON_USD,MF1,A,0,G,2015,0.06448
2015,EN_MAT_DOMCMPG,KG_PER_CON_USD,MF1,A,0,G,2015,0.06295
2016,EN_MAT_DOMCMPG,KG_PER_CON_USD,MF1,A,0,G,2015,0.05976
2017,EN_MAT_DOMCMPG,KG_PER_CON_USD,MF1,A,0,G,2015,0.06291
2018,EN_MAT_DOMCMPG,KG_PER_CON_USD,MF1,A,0,G,2015,0.0604
2019,EN_MAT_DOMCMPG,KG_PER_CON_USD,MF1,A,0,G,2015,0.05977
2000,EN_MAT_DOMCMPG,KG_PER_CON_USD,MF11,A,0,G,2015,0.0245
2001,EN_MAT_DOMCMPG,KG_PER_CON_USD,MF11,A,0,G,2015,0.02362
2002,EN_MAT_DOMCMPG,KG_PER_CON_USD,MF11,A,0,G,2015,0.02479
2003,EN_MAT_DOMCMPG,KG_PER_CON_USD,MF11,A,0,G,2015,0.02214
2004,EN_MAT_DOMCMPG,KG_PER_CON_USD,MF11,A,0,G,2015,0.02281
2005,EN_MAT_DOMCMPG,KG_PER_CON_USD,MF11,A,0,G,2015,0.02192
2006,EN_MAT_DOMCMPG,KG_PER_CON_USD,MF11,A,0,G,2015,0.02085
2007,EN_MAT_DOMCMPG,KG_PER_CON_USD,MF11,A,0,G,2015,0.01987
2008,EN_MAT_DOMCMPG,KG_PER_CON_USD,MF11,A,0,G,2015,0.02211
2009,EN_MAT_DOMCMPG,KG_PER_CON_USD,MF11,A,0,G,2015,0.02219
2010,EN_MAT_DOMCMPG,KG_PER_CON_USD,MF11,A,0,G,2015,0.0202
2011,EN_MAT_DOMCMPG,KG_PER_CON_USD,MF11,A,0,G,2015,0.0214
2012,EN_MAT_DOMCMPG,KG_PER_CON_USD,MF11,A,0,G,2015,0.01986
2013,EN_MAT_DOMCMPG,KG_PER_CON_USD,MF11,A,0,G,2015,0.02192
2014,EN_MAT_DOMCMPG,KG_PER_CON_USD,MF11,A,0,G,2015,0.02238
2015,EN_MAT_DOMCMPG,KG_PER_CON_USD,MF11,A,0,G,2015,0.02027
2016,EN_MAT_DOMCMPG,KG_PER_CON_USD,MF11,A,0,G,2015,0.01813
2017,EN_MAT_DOMCMPG,KG_PER_CON_USD,MF11,A,0,G,2015,0.02121
2018,EN_MAT_DOMCMPG,KG_PER_CON_USD,MF11,A,0,G,2015,0.01929
2019,EN_MAT_DOMCMPG,KG_PER_CON_USD,MF11,A,0,G,2015,0.01869
2000,EN_MAT_DOMCMPG,KG_PER_CON_USD,MF121,A,0,G,2015,0.00831
2001,EN_MAT_DOMCMPG,KG_PER_CON_USD,MF121,A,0,G,2015,0.00666
2002,EN_MAT_DOMCMPG,KG_PER_CON_USD,MF121,A,0,G,2015,0.00784
2003,EN_MAT_DOMCMPG,KG_PER_CON_USD,MF121,A,0,G,2015,0.00735
2004,EN_MAT_DOMCMPG,KG_PER_CON_USD,MF121,A,0,G,2015,0.00728
2005,EN_MAT_DOMCMPG,KG_PER_CON_USD,MF121,A,0,G,2015,0.00695
2006,EN_MAT_DOMCMPG,KG_PER_CON_USD,MF121,A,0,G,2015,0.00667
2007,EN_MAT_DOMCMPG,KG_PER_CON_USD,MF121,A,0,G,2015,0.00613
2008,EN_MAT_DOMCMPG,KG_PER_CON_USD,MF121,A,0,G,2015,0.00741
2009,EN_MAT_DOMCMPG,KG_PER_CON_USD,MF121,A,0,G,2015,0.00701
2010,EN_MAT_DOMCMPG,KG_PER_CON_USD,MF121,A,0,G,2015,0.00683
2011,EN_MAT_DOMCMPG,KG_PER_CON_USD,MF121,A,0,G,2015,0.00711
2012,EN_MAT_DOMCMPG,KG_PER_CON_USD,MF121,A,0,G,2015,0.00635
2013,EN_MAT_DOMCMPG,KG_PER_CON_USD,MF121,A,0,G,2015,0.00618
2014,EN_MAT_DOMCMPG,KG_PER_CON_USD,MF121,A,0,G,2015,0.00724
2015,EN_MAT_DOMCMPG,KG_PER_CON_USD,MF121,A,0,G,2015,0.00718
2016,EN_MAT_DOMCMPG,KG_PER_CON_USD,MF121,A,0,G,2015,0.00607
2017,EN_MAT_DOMCMPG,KG_PER_CON_USD,MF121,A,0,G,2015,0.00637
2018,EN_MAT_DOMCMPG,KG_PER_CON_USD,MF121,A,0,G,2015,0.00578
2019,EN_MAT_DOMCMPG,KG_PER_CON_USD,MF121,A,0,G,2015,0.00574
2000,EN_MAT_DOMCMPG,KG_PER_CON_USD,MF122,A,0,G,2015,0.04079
2001,EN_MAT_DOMCMPG,KG_PER_CON_USD,MF122,A,0,G,2015,0.03694
2002,EN_MAT_DOMCMPG,KG_PER_CON_USD,MF122,A,0,G,2015,0.03531
2003,EN_MAT_DOMCMPG,KG_PER_CON_USD,MF122,A,0,G,2015,0.03462
2004,EN_MAT_DOMCMPG,KG_PER_CON_USD,MF122,A,0,G,2015,0.03396
2005,EN_MAT_DOMCMPG,KG_PER_CON_USD,MF122,A,0,G,2015,0.03338
2006,EN_MAT_DOMCMPG,KG_PER_CON_USD,MF122,A,0,G,2015,0.03199
2007,EN_MAT_DOMCMPG,KG_PER_CON_USD,MF122,A,0,G,2015,0.03048
2008,EN_MAT_DOMCMPG,KG_PER_CON_USD,MF122,A,0,G,2015,0.02996
2009,EN_MAT_DOMCMPG,KG_PER_CON_USD,MF122,A,0,G,2015,0.03067
2010,EN_MAT_DOMCMPG,KG_PER_CON_USD,MF122,A,0,G,2015,0.03016
2011,EN_MAT_DOMCMPG,KG_PER_CON_USD,MF122,A,0,G,2015,0.02951
2012,EN_MAT_DOMCMPG,KG_PER_CON_USD,MF122,A,0,G,2015,0.02916
2013,EN_MAT_DOMCMPG,KG_PER_CON_USD,MF122,A,0,G,2015,0.02855
2014,EN_MAT_DOMCMPG,KG_PER_CON_USD,MF122,A,0,G,2015,0.02794
2015,EN_MAT_DOMCMPG,KG_PER_CON_USD,MF122,A,0,G,2015,0.02738
2016,EN_MAT_DOMCMPG,KG_PER_CON_USD,MF122,A,0,G,2015,0.02728
2017,EN_MAT_DOMCMPG,KG_PER_CON_USD,MF122,A,0,G,2015,0.02694
2018,EN_MAT_DOMCMPG,KG_PER_CON_USD,MF122,A,0,G,2015,0.02619
2019,EN_MAT_DOMCMPG,KG_PER_CON_USD,MF122,A,0,G,2015,0.02576
2000,EN_MAT_DOMCMPG,KG_PER_CON_USD,MF13,A,0,G,2015,0.00661
2001,EN_MAT_DOMCMPG,KG_PER_CON_USD,MF13,A,0,G,2015,0.00653
2002,EN_MAT_DOMCMPG,KG_PER_CON_USD,MF13,A,0,G,2015,0.00612
2003,EN_MAT_DOMCMPG,KG_PER_CON_USD,MF13,A,0,G,2015,0.00568
2004,EN_MAT_DOMCMPG,KG_PER_CON_USD,MF13,A,0,G,2015,0.00526
2005,EN_MAT_DOMCMPG,KG_PER_CON_USD,MF13,A,0,G,2015,0.00532
2006,EN_MAT_DOMCMPG,KG_PER_CON_USD,MF13,A,0,G,2015,0.0046
2007,EN_MAT_DOMCMPG,KG_PER_CON_USD,MF13,A,0,G,2015,0.00446
2008,EN_MAT_DOMCMPG,KG_PER_CON_USD,MF13,A,0,G,2015,0.00389
2009,EN_MAT_DOMCMPG,KG_PER_CON_USD,MF13,A,0,G,2015,0.00379
2010,EN_MAT_DOMCMPG,KG_PER_CON_USD,MF13,A,0,G,2015,0.00424
2011,EN_MAT_DOMCMPG,KG_PER_CON_USD,MF13,A,0,G,2015,0.00375
2012,EN_MAT_DOMCMPG,KG_PER_CON_USD,MF13,A,0,G,2015,0.00437
2013,EN_MAT_DOMCMPG,KG_PER_CON_USD,MF13,A,0,G,2015,0.00584
2014,EN_MAT_DOMCMPG,KG_PER_CON_USD,MF13,A,0,G,2015,0.00687
2015,EN_MAT_DOMCMPG,KG_PER_CON_USD,MF13,A,0,G,2015,0.00805
2016,EN_MAT_DOMCMPG,KG_PER_CON_USD,MF13,A,0,G,2015,0.00817
2017,EN_MAT_DOMCMPG,KG_PER_CON_USD,MF13,A,0,G,2015,0.0083
2018,EN_MAT_DOMCMPG,KG_PER_CON_USD,MF13,A,0,G,2015,0.00903
2019,EN_MAT_DOMCMPG,KG_PER_CON_USD,MF13,A,0,G,2015,0.00948
2000,EN_MAT_DOMCMPG,KG_PER_CON_USD,MF14,A,0,G,2015,0.00035
2001,EN_MAT_DOMCMPG,KG_PER_CON_USD,MF14,A,0,G,2015,0.00036
2002,EN_MAT_DOMCMPG,KG_PER_CON_USD,MF14,A,0,G,2015,0.00034
2003,EN_MAT_DOMCMPG,KG_PER_CON_USD,MF14,A,0,G,2015,0.00027
2004,EN_MAT_DOMCMPG,KG_PER_CON_USD,MF14,A,0,G,2015,0.00025
2005,EN_MAT_DOMCMPG,KG_PER_CON_USD,MF14,A,0,G,2015,0.00025
2006,EN_MAT_DOMCMPG,KG_PER_CON_USD,MF14,A,0,G,2015,0.00029
2007,EN_MAT_DOMCMPG,KG_PER_CON_USD,MF14,A,0,G,2015,0.00023
2008,EN_MAT_DOMCMPG,KG_PER_CON_USD,MF14,A,0,G,2015,0.00023
2009,EN_MAT_DOMCMPG,KG_PER_CON_USD,MF14,A,0,G,2015,0.0002
2010,EN_MAT_DOMCMPG,KG_PER_CON_USD,MF14,A,0,G,2015,0.00014
2011,EN_MAT_DOMCMPG,KG_PER_CON_USD,MF14,A,0,G,2015,0.00016
2012,EN_MAT_DOMCMPG,KG_PER_CON_USD,MF14,A,0,G,2015,0.00015
2013,EN_MAT_DOMCMPG,KG_PER_CON_USD,MF14,A,0,G,2015,0.00014
2014,EN_MAT_DOMCMPG,KG_PER_CON_USD,MF14,A,0,G,2015,6e-05
2015,EN_MAT_DOMCMPG,KG_PER_CON_USD,MF14,A,0,G,2015,6e-05
2016,EN_MAT_DOMCMPG,KG_PER_CON_USD,MF14,A,0,G,2015,0.00011
2017,EN_MAT_DOMCMPG,KG_PER_CON_USD,MF14,A,0,G,2015,8e-05
2018,EN_MAT_DOMCMPG,KG_PER_CON_USD,MF14,A,0,G,2015,0.0001
2019,EN_MAT_DOMCMPG,KG_PER_CON_USD,MF14,A,0,G,2015,0.0001
2000,EN_MAT_DOMCMPG,KG_PER_CON_USD,MF2,A,0,G,2015,0.00837
2001,EN_MAT_DOMCMPG,KG_PER_CON_USD,MF2,A,0,G,2015,0.00841
2002,EN_MAT_DOMCMPG,KG_PER_CON_USD,MF2,A,0,G,2015,0.0083
2003,EN_MAT_DOMCMPG,KG_PER_CON_USD,MF2,A,0,G,2015,0.00849
2004,EN_MAT_DOMCMPG,KG_PER_CON_USD,MF2,A,0,G,2015,0.00819
2005,EN_MAT_DOMCMPG,KG_PER_CON_USD,MF2,A,0,G,2015,0.00792
2006,EN_MAT_DOMCMPG,KG_PER_CON_USD,MF2,A,0,G,2015,0.00813
2007,EN_MAT_DOMCMPG,KG_PER_CON_USD,MF2,A,0,G,2015,0.008
2008,EN_MAT_DOMCMPG,KG_PER_CON_USD,MF2,A,0,G,2015,0.00668
2009,EN_MAT_DOMCMPG,KG_PER_CON_USD,MF2,A,0,G,2015,0.00375
2010,EN_MAT_DOMCMPG,KG_PER_CON_USD,MF2,A,0,G,2015,0.0054
2011,EN_MAT_DOMCMPG,KG_PER_CON_USD,MF2,A,0,G,2015,0.00523
2012,EN_MAT_DOMCMPG,KG_PER_CON_USD,MF2,A,0,G,2015,0.00484
2013,EN_MAT_DOMCMPG,KG_PER_CON_USD,MF2,A,0,G,2015,0.00556
2014,EN_MAT_DOMCMPG,KG_PER_CON_USD,MF2,A,0,G,2015,0.00535
2015,EN_MAT_DOMCMPG,KG_PER_CON_USD,MF2,A,0,G,2015,0.0049
2016,EN_MAT_DOMCMPG,KG_PER_CON_USD,MF2,A,0,G,2015,0.00544
2017,EN_MAT_DOMCMPG,KG_PER_CON_USD,MF2,A,0,G,2015,0.00494
2018,EN_MAT_DOMCMPG,KG_PER_CON_USD,MF2,A,0,G,2015,0.0048
2019,EN_MAT_DOMCMPG,KG_PER_CON_USD,MF2,A,0,G,2015,0.00421
2000,EN_MAT_DOMCMPG,KG_PER_CON_USD,MF21,A,0,G,2015,0.0076
2001,EN_MAT_DOMCMPG,KG_PER_CON_USD,MF21,A,0,G,2015,0.00747
2002,EN_MAT_DOMCMPG,KG_PER_CON_USD,MF21,A,0,G,2015,0.00699
2003,EN_MAT_DOMCMPG,KG_PER_CON_USD,MF21,A,0,G,2015,0.00741
2004,EN_MAT_DOMCMPG,KG_PER_CON_USD,MF21,A,0,G,2015,0.00704
2005,EN_MAT_DOMCMPG,KG_PER_CON_USD,MF21,A,0,G,2015,0.0068
2006,EN_MAT_DOMCMPG,KG_PER_CON_USD,MF21,A,0,G,2015,0.00704
2007,EN_MAT_DOMCMPG,KG_PER_CON_USD,MF21,A,0,G,2015,0.00705
2008,EN_MAT_DOMCMPG,KG_PER_CON_USD,MF21,A,0,G,2015,0.00581
2009,EN_MAT_DOMCMPG,KG_PER_CON_USD,MF21,A,0,G,2015,0.00299
2010,EN_MAT_DOMCMPG,KG_PER_CON_USD,MF21,A,0,G,2015,0.00445
2011,EN_MAT_DOMCMPG,KG_PER_CON_USD,MF21,A,0,G,2015,0.00431
2012,EN_MAT_DOMCMPG,KG_PER_CON_USD,MF21,A,0,G,2015,0.0042
2013,EN_MAT_DOMCMPG,KG_PER_CON_USD,MF21,A,0,G,2015,0.00476
2014,EN_MAT_DOMCMPG,KG_PER_CON_USD,MF21,A,0,G,2015,0.00501
2015,EN_MAT_DOMCMPG,KG_PER_CON_USD,MF21,A,0,G,2015,0.00441
2016,EN_MAT_DOMCMPG,KG_PER_CON_USD,MF21,A,0,G,2015,0.00452
2017,EN_MAT_DOMCMPG,KG_PER_CON_USD,MF21,A,0,G,2015,0.00375
2018,EN_MAT_DOMCMPG,KG_PER_CON_USD,MF21,A,0,G,2015,0.00384
2019,EN_MAT_DOMCMPG,KG_PER_CON_USD,MF21,A,0,G,2015,0.0033
2000,EN_MAT_DOMCMPG,KG_PER_CON_USD,MF22,A,0,G,2015,0.00076
2001,EN_MAT_DOMCMPG,KG_PER_CON_USD,MF22,A,0,G,2015,0.00094
2002,EN_MAT_DOMCMPG,KG_PER_CON_USD,MF22,A,0,G,2015,0.00132
2003,EN_MAT_DOMCMPG,KG_PER_CON_USD,MF22,A,0,G,2015,0.00108
2004,EN_MAT_DOMCMPG,KG_PER_CON_USD,MF22,A,0,G,2015,0.00115
2005,EN_MAT_DOMCMPG,KG_PER_CON_USD,MF22,A,0,G,2015,0.00112
2006,EN_MAT_DOMCMPG,KG_PER_CON_USD,MF22,A,0,G,2015,0.0011
2007,EN_MAT_DOMCMPG,KG_PER_CON_USD,MF22,A,0,G,2015,0.00095
2008,EN_MAT_DOMCMPG,KG_PER_CON_USD,MF22,A,0,G,2015,0.00087
2009,EN_MAT_DOMCMPG,KG_PER_CON_USD,MF22,A,0,G,2015,0.00077
2010,EN_MAT_DOMCMPG,KG_PER_CON_USD,MF22,A,0,G,2015,0.00095
2011,EN_MAT_DOMCMPG,KG_PER_CON_USD,MF22,A,0,G,2015,0.00092
2012,EN_MAT_DOMCMPG,KG_PER_CON_USD,MF22,A,0,G,2015,0.00065
2013,EN_MAT_DOMCMPG,KG_PER_CON_USD,MF22,A,0,G,2015,0.0008
2014,EN_MAT_DOMCMPG,KG_PER_CON_USD,MF22,A,0,G,2015,0.00034
2015,EN_MAT_DOMCMPG,KG_PER_CON_USD,MF22,A,0,G,2015,0.00049
2016,EN_MAT_DOMCMPG,KG_PER_CON_USD,MF22,A,0,G,2015,0.00092
2017,EN_MAT_DOMCMPG,KG_PER_CON_USD,MF22,A,0,G,2015,0.00119
2018,EN_MAT_DOMCMPG,KG_PER_CON_USD,MF22,A,0,G,2015,0.00096
2019,EN_MAT_DOMCMPG,KG_PER_CON_USD,MF22,A,0,G,2015,0.00092
2000,EN_MAT_DOMCMPG,KG_PER_CON_USD,MF3,A,0,G,2015,0.16796
2001,EN_MAT_DOMCMPG,KG_PER_CON_USD,MF3,A,0,G,2015,0.16794
2002,EN_MAT_DOMCMPG,KG_PER_CON_USD,MF3,A,0,G,2015,0.15591
2003,EN_MAT_DOMCMPG,KG_PER_CON_USD,MF3,A,0,G,2015,0.14773
2004,EN_MAT_DOMCMPG,KG_PER_CON_USD,MF3,A,0,G,2015,0.1506
2005,EN_MAT_DOMCMPG,KG_PER_CON_USD,MF3,A,0,G,2015,0.14164
2006,EN_MAT_DOMCMPG,KG_PER_CON_USD,MF3,A,0,G,2015,0.13885
2007,EN_MAT_DOMCMPG,KG_PER_CON_USD,MF3,A,0,G,2015,0.13627
2008,EN_MAT_DOMCMPG,KG_PER_CON_USD,MF3,A,0,G,2015,0.12084
2009,EN_MAT_DOMCMPG,KG_PER_CON_USD,MF3,A,0,G,2015,0.10154
2010,EN_MAT_DOMCMPG,KG_PER_CON_USD,MF3,A,0,G,2015,0.09548
2011,EN_MAT_DOMCMPG,KG_PER_CON_USD,MF3,A,0,G,2015,0.09925
2012,EN_MAT_DOMCMPG,KG_PER_CON_USD,MF3,A,0,G,2015,0.08889
2013,EN_MAT_DOMCMPG,KG_PER_CON_USD,MF3,A,0,G,2015,0.08711
2014,EN_MAT_DOMCMPG,KG_PER_CON_USD,MF3,A,0,G,2015,0.11334
2015,EN_MAT_DOMCMPG,KG_PER_CON_USD,MF3,A,0,G,2015,0.11815
2016,EN_MAT_DOMCMPG,KG_PER_CON_USD,MF3,A,0,G,2015,0.12195
2017,EN_MAT_DOMCMPG,KG_PER_CON_USD,MF3,A,0,G,2015,0.11876
2018,EN_MAT_DOMCMPG,KG_PER_CON_USD,MF3,A,0,G,2015,0.11979
2019,EN_MAT_DOMCMPG,KG_PER_CON_USD,MF3,A,0,G,2015,0.11801
2000,EN_MAT_DOMCMPG,KG_PER_CON_USD,MF4,A,0,G,2015,0.09872
2001,EN_MAT_DOMCMPG,KG_PER_CON_USD,MF4,A,0,G,2015,0.09904
2002,EN_MAT_DOMCMPG,KG_PER_CON_USD,MF4,A,0,G,2015,0.09348
2003,EN_MAT_DOMCMPG,KG_PER_CON_USD,MF4,A,0,G,2015,0.09068
2004,EN_MAT_DOMCMPG,KG_PER_CON_USD,MF4,A,0,G,2015,0.093
2005,EN_MAT_DOMCMPG,KG_PER_CON_USD,MF4,A,0,G,2015,0.08927
2006,EN_MAT_DOMCMPG,KG_PER_CON_USD,MF4,A,0,G,2015,0.08618
2007,EN_MAT_DOMCMPG,KG_PER_CON_USD,MF4,A,0,G,2015,0.0801
2008,EN_MAT_DOMCMPG,KG_PER_CON_USD,MF4,A,0,G,2015,0.08157
2009,EN_MAT_DOMCMPG,KG_PER_CON_USD,MF4,A,0,G,2015,0.07797
2010,EN_MAT_DOMCMPG,KG_PER_CON_USD,MF4,A,0,G,2015,0.07371
2011,EN_MAT_DOMCMPG,KG_PER_CON_USD,MF4,A,0,G,2015,0.07144
2012,EN_MAT_DOMCMPG,KG_PER_CON_USD,MF4,A,0,G,2015,0.07146
2013,EN_MAT_DOMCMPG,KG_PER_CON_USD,MF4,A,0,G,2015,0.06804
2014,EN_MAT_DOMCMPG,KG_PER_CON_USD,MF4,A,0,G,2015,0.06015
2015,EN_MAT_DOMCMPG,KG_PER_CON_USD,MF4,A,0,G,2015,0.05068
2016,EN_MAT_DOMCMPG,KG_PER_CON_USD,MF4,A,0,G,2015,0.04445
2017,EN_MAT_DOMCMPG,KG_PER_CON_USD,MF4,A,0,G,2015,0.04294
2018,EN_MAT_DOMCMPG,KG_PER_CON_USD,MF4,A,0,G,2015,0.04227
2019,EN_MAT_DOMCMPG,KG_PER_CON_USD,MF4,A,0,G,2015,0.03768
2000,EN_MAT_DOMCMPG,KG_PER_CON_USD,MF41,A,0,G,2015,0.02728
2001,EN_MAT_DOMCMPG,KG_PER_CON_USD,MF41,A,0,G,2015,0.03188
2002,EN_MAT_DOMCMPG,KG_PER_CON_USD,MF41,A,0,G,2015,0.0269
2003,EN_MAT_DOMCMPG,KG_PER_CON_USD,MF41,A,0,G,2015,0.02668
2004,EN_MAT_DOMCMPG,KG_PER_CON_USD,MF41,A,0,G,2015,0.02642
2005,EN_MAT_DOMCMPG,KG_PER_CON_USD,MF41,A,0,G,2015,0.02706
2006,EN_MAT_DOMCMPG,KG_PER_CON_USD,MF41,A,0,G,2015,0.02821
2007,EN_MAT_DOMCMPG,KG_PER_CON_USD,MF41,A,0,G,2015,0.02458
2008,EN_MAT_DOMCMPG,KG_PER_CON_USD,MF41,A,0,G,2015,0.02474
2009,EN_MAT_DOMCMPG,KG_PER_CON_USD,MF41,A,0,G,2015,0.02313
2010,EN_MAT_DOMCMPG,KG_PER_CON_USD,MF41,A,0,G,2015,0.01894
2011,EN_MAT_DOMCMPG,KG_PER_CON_USD,MF41,A,0,G,2015,0.02077
2012,EN_MAT_DOMCMPG,KG_PER_CON_USD,MF41,A,0,G,2015,0.02409
2013,EN_MAT_DOMCMPG,KG_PER_CON_USD,MF41,A,0,G,2015,0.02474
2014,EN_MAT_DOMCMPG,KG_PER_CON_USD,MF41,A,0,G,2015,0.02087
2015,EN_MAT_DOMCMPG,KG_PER_CON_USD,MF41,A,0,G,2015,0.0121
2016,EN_MAT_DOMCMPG,KG_PER_CON_USD,MF41,A,0,G,2015,0.00503
2017,EN_MAT_DOMCMPG,KG_PER_CON_USD,MF41,A,0,G,2015,0.00454
2018,EN_MAT_DOMCMPG,KG_PER_CON_USD,MF41,A,0,G,2015,0.00472
2019,EN_MAT_DOMCMPG,KG_PER_CON_USD,MF41,A,0,G,2015,0.00304
2000,EN_MAT_DOMCMPG,KG_PER_CON_USD,MF413,A,0,G,2015,0.0
2001,EN_MAT_DOMCMPG,KG_PER_CON_USD,MF413,A,0,G,2015,0.0
2002,EN_MAT_DOMCMPG,KG_PER_CON_USD,MF413,A,0,G,2015,0.0
2003,EN_MAT_DOMCMPG,KG_PER_CON_USD,MF413,A,0,G,2015,0.0
2004,EN_MAT_DOMCMPG,KG_PER_CON_USD,MF413,A,0,G,2015,0.0
2005,EN_MAT_DOMCMPG,KG_PER_CON_USD,MF413,A,0,G,2015,0.0
2006,EN_MAT_DOMCMPG,KG_PER_CON_USD,MF413,A,0,G,2015,0.0
2007,EN_MAT_DOMCMPG,KG_PER_CON_USD,MF413,A,0,G,2015,0.0
2008,EN_MAT_DOMCMPG,KG_PER_CON_USD,MF413,A,0,G,2015,0.0
2009,EN_MAT_DOMCMPG,KG_PER_CON_USD,MF413,A,0,G,2015,0.0
2010,EN_MAT_DOMCMPG,KG_PER_CON_USD,MF413,A,0,G,2015,0.0
2011,EN_MAT_DOMCMPG,KG_PER_CON_USD,MF413,A,0,G,2015,0.0
2012,EN_MAT_DOMCMPG,KG_PER_CON_USD,MF413,A,0,G,2015,0.0
2013,EN_MAT_DOMCMPG,KG_PER_CON_USD,MF413,A,0,G,2015,0.0
2014,EN_MAT_DOMCMPG,KG_PER_CON_USD,MF413,A,0,G,2015,0.0
2015,EN_MAT_DOMCMPG,KG_PER_CON_USD,MF413,A,0,G,2015,0.0
2016,EN_MAT_DOMCMPG,KG_PER_CON_USD,MF413,A,0,G,2015,0.0
2017,EN_MAT_DOMCMPG,KG_PER_CON_USD,MF413,A,0,G,2015,0.0
2018,EN_MAT_DOMCMPG,KG_PER_CON_USD,MF413,A,0,G,2015,0.0
2019,EN_MAT_DOMCMPG,KG_PER_CON_USD,MF413,A,0,G,2015,0.0
2000,EN_MAT_DOMCMPG,KG_PER_CON_USD,MF421,A,0,G,2015,0.03874
2001,EN_MAT_DOMCMPG,KG_PER_CON_USD,MF421,A,0,G,2015,0.03581
2002,EN_MAT_DOMCMPG,KG_PER_CON_USD,MF421,A,0,G,2015,0.03608
2003,EN_MAT_DOMCMPG,KG_PER_CON_USD,MF421,A,0,G,2015,0.03475
2004,EN_MAT_DOMCMPG,KG_PER_CON_USD,MF421,A,0,G,2015,0.03718
2005,EN_MAT_DOMCMPG,KG_PER_CON_USD,MF421,A,0,G,2015,0.03461
2006,EN_MAT_DOMCMPG,KG_PER_CON_USD,MF421,A,0,G,2015,0.03231
2007,EN_MAT_DOMCMPG,KG_PER_CON_USD,MF421,A,0,G,2015,0.0305
2008,EN_MAT_DOMCMPG,KG_PER_CON_USD,MF421,A,0,G,2015,0.03079
2009,EN_MAT_DOMCMPG,KG_PER_CON_USD,MF421,A,0,G,2015,0.02971
2010,EN_MAT_DOMCMPG,KG_PER_CON_USD,MF421,A,0,G,2015,0.02858
2011,EN_MAT_DOMCMPG,KG_PER_CON_USD,MF421,A,0,G,2015,0.02839
2012,EN_MAT_DOMCMPG,KG_PER_CON_USD,MF421,A,0,G,2015,0.02718
2013,EN_MAT_DOMCMPG,KG_PER_CON_USD,MF421,A,0,G,2015,0.02374
2014,EN_MAT_DOMCMPG,KG_PER_CON_USD,MF421,A,0,G,2015,0.02188
2015,EN_MAT_DOMCMPG,KG_PER_CON_USD,MF421,A,0,G,2015,0.0212
2016,EN_MAT_DOMCMPG,KG_PER_CON_USD,MF421,A,0,G,2015,0.02057
2017,EN_MAT_DOMCMPG,KG_PER_CON_USD,MF421,A,0,G,2015,0.02026
2018,EN_MAT_DOMCMPG,KG_PER_CON_USD,MF421,A,0,G,2015,0.0191
2019,EN_MAT_DOMCMPG,KG_PER_CON_USD,MF421,A,0,G,2015,0.01752
2000,EN_MAT_DOMCMPG,KG_PER_CON_USD,MF422,A,0,G,2015,0.0327
2001,EN_MAT_DOMCMPG,KG_PER_CON_USD,MF422,A,0,G,2015,0.03135
2002,EN_MAT_DOMCMPG,KG_PER_CON_USD,MF422,A,0,G,2015,0.0305
2003,EN_MAT_DOMCMPG,KG_PER_CON_USD,MF422,A,0,G,2015,0.02924
2004,EN_MAT_DOMCMPG,KG_PER_CON_USD,MF422,A,0,G,2015,0.0294
2005,EN_MAT_DOMCMPG,KG_PER_CON_USD,MF422,A,0,G,2015,0.0276
2006,EN_MAT_DOMCMPG,KG_PER_CON_USD,MF422,A,0,G,2015,0.02565
2007,EN_MAT_DOMCMPG,KG_PER_CON_USD,MF422,A,0,G,2015,0.02501
2008,EN_MAT_DOMCMPG,KG_PER_CON_USD,MF422,A,0,G,2015,0.02603
2009,EN_MAT_DOMCMPG,KG_PER_CON_USD,MF422,A,0,G,2015,0.02512
2010,EN_MAT_DOMCMPG,KG_PER_CON_USD,MF422,A,0,G,2015,0.02619
2011,EN_MAT_DOMCMPG,KG_PER_CON_USD,MF422,A,0,G,2015,0.02227
2012,EN_MAT_DOMCMPG,KG_PER_CON_USD,MF422,A,0,G,2015,0.02019
2013,EN_MAT_DOMCMPG,KG_PER_CON_USD,MF422,A,0,G,2015,0.01955
2014,EN_MAT_DOMCMPG,KG_PER_CON_USD,MF422,A,0,G,2015,0.0174
2015,EN_MAT_DOMCMPG,KG_PER_CON_USD,MF422,A,0,G,2015,0.01738
2016,EN_MAT_DOMCMPG,KG_PER_CON_USD,MF422,A,0,G,2015,0.01885
2017,EN_MAT_DOMCMPG,KG_PER_CON_USD,MF422,A,0,G,2015,0.01815
2018,EN_MAT_DOMCMPG,KG_PER_CON_USD,MF422,A,0,G,2015,0.01846
2019,EN_MAT_DOMCMPG,KG_PER_CON_USD,MF422,A,0,G,2015,0.01712
2000,EN_MAT_DOMCMPT,T,,A,0,G,,809735769.15472
2001,EN_MAT_DOMCMPT,T,,A,0,G,,843136053.28986
2002,EN_MAT_DOMCMPT,T,,A,0,G,,805722329.70605
2003,EN_MAT_DOMCMPT,T,,A,0,G,,800489799.59037
2004,EN_MAT_DOMCMPT,T,,A,0,G,,818600009.58785
2005,EN_MAT_DOMCMPT,T,,A,0,G,,807612914.39052
2006,EN_MAT_DOMCMPT,T,,A,0,G,,825640265.53532
2007,EN_MAT_DOMCMPT,T,,A,0,G,,826238342.80923
2008,EN_MAT_DOMCMPT,T,,A,0,G,,765089461.01824
2009,EN_MAT_DOMCMPT,T,,A,0,G,,679041940.86791
2010,EN_MAT_DOMCMPT,T,,A,0,G,,660503063.81795
2011,EN_MAT_DOMCMPT,T,,A,0,G,,656993815.88633
2012,EN_MAT_DOMCMPT,T,,A,0,G,,645528837.0695
2013,EN_MAT_DOMCMPT,T,,A,0,G,,642300551.76569
2014,EN_MAT_DOMCMPT,T,,A,0,G,,725229719.364
2015,EN_MAT_DOMCMPT,T,,A,0,G,,723633056.64487
2016,EN_MAT_DOMCMPT,T,,A,0,G,,724831290.63855
2017,EN_MAT_DOMCMPT,T,,A,0,G,,751086407.33645
2018,EN_MAT_DOMCMPT,T,,A,0,G,,754360502.84312
2019,EN_MAT_DOMCMPT,T,,A,0,G,,742849871.71633
2000,EN_MAT_DOMCMPT,T,MF_AGG3A,A,0,G,,363061372.328
2001,EN_MAT_DOMCMPT,T,MF_AGG3A,A,0,G,,373528177.982
2002,EN_MAT_DOMCMPT,T,MF_AGG3A,A,0,G,,353083339.704
2003,EN_MAT_DOMCMPT,T,MF_AGG3A,A,0,G,,345586315.737
2004,EN_MAT_DOMCMPT,T,MF_AGG3A,A,0,G,,361521546.116
2005,EN_MAT_DOMCMPT,T,MF_AGG3A,A,0,G,,348993437.899
2006,EN_MAT_DOMCMPT,T,MF_AGG3A,A,0,G,,351014773.025
2007,EN_MAT_DOMCMPT,T,MF_AGG3A,A,0,G,,353702512.424
2008,EN_MAT_DOMCMPT,T,MF_AGG3A,A,0,G,,311644513.069
2009,EN_MAT_DOMCMPT,T,MF_AGG3A,A,0,G,,248927064.69
2010,EN_MAT_DOMCMPT,T,MF_AGG3A,A,0,G,,235769521.208
2011,EN_MAT_DOMCMPT,T,MF_AGG3A,A,0,G,,244948089.982
2012,EN_MAT_DOMCMPT,T,MF_AGG3A,A,0,G,,221754114.0575
2013,EN_MAT_DOMCMPT,T,MF_AGG3A,A,0,G,,220958357.37204
2014,EN_MAT_DOMCMPT,T,MF_AGG3A,A,0,G,,305128281.819
2015,EN_MAT_DOMCMPT,T,MF_AGG3A,A,0,G,,330977658.94945
2016,EN_MAT_DOMCMPT,T,MF_AGG3A,A,0,G,,348553978.26594
2017,EN_MAT_DOMCMPT,T,MF_AGG3A,A,0,G,,348768837.77408
2018,EN_MAT_DOMCMPT,T,MF_AGG3A,A,0,G,,354996771.06371
2019,EN_MAT_DOMCMPT,T,MF_AGG3A,A,0,G,,354587855.58264
2000,EN_MAT_DOMCMPT,T,MF_AGG3B,A,0,G,,17261880.75611
2001,EN_MAT_DOMCMPT,T,MF_AGG3B,A,0,G,,17153578.709
2002,EN_MAT_DOMCMPT,T,MF_AGG3B,A,0,G,,17506860.61622
2003,EN_MAT_DOMCMPT,T,MF_AGG3B,A,0,G,,17225682.58189
2004,EN_MAT_DOMCMPT,T,MF_AGG3B,A,0,G,,16782534.83489
2005,EN_MAT_DOMCMPT,T,MF_AGG3B,A,0,G,,17327001.445
2006,EN_MAT_DOMCMPT,T,MF_AGG3B,A,0,G,,17768190.08289
2007,EN_MAT_DOMCMPT,T,MF_AGG3B,A,0,G,,16769047.99456
2008,EN_MAT_DOMCMPT,T,MF_AGG3B,A,0,G,,15951765.63433
2009,EN_MAT_DOMCMPT,T,MF_AGG3B,A,0,G,,15030016.18933
2010,EN_MAT_DOMCMPT,T,MF_AGG3B,A,0,G,,17578272.27233
2011,EN_MAT_DOMCMPT,T,MF_AGG3B,A,0,G,,21779073.73567
2012,EN_MAT_DOMCMPT,T,MF_AGG3B,A,0,G,,20540051.966
2013,EN_MAT_DOMCMPT,T,MF_AGG3B,A,0,G,,21680390.89
2014,EN_MAT_DOMCMPT,T,MF_AGG3B,A,0,G,,19607888.19
2015,EN_MAT_DOMCMPT,T,MF_AGG3B,A,0,G,,15525964.90844
2016,EN_MAT_DOMCMPT,T,MF_AGG3B,A,0,G,,15256010.76344
2017,EN_MAT_DOMCMPT,T,MF_AGG3B,A,0,G,,11683880.11011
2018,EN_MAT_DOMCMPT,T,MF_AGG3B,A,0,G,,13156119.80556
2019,EN_MAT_DOMCMPT,T,MF_AGG3B,A,0,G,,12666375.92822
2000,EN_MAT_DOMCMPT,T,MF1,A,0,G,,180875424.23
2001,EN_MAT_DOMCMPT,T,MF1,A,0,G,,172255099.975
2002,EN_MAT_DOMCMPT,T,MF1,A,0,G,,177490377.587
2003,EN_MAT_DOMCMPT,T,MF1,A,0,G,,174892242.232
2004,EN_MAT_DOMCMPT,T,MF1,A,0,G,,178530236.732
2005,EN_MAT_DOMCMPT,T,MF1,A,0,G,,179517049.46
2006,EN_MAT_DOMCMPT,T,MF1,A,0,G,,176697231.313
2007,EN_MAT_DOMCMPT,T,MF1,A,0,G,,172641996.437
2008,EN_MAT_DOMCMPT,T,MF1,A,0,G,,179785950.196
2009,EN_MAT_DOMCMPT,T,MF1,A,0,G,,173367611.565
2010,EN_MAT_DOMCMPT,T,MF1,A,0,G,,170770993.273
2011,EN_MAT_DOMCMPT,T,MF1,A,0,G,,175116059.974
2012,EN_MAT_DOMCMPT,T,MF1,A,0,G,,168325217.146
2013,EN_MAT_DOMCMPT,T,MF1,A,0,G,,176493941.866
2014,EN_MAT_DOMCMPT,T,MF1,A,0,G,,183662933.848
2015,EN_MAT_DOMCMPT,T,MF1,A,0,G,,179493360.335
2016,EN_MAT_DOMCMPT,T,MF1,A,0,G,,172228709.279
2017,EN_MAT_DOMCMPT,T,MF1,A,0,G,,183513312.045
2018,EN_MAT_DOMCMPT,T,MF1,A,0,G,,176854006.001
2019,EN_MAT_DOMCMPT,T,MF1,A,0,G,,175052899.41184
2000,EN_MAT_DOMCMPT,T,MF11,A,0,G,,55482015.0
2001,EN_MAT_DOMCMPT,T,MF11,A,0,G,,54954517.0
2002,EN_MAT_DOMCMPT,T,MF11,A,0,G,,58931699.0
2003,EN_MAT_DOMCMPT,T,MF11,A,0,G,,54364694.0
2004,EN_MAT_DOMCMPT,T,MF11,A,0,G,,57294073.0
2005,EN_MAT_DOMCMPT,T,MF11,A,0,G,,56679710.0
2006,EN_MAT_DOMCMPT,T,MF11,A,0,G,,55363989.0
2007,EN_MAT_DOMCMPT,T,MF11,A,0,G,,54032718.0
2008,EN_MAT_DOMCMPT,T,MF11,A,0,G,,59949120.0
2009,EN_MAT_DOMCMPT,T,MF11,A,0,G,,57672923.0
2010,EN_MAT_DOMCMPT,T,MF11,A,0,G,,53599300.0
2011,EN_MAT_DOMCMPT,T,MF11,A,0,G,,57521003.0
2012,EN_MAT_DOMCMPT,T,MF11,A,0,G,,54141908.0
2013,EN_MAT_DOMCMPT,T,MF11,A,0,G,,61064238.0
2014,EN_MAT_DOMCMPT,T,MF11,A,0,G,,64107558.0
2015,EN_MAT_DOMCMPT,T,MF11,A,0,G,,59452161.0
2016,EN_MAT_DOMCMPT,T,MF11,A,0,G,,54087768.0
2017,EN_MAT_DOMCMPT,T,MF11,A,0,G,,64391321.0
2018,EN_MAT_DOMCMPT,T,MF11,A,0,G,,59269047.0
2019,EN_MAT_DOMCMPT,T,MF11,A,0,G,,58167709.12857
2000,EN_MAT_DOMCMPT,T,MF121,A,0,G,,18809828.5
2001,EN_MAT_DOMCMPT,T,MF121,A,0,G,,15500654.63
2002,EN_MAT_DOMCMPT,T,MF121,A,0,G,,18641876.26
2003,EN_MAT_DOMCMPT,T,MF121,A,0,G,,18040041.56
2004,EN_MAT_DOMCMPT,T,MF121,A,0,G,,18289766.16
2005,EN_MAT_DOMCMPT,T,MF121,A,0,G,,17970783.42
2006,EN_MAT_DOMCMPT,T,MF121,A,0,G,,17702946.51
2007,EN_MAT_DOMCMPT,T,MF121,A,0,G,,16672638.72
2008,EN_MAT_DOMCMPT,T,MF121,A,0,G,,20094203.25
2009,EN_MAT_DOMCMPT,T,MF121,A,0,G,,18229701.53
2010,EN_MAT_DOMCMPT,T,MF121,A,0,G,,18124102.36
2011,EN_MAT_DOMCMPT,T,MF121,A,0,G,,19095378.45
2012,EN_MAT_DOMCMPT,T,MF121,A,0,G,,17319954.59
2013,EN_MAT_DOMCMPT,T,MF121,A,0,G,,17205945.99
2014,EN_MAT_DOMCMPT,T,MF121,A,0,G,,20740950.17
2015,EN_MAT_DOMCMPT,T,MF121,A,0,G,,21050815.8
2016,EN_MAT_DOMCMPT,T,MF121,A,0,G,,18095899.7
2017,EN_MAT_DOMCMPT,T,MF121,A,0,G,,19342418.2
2018,EN_MAT_DOMCMPT,T,MF121,A,0,G,,17754434.6
2019,EN_MAT_DOMCMPT,T,MF121,A,0,G,,17851282.6605
2000,EN_MAT_DOMCMPT,T,MF122,A,0,G,,92371059.4
2001,EN_MAT_DOMCMPT,T,MF122,A,0,G,,85938181.8
2002,EN_MAT_DOMCMPT,T,MF122,A,0,G,,83929081.4
2003,EN_MAT_DOMCMPT,T,MF122,A,0,G,,85021707.0
2004,EN_MAT_DOMCMPT,T,MF122,A,0,G,,85303412.0
2005,EN_MAT_DOMCMPT,T,MF122,A,0,G,,86329681.8
2006,EN_MAT_DOMCMPT,T,MF122,A,0,G,,84969277.0
2007,EN_MAT_DOMCMPT,T,MF122,A,0,G,,82877728.0
2008,EN_MAT_DOMCMPT,T,MF122,A,0,G,,81221846.0
2009,EN_MAT_DOMCMPT,T,MF122,A,0,G,,79726209.0
2010,EN_MAT_DOMCMPT,T,MF122,A,0,G,,80033785.0
2011,EN_MAT_DOMCMPT,T,MF122,A,0,G,,79291234.0
2012,EN_MAT_DOMCMPT,T,MF122,A,0,G,,79494842.0
2013,EN_MAT_DOMCMPT,T,MF122,A,0,G,,79528479.0
2014,EN_MAT_DOMCMPT,T,MF122,A,0,G,,80053368.0
2015,EN_MAT_DOMCMPT,T,MF122,A,0,G,,80302382.0
2016,EN_MAT_DOMCMPT,T,MF122,A,0,G,,81394573.6
2017,EN_MAT_DOMCMPT,T,MF122,A,0,G,,81755983.2
2018,EN_MAT_DOMCMPT,T,MF122,A,0,G,,80502132.2
2019,EN_MAT_DOMCMPT,T,MF122,A,0,G,,80162894.96357
2000,EN_MAT_DOMCMPT,T,MF13,A,0,G,,14961080.0
2001,EN_MAT_DOMCMPT,T,MF13,A,0,G,,15186940.2
2002,EN_MAT_DOMCMPT,T,MF13,A,0,G,,14535724.92
2003,EN_MAT_DOMCMPT,T,MF13,A,0,G,,13953433.28
2004,EN_MAT_DOMCMPT,T,MF13,A,0,G,,13213987.68
2005,EN_MAT_DOMCMPT,T,MF13,A,0,G,,13762723.36
2006,EN_MAT_DOMCMPT,T,MF13,A,0,G,,12209394.52
2007,EN_MAT_DOMCMPT,T,MF13,A,0,G,,12113944.12
2008,EN_MAT_DOMCMPT,T,MF13,A,0,G,,10549745.44
2009,EN_MAT_DOMCMPT,T,MF13,A,0,G,,9852647.52
2010,EN_MAT_DOMCMPT,T,MF13,A,0,G,,11250001.24
2011,EN_MAT_DOMCMPT,T,MF13,A,0,G,,10071894.8
2012,EN_MAT_DOMCMPT,T,MF13,A,0,G,,11906123.32
2013,EN_MAT_DOMCMPT,T,MF13,A,0,G,,16257855.36
2014,EN_MAT_DOMCMPT,T,MF13,A,0,G,,19677324.52
2015,EN_MAT_DOMCMPT,T,MF13,A,0,G,,23616174.68
2016,EN_MAT_DOMCMPT,T,MF13,A,0,G,,24365647.24
2017,EN_MAT_DOMCMPT,T,MF13,A,0,G,,25193258.8
2018,EN_MAT_DOMCMPT,T,MF13,A,0,G,,27763077.92
2019,EN_MAT_DOMCMPT,T,MF13,A,0,G,,29509086.33643
2000,EN_MAT_DOMCMPT,T,MF14,A,0,G,,794628.0
2001,EN_MAT_DOMCMPT,T,MF14,A,0,G,,843123.0
2002,EN_MAT_DOMCMPT,T,MF14,A,0,G,,797657.0
2003,EN_MAT_DOMCMPT,T,MF14,A,0,G,,651624.0
2004,EN_MAT_DOMCMPT,T,MF14,A,0,G,,630080.0
2005,EN_MAT_DOMCMPT,T,MF14,A,0,G,,654572.0
2006,EN_MAT_DOMCMPT,T,MF14,A,0,G,,772198.0
2007,EN_MAT_DOMCMPT,T,MF14,A,0,G,,614698.0
2008,EN_MAT_DOMCMPT,T,MF14,A,0,G,,620140.0
2009,EN_MAT_DOMCMPT,T,MF14,A,0,G,,528370.0
2010,EN_MAT_DOMCMPT,T,MF14,A,0,G,,363451.0
2011,EN_MAT_DOMCMPT,T,MF14,A,0,G,,425529.0
2012,EN_MAT_DOMCMPT,T,MF14,A,0,G,,414811.0
2013,EN_MAT_DOMCMPT,T,MF14,A,0,G,,376856.0
2014,EN_MAT_DOMCMPT,T,MF14,A,0,G,,172839.0
2015,EN_MAT_DOMCMPT,T,MF14,A,0,G,,186229.0
2016,EN_MAT_DOMCMPT,T,MF14,A,0,G,,341497.0
2017,EN_MAT_DOMCMPT,T,MF14,A,0,G,,254090.0
2018,EN_MAT_DOMCMPT,T,MF14,A,0,G,,322649.0
2019,EN_MAT_DOMCMPT,T,MF14,A,0,G,,299351.95377
2000,EN_MAT_DOMCMPT,T,MF2,A,0,G,,21600837.60361
2001,EN_MAT_DOMCMPT,T,MF2,A,0,G,,23354799.08486
2002,EN_MAT_DOMCMPT,T,MF2,A,0,G,,24094119.86183
2003,EN_MAT_DOMCMPT,T,MF2,A,0,G,,24683887.70848
2004,EN_MAT_DOMCMPT,T,MF2,A,0,G,,23204963.01296
2005,EN_MAT_DOMCMPT,T,MF2,A,0,G,,23993087.36852
2006,EN_MAT_DOMCMPT,T,MF2,A,0,G,,26068222.05843
2007,EN_MAT_DOMCMPT,T,MF2,A,0,G,,27785939.96067
2008,EN_MAT_DOMCMPT,T,MF2,A,0,G,,21660979.88591
2009,EN_MAT_DOMCMPT,T,MF2,A,0,G,,12193988.24558
2010,EN_MAT_DOMCMPT,T,MF2,A,0,G,,17918327.84261
2011,EN_MAT_DOMCMPT,T,MF2,A,0,G,,17327567.40967
2012,EN_MAT_DOMCMPT,T,MF2,A,0,G,,15619612.87601
2013,EN_MAT_DOMCMPT,T,MF2,A,0,G,,18576748.17265
2014,EN_MAT_DOMCMPT,T,MF2,A,0,G,,19306485.523
2015,EN_MAT_DOMCMPT,T,MF2,A,0,G,,18680316.40798
2016,EN_MAT_DOMCMPT,T,MF2,A,0,G,,20305963.31017
2017,EN_MAT_DOMCMPT,T,MF2,A,0,G,,18743163.03525
2018,EN_MAT_DOMCMPT,T,MF2,A,0,G,,18478213.51185
2019,EN_MAT_DOMCMPT,T,MF2,A,0,G,,17231684.83078
2000,EN_MAT_DOMCMPT,T,MF21,A,0,G,,17215651.641
2001,EN_MAT_DOMCMPT,T,MF21,A,0,G,,17379255.834
2002,EN_MAT_DOMCMPT,T,MF21,A,0,G,,16605507.537
2003,EN_MAT_DOMCMPT,T,MF21,A,0,G,,18196262.527
2004,EN_MAT_DOMCMPT,T,MF21,A,0,G,,17678674.652
2005,EN_MAT_DOMCMPT,T,MF21,A,0,G,,17589448.661
2006,EN_MAT_DOMCMPT,T,MF21,A,0,G,,18694798.758
2007,EN_MAT_DOMCMPT,T,MF21,A,0,G,,19176291.835
2008,EN_MAT_DOMCMPT,T,MF21,A,0,G,,15744217.207
2009,EN_MAT_DOMCMPT,T,MF21,A,0,G,,7760802.299
2010,EN_MAT_DOMCMPT,T,MF21,A,0,G,,11804979.138
2011,EN_MAT_DOMCMPT,T,MF21,A,0,G,,11586800.334
2012,EN_MAT_DOMCMPT,T,MF21,A,0,G,,11437617.751
2013,EN_MAT_DOMCMPT,T,MF21,A,0,G,,13250189.145
2014,EN_MAT_DOMCMPT,T,MF21,A,0,G,,14358507.76
2015,EN_MAT_DOMCMPT,T,MF21,A,0,G,,12942604.222
2016,EN_MAT_DOMCMPT,T,MF21,A,0,G,,13478140.834
2017,EN_MAT_DOMCMPT,T,MF21,A,0,G,,11375026.549
2018,EN_MAT_DOMCMPT,T,MF21,A,0,G,,11789680.961
2019,EN_MAT_DOMCMPT,T,MF21,A,0,G,,10260061.517
2000,EN_MAT_DOMCMPT,T,MF22,A,0,G,,1729473.11061
2001,EN_MAT_DOMCMPT,T,MF22,A,0,G,,2177769.33586
2002,EN_MAT_DOMCMPT,T,MF22,A,0,G,,3132931.71283
2003,EN_MAT_DOMCMPT,T,MF22,A,0,G,,2659491.22448
2004,EN_MAT_DOMCMPT,T,MF22,A,0,G,,2898090.37396
2005,EN_MAT_DOMCMPT,T,MF22,A,0,G,,2889102.18852
2006,EN_MAT_DOMCMPT,T,MF22,A,0,G,,2908996.35743
2007,EN_MAT_DOMCMPT,T,MF22,A,0,G,,2577909.40167
2008,EN_MAT_DOMCMPT,T,MF22,A,0,G,,2360819.37091
2009,EN_MAT_DOMCMPT,T,MF22,A,0,G,,1993423.19758
2010,EN_MAT_DOMCMPT,T,MF22,A,0,G,,2528302.82661
2011,EN_MAT_DOMCMPT,T,MF22,A,0,G,,2474192.12367
2012,EN_MAT_DOMCMPT,T,MF22,A,0,G,,1764992.78801
2013,EN_MAT_DOMCMPT,T,MF22,A,0,G,,2234331.45265
2014,EN_MAT_DOMCMPT,T,MF22,A,0,G,,981478.695
2015,EN_MAT_DOMCMPT,T,MF22,A,0,G,,1439270.22298
2016,EN_MAT_DOMCMPT,T,MF22,A,0,G,,2749469.47517
2017,EN_MAT_DOMCMPT,T,MF22,A,0,G,,3610620.29425
2018,EN_MAT_DOMCMPT,T,MF22,A,0,G,,2948642.41885
2019,EN_MAT_DOMCMPT,T,MF22,A,0,G,,2856179.07178
2000,EN_MAT_DOMCMPT,T,MF3,A,0,G,,381086998.24411
2001,EN_MAT_DOMCMPT,T,MF3,A,0,G,,391744412.011
2002,EN_MAT_DOMCMPT,T,MF3,A,0,G,,371743554.32022
2003,EN_MAT_DOMCMPT,T,MF3,A,0,G,,365097709.68889
2004,EN_MAT_DOMCMPT,T,MF3,A,0,G,,379836863.82089
2005,EN_MAT_DOMCMPT,T,MF3,A,0,G,,367295138.514
2006,EN_MAT_DOMCMPT,T,MF3,A,0,G,,370794445.46789
2007,EN_MAT_DOMCMPT,T,MF3,A,0,G,,372948934.59856
2008,EN_MAT_DOMCMPT,T,MF3,A,0,G,,330526204.07333
2009,EN_MAT_DOMCMPT,T,MF3,A,0,G,,262377397.47933
2010,EN_MAT_DOMCMPT,T,MF3,A,0,G,,257082097.63533
2011,EN_MAT_DOMCMPT,T,MF3,A,0,G,,270227715.11167
2012,EN_MAT_DOMCMPT,T,MF3,A,0,G,,244252744.5035
2013,EN_MAT_DOMCMPT,T,MF3,A,0,G,,246672501.86904
2014,EN_MAT_DOMCMPT,T,MF3,A,0,G,,330476057.705
2015,EN_MAT_DOMCMPT,T,MF3,A,0,G,,351850362.84789
2016,EN_MAT_DOMCMPT,T,MF3,A,0,G,,370045741.62939
2017,EN_MAT_DOMCMPT,T,MF3,A,0,G,,366398194.0262
2018,EN_MAT_DOMCMPT,T,MF3,A,0,G,,376503201.04227
2019,EN_MAT_DOMCMPT,T,MF3,A,0,G,,376172596.92986
2000,EN_MAT_DOMCMPT,T,MF4,A,0,G,,221290487.423
2001,EN_MAT_DOMCMPT,T,MF4,A,0,G,,233352990.082
2002,EN_MAT_DOMCMPT,T,MF4,A,0,G,,219015618.785
2003,EN_MAT_DOMCMPT,T,MF4,A,0,G,,220772413.973
2004,EN_MAT_DOMCMPT,T,MF4,A,0,G,,225829226.662
2005,EN_MAT_DOMCMPT,T,MF4,A,0,G,,227106318.224
2006,EN_MAT_DOMCMPT,T,MF4,A,0,G,,231827017.326
2007,EN_MAT_DOMCMPT,T,MF4,A,0,G,,219036804.497
2008,EN_MAT_DOMCMPT,T,MF4,A,0,G,,220351451.995
2009,EN_MAT_DOMCMPT,T,MF4,A,0,G,,203003392.674
2010,EN_MAT_DOMCMPT,T,MF4,A,0,G,,197651403.127
2011,EN_MAT_DOMCMPT,T,MF4,A,0,G,,190480230.647
2012,EN_MAT_DOMCMPT,T,MF4,A,0,G,,194117550.96
2013,EN_MAT_DOMCMPT,T,MF4,A,0,G,,195110685.251
2014,EN_MAT_DOMCMPT,T,MF4,A,0,G,,183493277.837
2015,EN_MAT_DOMCMPT,T,MF4,A,0,G,,162423115.507
2016,EN_MAT_DOMCMPT,T,MF4,A,0,G,,148904084.318
2017,EN_MAT_DOMCMPT,T,MF4,A,0,G,,145420037.456
2018,EN_MAT_DOMCMPT,T,MF4,A,0,G,,146524382.488
2019,EN_MAT_DOMCMPT,T,MF4,A,0,G,,133811088.00886
2000,EN_MAT_DOMCMPT,T,MF41,A,0,G,,61779000.0
2001,EN_MAT_DOMCMPT,T,MF41,A,0,G,,74157000.0
2002,EN_MAT_DOMCMPT,T,MF41,A,0,G,,63951000.0
2003,EN_MAT_DOMCMPT,T,MF41,A,0,G,,65529000.0
2004,EN_MAT_DOMCMPT,T,MF41,A,0,G,,66369000.0
2005,EN_MAT_DOMCMPT,T,MF41,A,0,G,,69979000.0
2006,EN_MAT_DOMCMPT,T,MF41,A,0,G,,74935000.0
2007,EN_MAT_DOMCMPT,T,MF41,A,0,G,,66834000.0
2008,EN_MAT_DOMCMPT,T,MF41,A,0,G,,67082000.0
2009,EN_MAT_DOMCMPT,T,MF41,A,0,G,,60127000.0
2010,EN_MAT_DOMCMPT,T,MF41,A,0,G,,50249000.0
2011,EN_MAT_DOMCMPT,T,MF41,A,0,G,,55823000.0
2012,EN_MAT_DOMCMPT,T,MF41,A,0,G,,65656000.0
2013,EN_MAT_DOMCMPT,T,MF41,A,0,G,,68911000.0
2014,EN_MAT_DOMCMPT,T,MF41,A,0,G,,59780000.0
2015,EN_MAT_DOMCMPT,T,MF41,A,0,G,,35478000.0
2016,EN_MAT_DOMCMPT,T,MF41,A,0,G,,15015000.0
2017,EN_MAT_DOMCMPT,T,MF41,A,0,G,,13770000.0
2018,EN_MAT_DOMCMPT,T,MF41,A,0,G,,14503000.0
2019,EN_MAT_DOMCMPT,T,MF41,A,0,G,,9474007.14286
2000,EN_MAT_DOMCMPT,T,MF413,A,0,G,,0.0
2001,EN_MAT_DOMCMPT,T,MF413,A,0,G,,0.0
2002,EN_MAT_DOMCMPT,T,MF413,A,0,G,,0.0
2003,EN_MAT_DOMCMPT,T,MF413,A,0,G,,0.0
2004,EN_MAT_DOMCMPT,T,MF413,A,0,G,,0.0
2005,EN_MAT_DOMCMPT,T,MF413,A,0,G,,0.0
2006,EN_MAT_DOMCMPT,T,MF413,A,0,G,,0.0
2007,EN_MAT_DOMCMPT,T,MF413,A,0,G,,0.0
2008,EN_MAT_DOMCMPT,T,MF413,A,0,G,,0.0
2009,EN_MAT_DOMCMPT,T,MF413,A,0,G,,0.0
2010,EN_MAT_DOMCMPT,T,MF413,A,0,G,,0.0
2011,EN_MAT_DOMCMPT,T,MF413,A,0,G,,0.0
2012,EN_MAT_DOMCMPT,T,MF413,A,0,G,,0.0
2013,EN_MAT_DOMCMPT,T,MF413,A,0,G,,0.0
2014,EN_MAT_DOMCMPT,T,MF413,A,0,G,,0.0
2015,EN_MAT_DOMCMPT,T,MF413,A,0,G,,0.0
2016,EN_MAT_DOMCMPT,T,MF413,A,0,G,,0.0
2017,EN_MAT_DOMCMPT,T,MF413,A,0,G,,0.0
2018,EN_MAT_DOMCMPT,T,MF413,A,0,G,,0.0
2019,EN_MAT_DOMCMPT,T,MF413,A,0,G,,0.0
2000,EN_MAT_DOMCMPT,T,MF421,A,0,G,,87714000.0
2001,EN_MAT_DOMCMPT,T,MF421,A,0,G,,83312000.0
2002,EN_MAT_DOMCMPT,T,MF421,A,0,G,,85768000.0
2003,EN_MAT_DOMCMPT,T,MF421,A,0,G,,85352000.0
2004,EN_MAT_DOMCMPT,T,MF421,A,0,G,,93388000.0
2005,EN_MAT_DOMCMPT,T,MF421,A,0,G,,89506000.0
2006,EN_MAT_DOMCMPT,T,MF421,A,0,G,,85826000.0
2007,EN_MAT_DOMCMPT,T,MF421,A,0,G,,82931000.0
2008,EN_MAT_DOMCMPT,T,MF421,A,0,G,,83471000.0
2009,EN_MAT_DOMCMPT,T,MF421,A,0,G,,77236000.0
2010,EN_MAT_DOMCMPT,T,MF421,A,0,G,,75834000.0
2011,EN_MAT_DOMCMPT,T,MF421,A,0,G,,76304000.0
2012,EN_MAT_DOMCMPT,T,MF421,A,0,G,,74089000.0
2013,EN_MAT_DOMCMPT,T,MF421,A,0,G,,66132000.0
2014,EN_MAT_DOMCMPT,T,MF421,A,0,G,,62699000.0
2015,EN_MAT_DOMCMPT,T,MF421,A,0,G,,62184000.0
2016,EN_MAT_DOMCMPT,T,MF421,A,0,G,,61378000.0
2017,EN_MAT_DOMCMPT,T,MF421,A,0,G,,61486000.0
2018,EN_MAT_DOMCMPT,T,MF421,A,0,G,,58685000.0
2019,EN_MAT_DOMCMPT,T,MF421,A,0,G,,54507414.28571
2000,EN_MAT_DOMCMPT,T,MF422,A,0,G,,74051738.91
2001,EN_MAT_DOMCMPT,T,MF422,A,0,G,,72924243.79
2002,EN_MAT_DOMCMPT,T,MF422,A,0,G,,72488660.05
2003,EN_MAT_DOMCMPT,T,MF422,A,0,G,,71808564.94
2004,EN_MAT_DOMCMPT,T,MF422,A,0,G,,73858458.49
2005,EN_MAT_DOMCMPT,T,MF422,A,0,G,,71383088.25
2006,EN_MAT_DOMCMPT,T,MF422,A,0,G,,68129946.88
2007,EN_MAT_DOMCMPT,T,MF422,A,0,G,,67991955.97
2008,EN_MAT_DOMCMPT,T,MF422,A,0,G,,70582638.8
2009,EN_MAT_DOMCMPT,T,MF422,A,0,G,,65313629.88
2010,EN_MAT_DOMCMPT,T,MF422,A,0,G,,69492709.81
2011,EN_MAT_DOMCMPT,T,MF422,A,0,G,,59851033.65
2012,EN_MAT_DOMCMPT,T,MF422,A,0,G,,55042925.23
2013,EN_MAT_DOMCMPT,T,MF422,A,0,G,,54460325.93
2014,EN_MAT_DOMCMPT,T,MF422,A,0,G,,49864550.04
2015,EN_MAT_DOMCMPT,T,MF422,A,0,G,,50984958.06
2016,EN_MAT_DOMCMPT,T,MF422,A,0,G,,56225195.93
2017,EN_MAT_DOMCMPT,T,MF422,A,0,G,,55074467.17
2018,EN_MAT_DOMCMPT,T,MF422,A,0,G,,56731011.07
2019,EN_MAT_DOMCMPT,T,MF422,A,0,G,,53282322.76429
