Year,Series,Units,Material category,Observation status,Unit multiplier,OBS_STATUS,UNIT_MULT,REPORTING_TYPE,SERIES,PRODUCT,UNIT_MEASURE,BASE_PER,Value
2000,Domestic material consumption,Tonnes,Biomass,Normal value,Millions,,,,,,,,175.263
2001,Domestic material consumption,Tonnes,Biomass,Normal value,Millions,,,,,,,,168.8858
2002,Domestic material consumption,Tonnes,Biomass,Normal value,Millions,,,,,,,,175.2724
2003,Domestic material consumption,Tonnes,Biomass,Normal value,Millions,,,,,,,,170.6334
2004,Domestic material consumption,Tonnes,Biomass,Normal value,Millions,,,,,,,,173.85989999999998
2005,Domestic material consumption,Tonnes,Biomass,Normal value,Millions,,,,,,,,172.35029999999998
2006,Domestic material consumption,Tonnes,Biomass,Normal value,Millions,,,,,,,,167.6477
2007,Domestic material consumption,Tonnes,Biomass,Normal value,Millions,,,,,,,,161.9506
2008,Domestic material consumption,Tonnes,Biomass,Normal value,Millions,,,,,,,,169.17479999999998
2009,Domestic material consumption,Tonnes,Biomass,Normal value,Millions,,,,,,,,163.6012
2010,Domestic material consumption,Tonnes,Biomass,Normal value,Millions,,,,,,,,160.56820000000002
2011,Domestic material consumption,Tonnes,Biomass,Normal value,Millions,,,,,,,,165.0108
2012,Domestic material consumption,Tonnes,Biomass,Normal value,Millions,,,,,,,,159.181
2013,Domestic material consumption,Tonnes,Biomass,Normal value,Millions,,,,,,,,169.7742
2014,Domestic material consumption,Tonnes,Biomass,Normal value,Millions,,,,,,,,181.0601
2015,Domestic material consumption,Tonnes,Biomass,Normal value,Millions,,,,,,,,174.7963
2016,Domestic material consumption,Tonnes,Biomass,Normal value,Millions,,,,,,,,168.44920000000002
2017,Domestic material consumption,Tonnes,Biomass,Normal value,Millions,,,,,,,,182.6595
2018,Domestic material consumption,Tonnes,Biomass,Normal value,Millions,,,,,,,,174.6735
2019,Domestic material consumption,Tonnes,Biomass,Normal value,Millions,,,,,,,,184.0556
2000,Domestic material consumption,Tonnes,Fossil fuels,Normal value,Millions,,,,,,,,240.5836
2001,Domestic material consumption,Tonnes,Fossil fuels,Normal value,Millions,,,,,,,,242.2288
2002,Domestic material consumption,Tonnes,Fossil fuels,Normal value,Millions,,,,,,,,231.5085
2003,Domestic material consumption,Tonnes,Fossil fuels,Normal value,Millions,,,,,,,,244.3185
2004,Domestic material consumption,Tonnes,Fossil fuels,Normal value,Millions,,,,,,,,254.1608
2005,Domestic material consumption,Tonnes,Fossil fuels,Normal value,Millions,,,,,,,,250.8326
2006,Domestic material consumption,Tonnes,Fossil fuels,Normal value,Millions,,,,,,,,245.6999
2007,Domestic material consumption,Tonnes,Fossil fuels,Normal value,Millions,,,,,,,,239.3964
2008,Domestic material consumption,Tonnes,Fossil fuels,Normal value,Millions,,,,,,,,226.3078
2009,Domestic material consumption,Tonnes,Fossil fuels,Normal value,Millions,,,,,,,,208.7325
2010,Domestic material consumption,Tonnes,Fossil fuels,Normal value,Millions,,,,,,,,193.3404
2011,Domestic material consumption,Tonnes,Fossil fuels,Normal value,Millions,,,,,,,,192.7138
2012,Domestic material consumption,Tonnes,Fossil fuels,Normal value,Millions,,,,,,,,194.1838
2013,Domestic material consumption,Tonnes,Fossil fuels,Normal value,Millions,,,,,,,,183.2887
2014,Domestic material consumption,Tonnes,Fossil fuels,Normal value,Millions,,,,,,,,170.6589
2015,Domestic material consumption,Tonnes,Fossil fuels,Normal value,Millions,,,,,,,,160.871
2016,Domestic material consumption,Tonnes,Fossil fuels,Normal value,Millions,,,,,,,,149.0349
2017,Domestic material consumption,Tonnes,Fossil fuels,Normal value,Millions,,,,,,,,145.5661
2018,Domestic material consumption,Tonnes,Fossil fuels,Normal value,Millions,,,,,,,,144.489
2019,Domestic material consumption,Tonnes,Fossil fuels,Normal value,Millions,,,,,,,,142.3796
2000,Domestic material consumption,Tonnes,Metal ores,Normal value,Millions,,,,,,,,16.9655
2001,Domestic material consumption,Tonnes,Metal ores,Normal value,Millions,,,,,,,,20.3047
2002,Domestic material consumption,Tonnes,Metal ores,Normal value,Millions,,,,,,,,18.8867
2003,Domestic material consumption,Tonnes,Metal ores,Normal value,Millions,,,,,,,,17.4026
2004,Domestic material consumption,Tonnes,Metal ores,Normal value,Millions,,,,,,,,19.2925
2005,Domestic material consumption,Tonnes,Metal ores,Normal value,Millions,,,,,,,,17.2714
2006,Domestic material consumption,Tonnes,Metal ores,Normal value,Millions,,,,,,,,18.0785
2007,Domestic material consumption,Tonnes,Metal ores,Normal value,Millions,,,,,,,,20.5299
2008,Domestic material consumption,Tonnes,Metal ores,Normal value,Millions,,,,,,,,15.4372
2009,Domestic material consumption,Tonnes,Metal ores,Normal value,Millions,,,,,,,,6.2542
2010,Domestic material consumption,Tonnes,Metal ores,Normal value,Millions,,,,,,,,9.4378
2011,Domestic material consumption,Tonnes,Metal ores,Normal value,Millions,,,,,,,,8.9774
2012,Domestic material consumption,Tonnes,Metal ores,Normal value,Millions,,,,,,,,9.8523
2013,Domestic material consumption,Tonnes,Metal ores,Normal value,Millions,,,,,,,,12.6564
2014,Domestic material consumption,Tonnes,Metal ores,Normal value,Millions,,,,,,,,14.8838
2015,Domestic material consumption,Tonnes,Metal ores,Normal value,Millions,,,,,,,,13.634
2016,Domestic material consumption,Tonnes,Metal ores,Normal value,Millions,,,,,,,,12.1942
2017,Domestic material consumption,Tonnes,Metal ores,Normal value,Millions,,,,,,,,11.5622
2018,Domestic material consumption,Tonnes,Metal ores,Normal value,Millions,,,,,,,,11.2524
2019,Domestic material consumption,Tonnes,Metal ores,Normal value,Millions,,,,,,,,13.3974
2000,Domestic material consumption,Tonnes,Non-metallic minerals,Normal value,Millions,,,,,,,,298.0389
2001,Domestic material consumption,Tonnes,Non-metallic minerals,Normal value,Millions,,,,,,,,303.8595
2002,Domestic material consumption,Tonnes,Non-metallic minerals,Normal value,Millions,,,,,,,,289.7323
2003,Domestic material consumption,Tonnes,Non-metallic minerals,Normal value,Millions,,,,,,,,283.8125
2004,Domestic material consumption,Tonnes,Non-metallic minerals,Normal value,Millions,,,,,,,,295.0795
2005,Domestic material consumption,Tonnes,Non-metallic minerals,Normal value,Millions,,,,,,,,284.7195
2006,Domestic material consumption,Tonnes,Non-metallic minerals,Normal value,Millions,,,,,,,,284.1623
2007,Domestic material consumption,Tonnes,Non-metallic minerals,Normal value,Millions,,,,,,,,289.53709999999995
2008,Domestic material consumption,Tonnes,Non-metallic minerals,Normal value,Millions,,,,,,,,256.2828
2009,Domestic material consumption,Tonnes,Non-metallic minerals,Normal value,Millions,,,,,,,,205.87920000000005
2010,Domestic material consumption,Tonnes,Non-metallic minerals,Normal value,Millions,,,,,,,,203.1572
2011,Domestic material consumption,Tonnes,Non-metallic minerals,Normal value,Millions,,,,,,,,200.9767
2012,Domestic material consumption,Tonnes,Non-metallic minerals,Normal value,Millions,,,,,,,,186.8586
2013,Domestic material consumption,Tonnes,Non-metallic minerals,Normal value,Millions,,,,,,,,198.9032
2014,Domestic material consumption,Tonnes,Non-metallic minerals,Normal value,Millions,,,,,,,,213.5014
2015,Domestic material consumption,Tonnes,Non-metallic minerals,Normal value,Millions,,,,,,,,209.5642
2016,Domestic material consumption,Tonnes,Non-metallic minerals,Normal value,Millions,,,,,,,,219.9657
2017,Domestic material consumption,Tonnes,Non-metallic minerals,Normal value,Millions,,,,,,,,221.1788
2018,Domestic material consumption,Tonnes,Non-metallic minerals,Normal value,Millions,,,,,,,,226.4037
2019,Domestic material consumption,Tonnes,Non-metallic minerals,Normal value,Millions,,,,,,,,216.7549
2000,Domestic material consumption,Tonnes,,Normal value,Millions,,,,,,,,738.8485
2001,Domestic material consumption,Tonnes,,Normal value,Millions,,,,,,,,743.2789
2002,Domestic material consumption,Tonnes,,Normal value,Millions,,,,,,,,721.972
2003,Domestic material consumption,Tonnes,,Normal value,Millions,,,,,,,,723.0251
2004,Domestic material consumption,Tonnes,,Normal value,Millions,,,,,,,,751.9634
2005,Domestic material consumption,Tonnes,,Normal value,Millions,,,,,,,,732.6655
2006,Domestic material consumption,Tonnes,,Normal value,Millions,,,,,,,,724.2632
2007,Domestic material consumption,Tonnes,,Normal value,Millions,,,,,,,,718.9227
2008,Domestic material consumption,Tonnes,,Normal value,Millions,,,,,,,,674.9295
2009,Domestic material consumption,Tonnes,,Normal value,Millions,,,,,,,,591.6201
2010,Domestic material consumption,Tonnes,,Normal value,Millions,,,,,,,,575.3487
2011,Domestic material consumption,Tonnes,,Normal value,Millions,,,,,,,,575.5522
2012,Domestic material consumption,Tonnes,,Normal value,Millions,,,,,,,,557.4719
2013,Domestic material consumption,Tonnes,,Normal value,Millions,,,,,,,,572.7743
2014,Domestic material consumption,Tonnes,,Normal value,Millions,,,,,,,,588.3881
2015,Domestic material consumption,Tonnes,,Normal value,Millions,,,,,,,,566.5515
2016,Domestic material consumption,Tonnes,,Normal value,Millions,,,,,,,,558.3661
2017,Domestic material consumption,Tonnes,,Normal value,Millions,,,,,,,,569.638
2018,Domestic material consumption,Tonnes,,Normal value,Millions,,,,,,,,565.6744
2019,Domestic material consumption,Tonnes,,Normal value,Millions,,,,,,,,566.7899
2000,Domestic material consumption per capita,Tonnes,Biomass,Normal value,Units,,,,,,,,2.976305104260598
2001,Domestic material consumption per capita,Tonnes,Biomass,Normal value,Units,,,,,,,,2.85699853311494
2002,Domestic material consumption per capita,Tonnes,Biomass,Normal value,Units,,,,,,,,2.952419796374932
2003,Domestic material consumption per capita,Tonnes,Biomass,Normal value,Units,,,,,,,,2.8612164778773166
2004,Domestic material consumption per capita,Tonnes,Biomass,Normal value,Units,,,,,,,,2.900064126382952
2005,Domestic material consumption per capita,Tonnes,Biomass,Normal value,Units,,,,,,,,2.852854726831897
2006,Domestic material consumption per capita,Tonnes,Biomass,Normal value,Units,,,,,,,,2.756141038562715
2007,Domestic material consumption per capita,Tonnes,Biomass,Normal value,Units,,,,,,,,2.6411129000233617
2008,Domestic material consumption per capita,Tonnes,Biomass,Normal value,Units,,,,,,,,2.7364037250913773
2009,Domestic material consumption per capita,Tonnes,Biomass,Normal value,Units,,,,,,,,2.6276890932075285
2010,Domestic material consumption per capita,Tonnes,Biomass,Normal value,Units,,,,,,,,2.558470232756638
2011,Domestic material consumption per capita,Tonnes,Biomass,Normal value,Units,,,,,,,,2.607417585912144
2012,Domestic material consumption per capita,Tonnes,Biomass,Normal value,Units,,,,,,,,2.4987194888692463
2013,Domestic material consumption per capita,Tonnes,Biomass,Normal value,Units,,,,,,,,2.648349863180555
2014,Domestic material consumption per capita,Tonnes,Biomass,Normal value,Units,,,,,,,,2.802928853141099
2015,Domestic material consumption per capita,Tonnes,Biomass,Normal value,Units,,,,,,,,2.6846292232008357
2016,Domestic material consumption per capita,Tonnes,Biomass,Normal value,Units,,,,,,,,2.565943538859507
2017,Domestic material consumption per capita,Tonnes,Biomass,Normal value,Units,,,,,,,,2.765882292746138
2018,Domestic material consumption per capita,Tonnes,Biomass,Normal value,Units,,,,,,,,2.6292173392107085
2019,Domestic material consumption per capita,Tonnes,Biomass,Normal value,Units,,,,,,,,2.7554553511545463
2000,Domestic material consumption per capita,Tonnes,Fossil fuels,Normal value,Units,,,,,,,,4.085575373475234
2001,Domestic material consumption per capita,Tonnes,Fossil fuels,Normal value,Units,,,,,,,,4.097723587644386
2002,Domestic material consumption per capita,Tonnes,Fossil fuels,Normal value,Units,,,,,,,,3.899702853552904
2003,Domestic material consumption per capita,Tonnes,Fossil fuels,Normal value,Units,,,,,,,,4.096783619445367
2004,Domestic material consumption per capita,Tonnes,Fossil fuels,Normal value,Units,,,,,,,,4.239520547364817
2005,Domestic material consumption per capita,Tonnes,Fossil fuels,Normal value,Units,,,,,,,,4.151945012880944
2006,Domestic material consumption per capita,Tonnes,Fossil fuels,Normal value,Units,,,,,,,,4.039325189434482
2007,Domestic material consumption per capita,Tonnes,Fossil fuels,Normal value,Units,,,,,,,,3.9041097733454064
2008,Domestic material consumption per capita,Tonnes,Fossil fuels,Normal value,Units,,,,,,,,3.660530450972807
2009,Domestic material consumption per capita,Tonnes,Fossil fuels,Normal value,Units,,,,,,,,3.3525677907493368
2010,Domestic material consumption per capita,Tonnes,Fossil fuels,Normal value,Units,,,,,,,,3.0806576781035195
2011,Domestic material consumption per capita,Tonnes,Fossil fuels,Normal value,Units,,,,,,,,3.045166444668808
2012,Domestic material consumption per capita,Tonnes,Fossil fuels,Normal value,Units,,,,,,,,3.048170607564269
2013,Domestic material consumption per capita,Tonnes,Fossil fuels,Normal value,Units,,,,,,,,2.8591659013415573
2014,Domestic material consumption per capita,Tonnes,Fossil fuels,Normal value,Units,,,,,,,,2.6419114694806947
2015,Domestic material consumption per capita,Tonnes,Fossil fuels,Normal value,Units,,,,,,,,2.470755889944705
2016,Domestic material consumption per capita,Tonnes,Fossil fuels,Normal value,Units,,,,,,,,2.270210477221457
2017,Domestic material consumption per capita,Tonnes,Fossil fuels,Normal value,Units,,,,,,,,2.204203440905694
2018,Domestic material consumption per capita,Tonnes,Fossil fuels,Normal value,Units,,,,,,,,2.174874747029264
2019,Domestic material consumption per capita,Tonnes,Fossil fuels,Normal value,Units,,,,,,,,2.131533247101658
2000,Domestic material consumption per capita,Tonnes,Metal ores,Normal value,Units,,,,,,,,0.288107040540977
2001,Domestic material consumption per capita,Tonnes,Metal ores,Normal value,Units,,,,,,,,0.3434894947671085
2002,Domestic material consumption per capita,Tonnes,Metal ores,Normal value,Units,,,,,,,,0.3181417437554026
2003,Domestic material consumption per capita,Tonnes,Metal ores,Normal value,Units,,,,,,,,0.291810430302085
2004,Domestic material consumption per capita,Tonnes,Metal ores,Normal value,Units,,,,,,,,0.3218078876051528
2005,Domestic material consumption per capita,Tonnes,Metal ores,Normal value,Units,,,,,,,,0.2858874926762786
2006,Domestic material consumption per capita,Tonnes,Metal ores,Normal value,Units,,,,,,,,0.2972119257565481
2007,Domestic material consumption per capita,Tonnes,Metal ores,Normal value,Units,,,,,,,,0.3348044633745698
2008,Domestic material consumption per capita,Tonnes,Metal ores,Normal value,Units,,,,,,,,0.2496968318270842
2009,Domestic material consumption per capita,Tonnes,Metal ores,Normal value,Units,,,,,,,,0.1004521551598553
2010,Domestic material consumption per capita,Tonnes,Metal ores,Normal value,Units,,,,,,,,0.1503805259242527
2011,Domestic material consumption per capita,Tonnes,Metal ores,Normal value,Units,,,,,,,,0.1418563550735326
2012,Domestic material consumption per capita,Tonnes,Metal ores,Normal value,Units,,,,,,,,0.1546549777937472
2013,Domestic material consumption per capita,Tonnes,Metal ores,Normal value,Units,,,,,,,,0.19743032338458
2014,Domestic material consumption per capita,Tonnes,Metal ores,Normal value,Units,,,,,,,,0.230410965554429
2015,Domestic material consumption per capita,Tonnes,Metal ores,Normal value,Units,,,,,,,,0.2093993684598598
2016,Domestic material consumption per capita,Tonnes,Metal ores,Normal value,Units,,,,,,,,0.1857511267584565
2017,Domestic material consumption per capita,Tonnes,Metal ores,Normal value,Units,,,,,,,,0.175078133057352
2018,Domestic material consumption per capita,Tonnes,Metal ores,Normal value,Units,,,,,,,,0.1693731744525333
2019,Domestic material consumption per capita,Tonnes,Metal ores,Normal value,Units,,,,,,,,0.2005694883587237
2000,Domestic material consumption per capita,Tonnes,Non-metallic minerals,Normal value,Units,,,,,,,,5.06127761899667
2001,Domestic material consumption per capita,Tonnes,Non-metallic minerals,Normal value,Units,,,,,,,,5.140314613620798
2002,Domestic material consumption per capita,Tonnes,Non-metallic minerals,Normal value,Units,,,,,,,,4.880468220719524
2003,Domestic material consumption per capita,Tonnes,Non-metallic minerals,Normal value,Units,,,,,,,,4.759027257427654
2004,Domestic material consumption per capita,Tonnes,Non-metallic minerals,Normal value,Units,,,,,,,,4.922063525752737
2005,Domestic material consumption per capita,Tonnes,Non-metallic minerals,Normal value,Units,,,,,,,,4.712863113068061
2006,Domestic material consumption per capita,Tonnes,Non-metallic minerals,Normal value,Units,,,,,,,,4.671649993661528
2007,Domestic material consumption per capita,Tonnes,Non-metallic minerals,Normal value,Units,,,,,,,,4.721811279768978
2008,Domestic material consumption per capita,Tonnes,Non-metallic minerals,Normal value,Units,,,,,,,,4.145376312529103
2009,Domestic material consumption per capita,Tonnes,Non-metallic minerals,Normal value,Units,,,,,,,,3.306739365959977
2010,Domestic material consumption per capita,Tonnes,Non-metallic minerals,Normal value,Units,,,,,,,,3.237077134639281
2011,Domestic material consumption per capita,Tonnes,Non-metallic minerals,Normal value,Units,,,,,,,,3.1757326304616984
2012,Domestic material consumption per capita,Tonnes,Non-metallic minerals,Normal value,Units,,,,,,,,2.933184396899272
2013,Domestic material consumption per capita,Tonnes,Non-metallic minerals,Normal value,Units,,,,,,,,3.102740360468049
2014,Domestic material consumption per capita,Tonnes,Non-metallic minerals,Normal value,Units,,,,,,,,3.305141410205888
2015,Domestic material consumption per capita,Tonnes,Non-metallic minerals,Normal value,Units,,,,,,,,3.218616043112495
2016,Domestic material consumption per capita,Tonnes,Non-metallic minerals,Normal value,Units,,,,,,,,3.3506811946017474
2017,Domestic material consumption per capita,Tonnes,Non-metallic minerals,Normal value,Units,,,,,,,,3.3491525294377764
2018,Domestic material consumption per capita,Tonnes,Non-metallic minerals,Normal value,Units,,,,,,,,3.40786973239478
2019,Domestic material consumption per capita,Tonnes,Non-metallic minerals,Normal value,Units,,,,,,,,3.244989280923637
2000,Domestic material consumption per capita,Tonnes,,Normal value,Units,,,,,,,,12.5
2001,Domestic material consumption per capita,Tonnes,,Normal value,Units,,,,,,,,12.6
2002,Domestic material consumption per capita,Tonnes,,Normal value,Units,,,,,,,,12.2
2003,Domestic material consumption per capita,Tonnes,,Normal value,Units,,,,,,,,12.1
2004,Domestic material consumption per capita,Tonnes,,Normal value,Units,,,,,,,,12.5
2005,Domestic material consumption per capita,Tonnes,,Normal value,Units,,,,,,,,12.1
2006,Domestic material consumption per capita,Tonnes,,Normal value,Units,,,,,,,,11.9
2007,Domestic material consumption per capita,Tonnes,,Normal value,Units,,,,,,,,11.7
2008,Domestic material consumption per capita,Tonnes,,Normal value,Units,,,,,,,,10.9
2009,Domestic material consumption per capita,Tonnes,,Normal value,Units,,,,,,,,9.5
2010,Domestic material consumption per capita,Tonnes,,Normal value,Units,,,,,,,,9.2
2011,Domestic material consumption per capita,Tonnes,,Normal value,Units,,,,,,,,9.1
2012,Domestic material consumption per capita,Tonnes,,Normal value,Units,,,,,,,,8.8
2013,Domestic material consumption per capita,Tonnes,,Normal value,Units,,,,,,,,8.9
2014,Domestic material consumption per capita,Tonnes,,Normal value,Units,,,,,,,,9.1
2015,Domestic material consumption per capita,Tonnes,,Normal value,Units,,,,,,,,8.7
2016,Domestic material consumption per capita,Tonnes,,Normal value,Units,,,,,,,,8.5
2017,Domestic material consumption per capita,Tonnes,,Normal value,Units,,,,,,,,8.6
2018,Domestic material consumption per capita,Tonnes,,Normal value,Units,,,,,,,,8.5
2019,Domestic material consumption per capita,Tonnes,,Normal value,Units,,,,,,,,8.485285223244228
2000,Domestic material consumption per unit of GDP,Tonnes per $m,Biomass,Normal value,Units,,,,,,,,53.55919860826596
2001,Domestic material consumption per unit of GDP,Tonnes per $m,Biomass,Normal value,Units,,,,,,,,53.83188602600904
2002,Domestic material consumption per unit of GDP,Tonnes per $m,Biomass,Normal value,Units,,,,,,,,53.24135029190739
2003,Domestic material consumption per unit of GDP,Tonnes per $m,Biomass,Normal value,Units,,,,,,,,46.96595891390481
2004,Domestic material consumption per unit of GDP,Tonnes per $m,Biomass,Normal value,Units,,,,,,,,42.77453456597713
2005,Domestic material consumption per unit of GDP,Tonnes per $m,Biomass,Normal value,Units,,,,,,,,42.71814635361604
2006,Domestic material consumption per unit of GDP,Tonnes per $m,Biomass,Normal value,Units,,,,,,,,41.14149788421616
2007,Domestic material consumption per unit of GDP,Tonnes per $m,Biomass,Normal value,Units,,,,,,,,36.63848173365824
2008,Domestic material consumption per unit of GDP,Tonnes per $m,Biomass,Normal value,Units,,,,,,,,43.27725601471603
2009,Domestic material consumption per unit of GDP,Tonnes per $m,Biomass,Normal value,Units,,,,,,,,51.013646411452775
2010,Domestic material consumption per unit of GDP,Tonnes per $m,Biomass,Normal value,Units,,,,,,,,50.24923086254607
2011,Domestic material consumption per unit of GDP,Tonnes per $m,Biomass,Normal value,Units,,,,,,,,50.018238545055546
2012,Domestic material consumption per unit of GDP,Tonnes per $m,Biomass,Normal value,Units,,,,,,,,49.0268718351424
2013,Domestic material consumption per unit of GDP,Tonnes per $m,Biomass,Normal value,Units,,,,,,,,52.79422915951434
2014,Domestic material consumption per unit of GDP,Tonnes per $m,Biomass,Normal value,Units,,,,,,,,53.0746618738651
2015,Domestic material consumption per unit of GDP,Tonnes per $m,Biomass,Normal value,Units,,,,,,,,54.4547872875228
2016,Domestic material consumption per unit of GDP,Tonnes per $m,Biomass,Normal value,Units,,,,,,,,58.906390467111024
2017,Domestic material consumption per unit of GDP,Tonnes per $m,Biomass,Normal value,Units,,,,,,,,66.93660971536104
2018,Domestic material consumption per unit of GDP,Tonnes per $m,Biomass,Normal value,Units,,,,,,,,62.43940041954437
2019,Domestic material consumption per unit of GDP,Tonnes per $m,Biomass,Normal value,Units,,,,,,,,69.02352558651057
2000,Domestic material consumption per unit of GDP,Tonnes per $m,Fossil fuels,Normal value,Units,,,,,,,,73.52073634647138
2001,Domestic material consumption per unit of GDP,Tonnes per $m,Fossil fuels,Normal value,Units,,,,,,,,77.20976632622126
2002,Domestic material consumption per unit of GDP,Tonnes per $m,Fossil fuels,Normal value,Units,,,,,,,,70.32382248462417
2003,Domestic material consumption per unit of GDP,Tonnes per $m,Fossil fuels,Normal value,Units,,,,,,,,67.24740076038368
2004,Domestic material consumption per unit of GDP,Tonnes per $m,Fossil fuels,Normal value,Units,,,,,,,,62.53086493732252
2005,Domestic material consumption per unit of GDP,Tonnes per $m,Fossil fuels,Normal value,Units,,,,,,,,62.17049646596514
2006,Domestic material consumption per unit of GDP,Tonnes per $m,Fossil fuels,Normal value,Units,,,,,,,,60.29585801655569
2007,Domestic material consumption per unit of GDP,Tonnes per $m,Fossil fuels,Normal value,Units,,,,,,,,54.15923515259308
2008,Domestic material consumption per unit of GDP,Tonnes per $m,Fossil fuels,Normal value,Units,,,,,,,,57.89266840408354
2009,Domestic material consumption per unit of GDP,Tonnes per $m,Fossil fuels,Normal value,Units,,,,,,,,65.08635602659739
2010,Domestic material consumption per unit of GDP,Tonnes per $m,Fossil fuels,Normal value,Units,,,,,,,,60.50517097817003
2011,Domestic material consumption per unit of GDP,Tonnes per $m,Fossil fuels,Normal value,Units,,,,,,,,58.41559958090092
2012,Domestic material consumption per unit of GDP,Tonnes per $m,Fossil fuels,Normal value,Units,,,,,,,,59.807541572555294
2013,Domestic material consumption per unit of GDP,Tonnes per $m,Fossil fuels,Normal value,Units,,,,,,,,56.99679709961512
2014,Domestic material consumption per unit of GDP,Tonnes per $m,Fossil fuels,Normal value,Units,,,,,,,,50.02572854685132
2015,Domestic material consumption per unit of GDP,Tonnes per $m,Fossil fuels,Normal value,Units,,,,,,,,50.116599068350304
2016,Domestic material consumption per unit of GDP,Tonnes per $m,Fossil fuels,Normal value,Units,,,,,,,,52.11724373061341
2017,Domestic material consumption per unit of GDP,Tonnes per $m,Fossil fuels,Normal value,Units,,,,,,,,53.34352291278153
2018,Domestic material consumption per unit of GDP,Tonnes per $m,Fossil fuels,Normal value,Units,,,,,,,,51.64954344659921
2019,Domestic material consumption per unit of GDP,Tonnes per $m,Fossil fuels,Normal value,Units,,,,,,,,53.39441974923415
2000,Domestic material consumption per unit of GDP,Tonnes per $m,Metal ores,Normal value,Units,,,,,,,,5.184543137961442
2001,Domestic material consumption per unit of GDP,Tonnes per $m,Metal ores,Normal value,Units,,,,,,,,6.472067492899378
2002,Domestic material consumption per unit of GDP,Tonnes per $m,Metal ores,Normal value,Units,,,,,,,,5.7370892996168665
2003,Domestic material consumption per unit of GDP,Tonnes per $m,Metal ores,Normal value,Units,,,,,,,,4.7899754479200425
2004,Domestic material consumption per unit of GDP,Tonnes per $m,Metal ores,Normal value,Units,,,,,,,,4.7465097363688455
2005,Domestic material consumption per unit of GDP,Tonnes per $m,Metal ores,Normal value,Units,,,,,,,,4.280829177157476
2006,Domestic material consumption per unit of GDP,Tonnes per $m,Metal ores,Normal value,Units,,,,,,,,4.43654502566872
2007,Domestic material consumption per unit of GDP,Tonnes per $m,Metal ores,Normal value,Units,,,,,,,,4.644529666107012
2008,Domestic material consumption per unit of GDP,Tonnes per $m,Metal ores,Normal value,Units,,,,,,,,3.949049483435915
2009,Domestic material consumption per unit of GDP,Tonnes per $m,Metal ores,Normal value,Units,,,,,,,,1.9501663030986809
2010,Domestic material consumption per unit of GDP,Tonnes per $m,Metal ores,Normal value,Units,,,,,,,,2.9535249883509764
2011,Domestic material consumption per unit of GDP,Tonnes per $m,Metal ores,Normal value,Units,,,,,,,,2.721238456600305
2012,Domestic material consumption per unit of GDP,Tonnes per $m,Metal ores,Normal value,Units,,,,,,,,3.0344541709209856
2013,Domestic material consumption per unit of GDP,Tonnes per $m,Metal ores,Normal value,Units,,,,,,,,3.935726876842755
2014,Domestic material consumption per unit of GDP,Tonnes per $m,Metal ores,Normal value,Units,,,,,,,,4.36293060921889
2015,Domestic material consumption per unit of GDP,Tonnes per $m,Metal ores,Normal value,Units,,,,,,,,4.2474387036687045
2016,Domestic material consumption per unit of GDP,Tonnes per $m,Metal ores,Normal value,Units,,,,,,,,4.264290401106359
2017,Domestic material consumption per unit of GDP,Tonnes per $m,Metal ores,Normal value,Units,,,,,,,,4.23703376419484
2018,Domestic material consumption per unit of GDP,Tonnes per $m,Metal ores,Normal value,Units,,,,,,,,4.0223222714428974
2019,Domestic material consumption per unit of GDP,Tonnes per $m,Metal ores,Normal value,Units,,,,,,,,5.024219755838544
2000,Domestic material consumption per unit of GDP,Tonnes per $m,Non-metallic minerals,Normal value,Units,,,,,,,,91.078691099029
2001,Domestic material consumption per unit of GDP,Tonnes per $m,Non-metallic minerals,Normal value,Units,,,,,,,,96.8543830915334
2002,Domestic material consumption per unit of GDP,Tonnes per $m,Non-metallic minerals,Normal value,Units,,,,,,,,88.01008530253479
2003,Domestic material consumption per unit of GDP,Tonnes per $m,Non-metallic minerals,Normal value,Units,,,,,,,,78.11791955298675
2004,Domestic material consumption per unit of GDP,Tonnes per $m,Non-metallic minerals,Normal value,Units,,,,,,,,72.59804171324872
2005,Domestic material consumption per unit of GDP,Tonnes per $m,Non-metallic minerals,Normal value,Units,,,,,,,,70.56958572586403
2006,Domestic material consumption per unit of GDP,Tonnes per $m,Non-metallic minerals,Normal value,Units,,,,,,,,69.73470357317159
2007,Domestic material consumption per unit of GDP,Tonnes per $m,Non-metallic minerals,Normal value,Units,,,,,,,,65.50268878019827
2008,Domestic material consumption per unit of GDP,Tonnes per $m,Non-metallic minerals,Normal value,Units,,,,,,,,65.56068839903025
2009,Domestic material consumption per unit of GDP,Tonnes per $m,Non-metallic minerals,Normal value,Units,,,,,,,,64.19664838810942
2010,Domestic material consumption per unit of GDP,Tonnes per $m,Non-metallic minerals,Normal value,Units,,,,,,,,63.57730263021223
2011,Domestic material consumption per unit of GDP,Tonnes per $m,Non-metallic minerals,Normal value,Units,,,,,,,,60.92025808370159
2012,Domestic material consumption per unit of GDP,Tonnes per $m,Non-metallic minerals,Normal value,Units,,,,,,,,57.55142029195783
2013,Domestic material consumption per unit of GDP,Tonnes per $m,Non-metallic minerals,Normal value,Units,,,,,,,,61.852396426316325
2014,Domestic material consumption per unit of GDP,Tonnes per $m,Non-metallic minerals,Normal value,Units,,,,,,,,62.58427237473535
2015,Domestic material consumption per unit of GDP,Tonnes per $m,Non-metallic minerals,Normal value,Units,,,,,,,,65.28612982128274
2016,Domestic material consumption per unit of GDP,Tonnes per $m,Non-metallic minerals,Normal value,Units,,,,,,,,76.92162036727633
2017,Domestic material consumption per unit of GDP,Tonnes per $m,Non-metallic minerals,Normal value,Units,,,,,,,,81.05222565983097
2018,Domestic material consumption per unit of GDP,Tonnes per $m,Non-metallic minerals,Normal value,Units,,,,,,,,80.93105869388545
2019,Domestic material consumption per unit of GDP,Tonnes per $m,Non-metallic minerals,Normal value,Units,,,,,,,,81.28623843094988
2000,Domestic material consumption per unit of GDP,Tonnes per $m,,Normal value,Units,,,,,,,,225.78715161168867
2001,Domestic material consumption per unit of GDP,Tonnes per $m,,Normal value,Units,,,,,,,,236.91811289248335
2002,Domestic material consumption per unit of GDP,Tonnes per $m,,Normal value,Units,,,,,,,,219.30871120010315
2003,Domestic material consumption per unit of GDP,Tonnes per $m,,Normal value,Units,,,,,,,,199.00891115292737
2004,Domestic material consumption per unit of GDP,Tonnes per $m,,Normal value,Units,,,,,,,,185.00461834873764
2005,Domestic material consumption per unit of GDP,Tonnes per $m,,Normal value,Units,,,,,,,,181.59592444715952
2006,Domestic material consumption per unit of GDP,Tonnes per $m,,Normal value,Units,,,,,,,,177.7374393470094
2007,Domestic material consumption per unit of GDP,Tonnes per $m,,Normal value,Units,,,,,,,,162.64364696310022
2008,Domestic material consumption per unit of GDP,Tonnes per $m,,Normal value,Units,,,,,,,,172.65631029789475
2009,Domestic material consumption per unit of GDP,Tonnes per $m,,Normal value,Units,,,,,,,,184.47724461255984
2010,Domestic material consumption per unit of GDP,Tonnes per $m,,Normal value,Units,,,,,,,,180.05327115061235
2011,Domestic material consumption per unit of GDP,Tonnes per $m,,Normal value,Units,,,,,,,,174.4619578520407
2012,Domestic material consumption per unit of GDP,Tonnes per $m,,Normal value,Units,,,,,,,,171.69827676037542
2013,Domestic material consumption per unit of GDP,Tonnes per $m,,Normal value,Units,,,,,,,,178.11409301814066
2014,Domestic material consumption per unit of GDP,Tonnes per $m,,Normal value,Units,,,,,,,,172.47587656311867
2015,Domestic material consumption per unit of GDP,Tonnes per $m,,Normal value,Units,,,,,,,,176.49939626826756
2016,Domestic material consumption per unit of GDP,Tonnes per $m,,Normal value,Units,,,,,,,,195.25964807311613
2017,Domestic material consumption per unit of GDP,Tonnes per $m,,Normal value,Units,,,,,,,,208.74707576139664
2018,Domestic material consumption per unit of GDP,Tonnes per $m,,Normal value,Units,,,,,,,,202.20795008221344
2019,Domestic material consumption per unit of GDP,Tonnes per $m,,Normal value,Units,,,,,,,,212.5544518331731
2000,,,,,,A,0,G,EN_MAT_DOMCMPC,,T,,13.66576
2001,,,,,,A,0,G,EN_MAT_DOMCMPC,,T,,13.75163
2002,,,,,,A,0,G,EN_MAT_DOMCMPC,,T,,13.30561
2003,,,,,,A,0,G,EN_MAT_DOMCMPC,,T,,13.06867
2004,,,,,,A,0,G,EN_MAT_DOMCMPC,,T,,13.48239
2005,,,,,,A,0,G,EN_MAT_DOMCMPC,,T,,13.15461
2006,,,,,,A,0,G,EN_MAT_DOMCMPC,,T,,12.99372
2007,,,,,,A,0,G,EN_MAT_DOMCMPC,,T,,12.63189
2008,,,,,,A,0,G,EN_MAT_DOMCMPC,,T,,11.8959
2009,,,,,,A,0,G,EN_MAT_DOMCMPC,,T,,10.2246
2010,,,,,,A,0,G,EN_MAT_DOMCMPC,,T,,9.8744
2011,,,,,,A,0,G,EN_MAT_DOMCMPC,,T,,9.98363
2012,,,,,,A,0,G,EN_MAT_DOMCMPC,,T,,9.50886
2013,,,,,,A,0,G,EN_MAT_DOMCMPC,,T,,9.57251
2014,,,,,,A,0,G,EN_MAT_DOMCMPC,,T,,10.65636
2015,,,,,,A,0,G,EN_MAT_DOMCMPC,,T,,10.53961
2016,,,,,,A,0,G,EN_MAT_DOMCMPC,,T,,10.42176
2017,,,,,,A,0,G,EN_MAT_DOMCMPC,,T,,10.44107
2018,,,,,,A,0,G,EN_MAT_DOMCMPC,,T,,10.40221
2019,,,,,,A,0,G,EN_MAT_DOMCMPC,,T,,10.12325
2000,,,,,,A,0,G,EN_MAT_DOMCMPC,MF_AGG3A,T,,6.16159
2001,,,,,,A,0,G,EN_MAT_DOMCMPC,MF_AGG3A,T,,6.31768
2002,,,,,,A,0,G,EN_MAT_DOMCMPC,MF_AGG3A,T,,5.95155
2003,,,,,,A,0,G,EN_MAT_DOMCMPC,MF_AGG3A,T,,5.80218
2004,,,,,,A,0,G,EN_MAT_DOMCMPC,MF_AGG3A,T,,6.03816
2005,,,,,,A,0,G,EN_MAT_DOMCMPC,MF_AGG3A,T,,5.78878
2006,,,,,,A,0,G,EN_MAT_DOMCMPC,MF_AGG3A,T,,5.77124
2007,,,,,,A,0,G,EN_MAT_DOMCMPC,MF_AGG3A,T,,5.75546
2008,,,,,,A,0,G,EN_MAT_DOMCMPC,MF_AGG3A,T,,5.01479
2009,,,,,,A,0,G,EN_MAT_DOMCMPC,MF_AGG3A,T,,3.962
2010,,,,,,A,0,G,EN_MAT_DOMCMPC,MF_AGG3A,T,,3.71526
2011,,,,,,A,0,G,EN_MAT_DOMCMPC,MF_AGG3A,T,,3.826
2012,,,,,,A,0,G,EN_MAT_DOMCMPC,MF_AGG3A,T,,3.4367
2013,,,,,,A,0,G,EN_MAT_DOMCMPC,MF_AGG3A,T,,3.4002
2014,,,,,,A,0,G,EN_MAT_DOMCMPC,MF_AGG3A,T,,4.66393
2015,,,,,,A,0,G,EN_MAT_DOMCMPC,MF_AGG3A,T,,5.02546
2016,,,,,,A,0,G,EN_MAT_DOMCMPC,MF_AGG3A,T,,5.25739
2017,,,,,,A,0,G,EN_MAT_DOMCMPC,MF_AGG3A,T,,5.22677
2018,,,,,,A,0,G,EN_MAT_DOMCMPC,MF_AGG3A,T,,5.28728
2019,,,,,,A,0,G,EN_MAT_DOMCMPC,MF_AGG3A,T,,5.25081
2000,,,,,,A,0,G,EN_MAT_DOMCMPC,MF_AGG3B,T,,0.29296
2001,,,,,,A,0,G,EN_MAT_DOMCMPC,MF_AGG3B,T,,0.29013
2002,,,,,,A,0,G,EN_MAT_DOMCMPC,MF_AGG3B,T,,0.29509
2003,,,,,,A,0,G,EN_MAT_DOMCMPC,MF_AGG3B,T,,0.28921
2004,,,,,,A,0,G,EN_MAT_DOMCMPC,MF_AGG3B,T,,0.2803
2005,,,,,,A,0,G,EN_MAT_DOMCMPC,MF_AGG3B,T,,0.2874
2006,,,,,,A,0,G,EN_MAT_DOMCMPC,MF_AGG3B,T,,0.29214
2007,,,,,,A,0,G,EN_MAT_DOMCMPC,MF_AGG3B,T,,0.27287
2008,,,,,,A,0,G,EN_MAT_DOMCMPC,MF_AGG3B,T,,0.25669
2009,,,,,,A,0,G,EN_MAT_DOMCMPC,MF_AGG3B,T,,0.23922
2010,,,,,,A,0,G,EN_MAT_DOMCMPC,MF_AGG3B,T,,0.277
2011,,,,,,A,0,G,EN_MAT_DOMCMPC,MF_AGG3B,T,,0.34018
2012,,,,,,A,0,G,EN_MAT_DOMCMPC,MF_AGG3B,T,,0.31833
2013,,,,,,A,0,G,EN_MAT_DOMCMPC,MF_AGG3B,T,,0.33363
2014,,,,,,A,0,G,EN_MAT_DOMCMPC,MF_AGG3B,T,,0.29971
2015,,,,,,A,0,G,EN_MAT_DOMCMPC,MF_AGG3B,T,,0.23574
2016,,,,,,A,0,G,EN_MAT_DOMCMPC,MF_AGG3B,T,,0.23011
2017,,,,,,A,0,G,EN_MAT_DOMCMPC,MF_AGG3B,T,,0.1751
2018,,,,,,A,0,G,EN_MAT_DOMCMPC,MF_AGG3B,T,,0.19595
2019,,,,,,A,0,G,EN_MAT_DOMCMPC,MF_AGG3B,T,,0.18757
2000,,,,,,A,0,G,EN_MAT_DOMCMPC,MF1,T,,3.09587
2001,,,,,,A,0,G,EN_MAT_DOMCMPC,MF1,T,,2.91629
2002,,,,,,A,0,G,EN_MAT_DOMCMPC,MF1,T,,2.98074
2003,,,,,,A,0,G,EN_MAT_DOMCMPC,MF1,T,,2.8883
2004,,,,,,A,0,G,EN_MAT_DOMCMPC,MF1,T,,2.91838
2005,,,,,,A,0,G,EN_MAT_DOMCMPC,MF1,T,,2.90933
2006,,,,,,A,0,G,EN_MAT_DOMCMPC,MF1,T,,2.81181
2007,,,,,,A,0,G,EN_MAT_DOMCMPC,MF1,T,,2.70623
2008,,,,,,A,0,G,EN_MAT_DOMCMPC,MF1,T,,2.77472
2009,,,,,,A,0,G,EN_MAT_DOMCMPC,MF1,T,,2.64226
2010,,,,,,A,0,G,EN_MAT_DOMCMPC,MF1,T,,2.5744
2011,,,,,,A,0,G,EN_MAT_DOMCMPC,MF1,T,,2.59919
2012,,,,,,A,0,G,EN_MAT_DOMCMPC,MF1,T,,2.53044
2013,,,,,,A,0,G,EN_MAT_DOMCMPC,MF1,T,,2.68425
2014,,,,,,A,0,G,EN_MAT_DOMCMPC,MF1,T,,2.82396
2015,,,,,,A,0,G,EN_MAT_DOMCMPC,MF1,T,,2.80303
2016,,,,,,A,0,G,EN_MAT_DOMCMPC,MF1,T,,2.68915
2017,,,,,,A,0,G,EN_MAT_DOMCMPC,MF1,T,,2.86145
2018,,,,,,A,0,G,EN_MAT_DOMCMPC,MF1,T,,2.76447
2019,,,,,,A,0,G,EN_MAT_DOMCMPC,MF1,T,,2.75418
2000,,,,,,A,0,G,EN_MAT_DOMCMPC,MF11,T,,0.9416
2001,,,,,,A,0,G,EN_MAT_DOMCMPC,MF11,T,,0.92947
2002,,,,,,A,0,G,EN_MAT_DOMCMPC,MF11,T,,0.99335
2003,,,,,,A,0,G,EN_MAT_DOMCMPC,MF11,T,,0.91275
2004,,,,,,A,0,G,EN_MAT_DOMCMPC,MF11,T,,0.95693
2005,,,,,,A,0,G,EN_MAT_DOMCMPC,MF11,T,,0.94015
2006,,,,,,A,0,G,EN_MAT_DOMCMPC,MF11,T,,0.91027
2007,,,,,,A,0,G,EN_MAT_DOMCMPC,MF11,T,,0.87922
2008,,,,,,A,0,G,EN_MAT_DOMCMPC,MF11,T,,0.96466
2009,,,,,,A,0,G,EN_MAT_DOMCMPC,MF11,T,,0.91794
2010,,,,,,A,0,G,EN_MAT_DOMCMPC,MF11,T,,0.84462
2011,,,,,,A,0,G,EN_MAT_DOMCMPC,MF11,T,,0.89846
2012,,,,,,A,0,G,EN_MAT_DOMCMPC,MF11,T,,0.83908
2013,,,,,,A,0,G,EN_MAT_DOMCMPC,MF11,T,,0.93968
2014,,,,,,A,0,G,EN_MAT_DOMCMPC,MF11,T,,0.97989
2015,,,,,,A,0,G,EN_MAT_DOMCMPC,MF11,T,,0.9027
2016,,,,,,A,0,G,EN_MAT_DOMCMPC,MF11,T,,0.81583
2017,,,,,,A,0,G,EN_MAT_DOMCMPC,MF11,T,,0.96499
2018,,,,,,A,0,G,EN_MAT_DOMCMPC,MF11,T,,0.88275
2019,,,,,,A,0,G,EN_MAT_DOMCMPC,MF11,T,,0.86136
2000,,,,,,A,0,G,EN_MAT_DOMCMPC,MF121,T,,0.31923
2001,,,,,,A,0,G,EN_MAT_DOMCMPC,MF121,T,,0.26217
2002,,,,,,A,0,G,EN_MAT_DOMCMPC,MF121,T,,0.31423
2003,,,,,,A,0,G,EN_MAT_DOMCMPC,MF121,T,,0.30288
2004,,,,,,A,0,G,EN_MAT_DOMCMPC,MF121,T,,0.30548
2005,,,,,,A,0,G,EN_MAT_DOMCMPC,MF121,T,,0.29808
2006,,,,,,A,0,G,EN_MAT_DOMCMPC,MF121,T,,0.29106
2007,,,,,,A,0,G,EN_MAT_DOMCMPC,MF121,T,,0.2713
2008,,,,,,A,0,G,EN_MAT_DOMCMPC,MF121,T,,0.32334
2009,,,,,,A,0,G,EN_MAT_DOMCMPC,MF121,T,,0.29015
2010,,,,,,A,0,G,EN_MAT_DOMCMPC,MF121,T,,0.2856
2011,,,,,,A,0,G,EN_MAT_DOMCMPC,MF121,T,,0.29826
2012,,,,,,A,0,G,EN_MAT_DOMCMPC,MF121,T,,0.26842
2013,,,,,,A,0,G,EN_MAT_DOMCMPC,MF121,T,,0.26477
2014,,,,,,A,0,G,EN_MAT_DOMCMPC,MF121,T,,0.31703
2015,,,,,,A,0,G,EN_MAT_DOMCMPC,MF121,T,,0.31963
2016,,,,,,A,0,G,EN_MAT_DOMCMPC,MF121,T,,0.27295
2017,,,,,,A,0,G,EN_MAT_DOMCMPC,MF121,T,,0.28987
2018,,,,,,A,0,G,EN_MAT_DOMCMPC,MF121,T,,0.26443
2019,,,,,,A,0,G,EN_MAT_DOMCMPC,MF121,T,,0.26435
2000,,,,,,A,0,G,EN_MAT_DOMCMPC,MF122,T,,1.56765
2001,,,,,,A,0,G,EN_MAT_DOMCMPC,MF122,T,,1.45352
2002,,,,,,A,0,G,EN_MAT_DOMCMPC,MF122,T,,1.4147
2003,,,,,,A,0,G,EN_MAT_DOMCMPC,MF122,T,,1.42746
2004,,,,,,A,0,G,EN_MAT_DOMCMPC,MF122,T,,1.42474
2005,,,,,,A,0,G,EN_MAT_DOMCMPC,MF122,T,,1.43196
2006,,,,,,A,0,G,EN_MAT_DOMCMPC,MF122,T,,1.39703
2007,,,,,,A,0,G,EN_MAT_DOMCMPC,MF122,T,,1.34859
2008,,,,,,A,0,G,EN_MAT_DOMCMPC,MF122,T,,1.30697
2009,,,,,,A,0,G,EN_MAT_DOMCMPC,MF122,T,,1.26895
2010,,,,,,A,0,G,EN_MAT_DOMCMPC,MF122,T,,1.26117
2011,,,,,,A,0,G,EN_MAT_DOMCMPC,MF122,T,,1.2385
2012,,,,,,A,0,G,EN_MAT_DOMCMPC,MF122,T,,1.23199
2013,,,,,,A,0,G,EN_MAT_DOMCMPC,MF122,T,,1.22382
2014,,,,,,A,0,G,EN_MAT_DOMCMPC,MF122,T,,1.22363
2015,,,,,,A,0,G,EN_MAT_DOMCMPC,MF122,T,,1.21929
2016,,,,,,A,0,G,EN_MAT_DOMCMPC,MF122,T,,1.22771
2017,,,,,,A,0,G,EN_MAT_DOMCMPC,MF122,T,,1.22522
2018,,,,,,A,0,G,EN_MAT_DOMCMPC,MF122,T,,1.19899
2019,,,,,,A,0,G,EN_MAT_DOMCMPC,MF122,T,,1.18707
2000,,,,,,A,0,G,EN_MAT_DOMCMPC,MF13,T,,0.25391
2001,,,,,,A,0,G,EN_MAT_DOMCMPC,MF13,T,,0.25686
2002,,,,,,A,0,G,EN_MAT_DOMCMPC,MF13,T,,0.24501
2003,,,,,,A,0,G,EN_MAT_DOMCMPC,MF13,T,,0.23427
2004,,,,,,A,0,G,EN_MAT_DOMCMPC,MF13,T,,0.2207
2005,,,,,,A,0,G,EN_MAT_DOMCMPC,MF13,T,,0.22828
2006,,,,,,A,0,G,EN_MAT_DOMCMPC,MF13,T,,0.20074
2007,,,,,,A,0,G,EN_MAT_DOMCMPC,MF13,T,,0.19712
2008,,,,,,A,0,G,EN_MAT_DOMCMPC,MF13,T,,0.16976
2009,,,,,,A,0,G,EN_MAT_DOMCMPC,MF13,T,,0.15682
2010,,,,,,A,0,G,EN_MAT_DOMCMPC,MF13,T,,0.17728
2011,,,,,,A,0,G,EN_MAT_DOMCMPC,MF13,T,,0.15732
2012,,,,,,A,0,G,EN_MAT_DOMCMPC,MF13,T,,0.18452
2013,,,,,,A,0,G,EN_MAT_DOMCMPC,MF13,T,,0.25018
2014,,,,,,A,0,G,EN_MAT_DOMCMPC,MF13,T,,0.30077
2015,,,,,,A,0,G,EN_MAT_DOMCMPC,MF13,T,,0.35858
2016,,,,,,A,0,G,EN_MAT_DOMCMPC,MF13,T,,0.36752
2017,,,,,,A,0,G,EN_MAT_DOMCMPC,MF13,T,,0.37755
2018,,,,,,A,0,G,EN_MAT_DOMCMPC,MF13,T,,0.4135
2019,,,,,,A,0,G,EN_MAT_DOMCMPC,MF13,T,,0.43698
2000,,,,,,A,0,G,EN_MAT_DOMCMPC,MF14,T,,0.01349
2001,,,,,,A,0,G,EN_MAT_DOMCMPC,MF14,T,,0.01426
2002,,,,,,A,0,G,EN_MAT_DOMCMPC,MF14,T,,0.01345
2003,,,,,,A,0,G,EN_MAT_DOMCMPC,MF14,T,,0.01094
2004,,,,,,A,0,G,EN_MAT_DOMCMPC,MF14,T,,0.01052
2005,,,,,,A,0,G,EN_MAT_DOMCMPC,MF14,T,,0.01086
2006,,,,,,A,0,G,EN_MAT_DOMCMPC,MF14,T,,0.0127
2007,,,,,,A,0,G,EN_MAT_DOMCMPC,MF14,T,,0.01
2008,,,,,,A,0,G,EN_MAT_DOMCMPC,MF14,T,,0.00998
2009,,,,,,A,0,G,EN_MAT_DOMCMPC,MF14,T,,0.00841
2010,,,,,,A,0,G,EN_MAT_DOMCMPC,MF14,T,,0.00573
2011,,,,,,A,0,G,EN_MAT_DOMCMPC,MF14,T,,0.00665
2012,,,,,,A,0,G,EN_MAT_DOMCMPC,MF14,T,,0.00643
2013,,,,,,A,0,G,EN_MAT_DOMCMPC,MF14,T,,0.0058
2014,,,,,,A,0,G,EN_MAT_DOMCMPC,MF14,T,,0.00264
2015,,,,,,A,0,G,EN_MAT_DOMCMPC,MF14,T,,0.00283
2016,,,,,,A,0,G,EN_MAT_DOMCMPC,MF14,T,,0.00515
2017,,,,,,A,0,G,EN_MAT_DOMCMPC,MF14,T,,0.00381
2018,,,,,,A,0,G,EN_MAT_DOMCMPC,MF14,T,,0.00481
2019,,,,,,A,0,G,EN_MAT_DOMCMPC,MF14,T,,0.00443
2000,,,,,,A,0,G,EN_MAT_DOMCMPC,MF2,T,,0.32152
2001,,,,,,A,0,G,EN_MAT_DOMCMPC,MF2,T,,0.33078
2002,,,,,,A,0,G,EN_MAT_DOMCMPC,MF2,T,,0.33271
2003,,,,,,A,0,G,EN_MAT_DOMCMPC,MF2,T,,0.35016
2004,,,,,,A,0,G,EN_MAT_DOMCMPC,MF2,T,,0.34367
2005,,,,,,A,0,G,EN_MAT_DOMCMPC,MF2,T,,0.33968
2006,,,,,,A,0,G,EN_MAT_DOMCMPC,MF2,T,,0.3552
2007,,,,,,A,0,G,EN_MAT_DOMCMPC,MF2,T,,0.35398
2008,,,,,,A,0,G,EN_MAT_DOMCMPC,MF2,T,,0.29133
2009,,,,,,A,0,G,EN_MAT_DOMCMPC,MF2,T,,0.15525
2010,,,,,,A,0,G,EN_MAT_DOMCMPC,MF2,T,,0.22586
2011,,,,,,A,0,G,EN_MAT_DOMCMPC,MF2,T,,0.21963
2012,,,,,,A,0,G,EN_MAT_DOMCMPC,MF2,T,,0.20461
2013,,,,,,A,0,G,EN_MAT_DOMCMPC,MF2,T,,0.23828
2014,,,,,,A,0,G,EN_MAT_DOMCMPC,MF2,T,,0.23447
2015,,,,,,A,0,G,EN_MAT_DOMCMPC,MF2,T,,0.21837
2016,,,,,,A,0,G,EN_MAT_DOMCMPC,MF2,T,,0.24477
2017,,,,,,A,0,G,EN_MAT_DOMCMPC,MF2,T,,0.22458
2018,,,,,,A,0,G,EN_MAT_DOMCMPC,MF2,T,,0.21951
2019,,,,,,A,0,G,EN_MAT_DOMCMPC,MF2,T,,0.19423
2000,,,,,,A,0,G,EN_MAT_DOMCMPC,MF21,T,,0.29217
2001,,,,,,A,0,G,EN_MAT_DOMCMPC,MF21,T,,0.29394
2002,,,,,,A,0,G,EN_MAT_DOMCMPC,MF21,T,,0.2799
2003,,,,,,A,0,G,EN_MAT_DOMCMPC,MF21,T,,0.3055
2004,,,,,,A,0,G,EN_MAT_DOMCMPC,MF21,T,,0.29527
2005,,,,,,A,0,G,EN_MAT_DOMCMPC,MF21,T,,0.29176
2006,,,,,,A,0,G,EN_MAT_DOMCMPC,MF21,T,,0.30737
2007,,,,,,A,0,G,EN_MAT_DOMCMPC,MF21,T,,0.31204
2008,,,,,,A,0,G,EN_MAT_DOMCMPC,MF21,T,,0.25335
2009,,,,,,A,0,G,EN_MAT_DOMCMPC,MF21,T,,0.12352
2010,,,,,,A,0,G,EN_MAT_DOMCMPC,MF21,T,,0.18602
2011,,,,,,A,0,G,EN_MAT_DOMCMPC,MF21,T,,0.18098
2012,,,,,,A,0,G,EN_MAT_DOMCMPC,MF21,T,,0.17726
2013,,,,,,A,0,G,EN_MAT_DOMCMPC,MF21,T,,0.2039
2014,,,,,,A,0,G,EN_MAT_DOMCMPC,MF21,T,,0.21947
2015,,,,,,A,0,G,EN_MAT_DOMCMPC,MF21,T,,0.19652
2016,,,,,,A,0,G,EN_MAT_DOMCMPC,MF21,T,,0.2033
2017,,,,,,A,0,G,EN_MAT_DOMCMPC,MF21,T,,0.17047
2018,,,,,,A,0,G,EN_MAT_DOMCMPC,MF21,T,,0.17559
2019,,,,,,A,0,G,EN_MAT_DOMCMPC,MF21,T,,0.15193
2000,,,,,,A,0,G,EN_MAT_DOMCMPC,MF22,T,,0.02935
2001,,,,,,A,0,G,EN_MAT_DOMCMPC,MF22,T,,0.03683
2002,,,,,,A,0,G,EN_MAT_DOMCMPC,MF22,T,,0.05281
2003,,,,,,A,0,G,EN_MAT_DOMCMPC,MF22,T,,0.04465
2004,,,,,,A,0,G,EN_MAT_DOMCMPC,MF22,T,,0.0484
2005,,,,,,A,0,G,EN_MAT_DOMCMPC,MF22,T,,0.04792
2006,,,,,,A,0,G,EN_MAT_DOMCMPC,MF22,T,,0.04783
2007,,,,,,A,0,G,EN_MAT_DOMCMPC,MF22,T,,0.04195
2008,,,,,,A,0,G,EN_MAT_DOMCMPC,MF22,T,,0.03799
2009,,,,,,A,0,G,EN_MAT_DOMCMPC,MF22,T,,0.03173
2010,,,,,,A,0,G,EN_MAT_DOMCMPC,MF22,T,,0.03984
2011,,,,,,A,0,G,EN_MAT_DOMCMPC,MF22,T,,0.03865
2012,,,,,,A,0,G,EN_MAT_DOMCMPC,MF22,T,,0.02735
2013,,,,,,A,0,G,EN_MAT_DOMCMPC,MF22,T,,0.03438
2014,,,,,,A,0,G,EN_MAT_DOMCMPC,MF22,T,,0.015
2015,,,,,,A,0,G,EN_MAT_DOMCMPC,MF22,T,,0.02185
2016,,,,,,A,0,G,EN_MAT_DOMCMPC,MF22,T,,0.04147
2017,,,,,,A,0,G,EN_MAT_DOMCMPC,MF22,T,,0.05411
2018,,,,,,A,0,G,EN_MAT_DOMCMPC,MF22,T,,0.04392
2019,,,,,,A,0,G,EN_MAT_DOMCMPC,MF22,T,,0.04229
2000,,,,,,A,0,G,EN_MAT_DOMCMPC,MF3,T,,6.45455
2001,,,,,,A,0,G,EN_MAT_DOMCMPC,MF3,T,,6.60781
2002,,,,,,A,0,G,EN_MAT_DOMCMPC,MF3,T,,6.24664
2003,,,,,,A,0,G,EN_MAT_DOMCMPC,MF3,T,,6.09139
2004,,,,,,A,0,G,EN_MAT_DOMCMPC,MF3,T,,6.31847
2005,,,,,,A,0,G,EN_MAT_DOMCMPC,MF3,T,,6.07618
2006,,,,,,A,0,G,EN_MAT_DOMCMPC,MF3,T,,6.06338
2007,,,,,,A,0,G,EN_MAT_DOMCMPC,MF3,T,,6.02832
2008,,,,,,A,0,G,EN_MAT_DOMCMPC,MF3,T,,5.27147
2009,,,,,,A,0,G,EN_MAT_DOMCMPC,MF3,T,,4.20122
2010,,,,,,A,0,G,EN_MAT_DOMCMPC,MF3,T,,3.99226
2011,,,,,,A,0,G,EN_MAT_DOMCMPC,MF3,T,,4.16618
2012,,,,,,A,0,G,EN_MAT_DOMCMPC,MF3,T,,3.75503
2013,,,,,,A,0,G,EN_MAT_DOMCMPC,MF3,T,,3.73382
2014,,,,,,A,0,G,EN_MAT_DOMCMPC,MF3,T,,4.96364
2015,,,,,,A,0,G,EN_MAT_DOMCMPC,MF3,T,,5.2612
2016,,,,,,A,0,G,EN_MAT_DOMCMPC,MF3,T,,5.4875
2017,,,,,,A,0,G,EN_MAT_DOMCMPC,MF3,T,,5.40186
2018,,,,,,A,0,G,EN_MAT_DOMCMPC,MF3,T,,5.48322
2019,,,,,,A,0,G,EN_MAT_DOMCMPC,MF3,T,,5.43837
2000,,,,,,A,0,G,EN_MAT_DOMCMPC,MF4,T,,3.79383
2001,,,,,,A,0,G,EN_MAT_DOMCMPC,MF4,T,,3.89676
2002,,,,,,A,0,G,EN_MAT_DOMCMPC,MF4,T,,3.74552
2003,,,,,,A,0,G,EN_MAT_DOMCMPC,MF4,T,,3.73882
2004,,,,,,A,0,G,EN_MAT_DOMCMPC,MF4,T,,3.90187
2005,,,,,,A,0,G,EN_MAT_DOMCMPC,MF4,T,,3.82942
2006,,,,,,A,0,G,EN_MAT_DOMCMPC,MF4,T,,3.76333
2007,,,,,,A,0,G,EN_MAT_DOMCMPC,MF4,T,,3.54335
2008,,,,,,A,0,G,EN_MAT_DOMCMPC,MF4,T,,3.55838
2009,,,,,,A,0,G,EN_MAT_DOMCMPC,MF4,T,,3.22586
2010,,,,,,A,0,G,EN_MAT_DOMCMPC,MF4,T,,3.08188
2011,,,,,,A,0,G,EN_MAT_DOMCMPC,MF4,T,,2.99863
2012,,,,,,A,0,G,EN_MAT_DOMCMPC,MF4,T,,3.01878
2013,,,,,,A,0,G,EN_MAT_DOMCMPC,MF4,T,,2.91615
2014,,,,,,A,0,G,EN_MAT_DOMCMPC,MF4,T,,2.63429
2015,,,,,,A,0,G,EN_MAT_DOMCMPC,MF4,T,,2.25701
2016,,,,,,A,0,G,EN_MAT_DOMCMPC,MF4,T,,2.00034
2017,,,,,,A,0,G,EN_MAT_DOMCMPC,MF4,T,,1.95318
2018,,,,,,A,0,G,EN_MAT_DOMCMPC,MF4,T,,1.935
2019,,,,,,A,0,G,EN_MAT_DOMCMPC,MF4,T,,1.73646
2000,,,,,,A,0,G,EN_MAT_DOMCMPC,MF41,T,,1.04846
2001,,,,,,A,0,G,EN_MAT_DOMCMPC,MF41,T,,1.25426
2002,,,,,,A,0,G,EN_MAT_DOMCMPC,MF41,T,,1.07795
2003,,,,,,A,0,G,EN_MAT_DOMCMPC,MF41,T,,1.10019
2004,,,,,,A,0,G,EN_MAT_DOMCMPC,MF41,T,,1.1085
2005,,,,,,A,0,G,EN_MAT_DOMCMPC,MF41,T,,1.16075
2006,,,,,,A,0,G,EN_MAT_DOMCMPC,MF41,T,,1.23205
2007,,,,,,A,0,G,EN_MAT_DOMCMPC,MF41,T,,1.08752
2008,,,,,,A,0,G,EN_MAT_DOMCMPC,MF41,T,,1.07944
2009,,,,,,A,0,G,EN_MAT_DOMCMPC,MF41,T,,0.957
2010,,,,,,A,0,G,EN_MAT_DOMCMPC,MF41,T,,0.79182
2011,,,,,,A,0,G,EN_MAT_DOMCMPC,MF41,T,,0.87194
2012,,,,,,A,0,G,EN_MAT_DOMCMPC,MF41,T,,1.01752
2013,,,,,,A,0,G,EN_MAT_DOMCMPC,MF41,T,,1.06043
2014,,,,,,A,0,G,EN_MAT_DOMCMPC,MF41,T,,0.91375
2015,,,,,,A,0,G,EN_MAT_DOMCMPC,MF41,T,,0.53869
2016,,,,,,A,0,G,EN_MAT_DOMCMPC,MF41,T,,0.22648
2017,,,,,,A,0,G,EN_MAT_DOMCMPC,MF41,T,,0.20636
2018,,,,,,A,0,G,EN_MAT_DOMCMPC,MF41,T,,0.21601
2019,,,,,,A,0,G,EN_MAT_DOMCMPC,MF41,T,,0.14029
2000,,,,,,A,0,G,EN_MAT_DOMCMPC,MF413,T,,0.0
2001,,,,,,A,0,G,EN_MAT_DOMCMPC,MF413,T,,0.0
2002,,,,,,A,0,G,EN_MAT_DOMCMPC,MF413,T,,0.0
2003,,,,,,A,0,G,EN_MAT_DOMCMPC,MF413,T,,0.0
2004,,,,,,A,0,G,EN_MAT_DOMCMPC,MF413,T,,0.0
2005,,,,,,A,0,G,EN_MAT_DOMCMPC,MF413,T,,0.0
2006,,,,,,A,0,G,EN_MAT_DOMCMPC,MF413,T,,0.0
2007,,,,,,A,0,G,EN_MAT_DOMCMPC,MF413,T,,0.0
2008,,,,,,A,0,G,EN_MAT_DOMCMPC,MF413,T,,0.0
2009,,,,,,A,0,G,EN_MAT_DOMCMPC,MF413,T,,0.0
2010,,,,,,A,0,G,EN_MAT_DOMCMPC,MF413,T,,0.0
2011,,,,,,A,0,G,EN_MAT_DOMCMPC,MF413,T,,0.0
2012,,,,,,A,0,G,EN_MAT_DOMCMPC,MF413,T,,0.0
2013,,,,,,A,0,G,EN_MAT_DOMCMPC,MF413,T,,0.0
2014,,,,,,A,0,G,EN_MAT_DOMCMPC,MF413,T,,0.0
2015,,,,,,A,0,G,EN_MAT_DOMCMPC,MF413,T,,0.0
2016,,,,,,A,0,G,EN_MAT_DOMCMPC,MF413,T,,0.0
2017,,,,,,A,0,G,EN_MAT_DOMCMPC,MF413,T,,0.0
2018,,,,,,A,0,G,EN_MAT_DOMCMPC,MF413,T,,0.0
2019,,,,,,A,0,G,EN_MAT_DOMCMPC,MF413,T,,0.0
2000,,,,,,A,0,G,EN_MAT_DOMCMPC,MF421,T,,1.48861
2001,,,,,,A,0,G,EN_MAT_DOMCMPC,MF421,T,,1.4091
2002,,,,,,A,0,G,EN_MAT_DOMCMPC,MF421,T,,1.4457
2003,,,,,,A,0,G,EN_MAT_DOMCMPC,MF421,T,,1.43301
2004,,,,,,A,0,G,EN_MAT_DOMCMPC,MF421,T,,1.55977
2005,,,,,,A,0,G,EN_MAT_DOMCMPC,MF421,T,,1.48464
2006,,,,,,A,0,G,EN_MAT_DOMCMPC,MF421,T,,1.41112
2007,,,,,,A,0,G,EN_MAT_DOMCMPC,MF421,T,,1.34946
2008,,,,,,A,0,G,EN_MAT_DOMCMPC,MF421,T,,1.34316
2009,,,,,,A,0,G,EN_MAT_DOMCMPC,MF421,T,,1.22931
2010,,,,,,A,0,G,EN_MAT_DOMCMPC,MF421,T,,1.19499
2011,,,,,,A,0,G,EN_MAT_DOMCMPC,MF421,T,,1.19184
2012,,,,,,A,0,G,EN_MAT_DOMCMPC,MF421,T,,1.14822
2013,,,,,,A,0,G,EN_MAT_DOMCMPC,MF421,T,,1.01767
2014,,,,,,A,0,G,EN_MAT_DOMCMPC,MF421,T,,0.95836
2015,,,,,,A,0,G,EN_MAT_DOMCMPC,MF421,T,,0.94418
2016,,,,,,A,0,G,EN_MAT_DOMCMPC,MF421,T,,0.92579
2017,,,,,,A,0,G,EN_MAT_DOMCMPC,MF421,T,,0.92145
2018,,,,,,A,0,G,EN_MAT_DOMCMPC,MF421,T,,0.87405
2019,,,,,,A,0,G,EN_MAT_DOMCMPC,MF421,T,,0.80716
2000,,,,,,A,0,G,EN_MAT_DOMCMPC,MF422,T,,1.25675
2001,,,,,,A,0,G,EN_MAT_DOMCMPC,MF422,T,,1.23341
2002,,,,,,A,0,G,EN_MAT_DOMCMPC,MF422,T,,1.22186
2003,,,,,,A,0,G,EN_MAT_DOMCMPC,MF422,T,,1.20562
2004,,,,,,A,0,G,EN_MAT_DOMCMPC,MF422,T,,1.23359
2005,,,,,,A,0,G,EN_MAT_DOMCMPC,MF422,T,,1.18404
2006,,,,,,A,0,G,EN_MAT_DOMCMPC,MF422,T,,1.12017
2007,,,,,,A,0,G,EN_MAT_DOMCMPC,MF422,T,,1.10637
2008,,,,,,A,0,G,EN_MAT_DOMCMPC,MF422,T,,1.13577
2009,,,,,,A,0,G,EN_MAT_DOMCMPC,MF422,T,,1.03955
2010,,,,,,A,0,G,EN_MAT_DOMCMPC,MF422,T,,1.09507
2011,,,,,,A,0,G,EN_MAT_DOMCMPC,MF422,T,,0.93485
2012,,,,,,A,0,G,EN_MAT_DOMCMPC,MF422,T,,0.85304
2013,,,,,,A,0,G,EN_MAT_DOMCMPC,MF422,T,,0.83806
2014,,,,,,A,0,G,EN_MAT_DOMCMPC,MF422,T,,0.76219
2015,,,,,,A,0,G,EN_MAT_DOMCMPC,MF422,T,,0.77414
2016,,,,,,A,0,G,EN_MAT_DOMCMPC,MF422,T,,0.84807
2017,,,,,,A,0,G,EN_MAT_DOMCMPC,MF422,T,,0.82536
2018,,,,,,A,0,G,EN_MAT_DOMCMPC,MF422,T,,0.84494
2019,,,,,,A,0,G,EN_MAT_DOMCMPC,MF422,T,,0.78902
2000,,,,,,A,0,G,EN_MAT_DOMCMPG,,KG_PER_CON_USD,2015,0.34854
2001,,,,,,A,0,G,EN_MAT_DOMCMPG,,KG_PER_CON_USD,2015,0.34478
2002,,,,,,A,0,G,EN_MAT_DOMCMPG,,KG_PER_CON_USD,2015,0.32778
2003,,,,,,A,0,G,EN_MAT_DOMCMPG,,KG_PER_CON_USD,2015,0.31371
2004,,,,,,A,0,G,EN_MAT_DOMCMPG,,KG_PER_CON_USD,2015,0.31785
2005,,,,,,A,0,G,EN_MAT_DOMCMPG,,KG_PER_CON_USD,2015,0.30438
2006,,,,,,A,0,G,EN_MAT_DOMCMPG,,KG_PER_CON_USD,2015,0.29567
2007,,,,,,A,0,G,EN_MAT_DOMCMPG,,KG_PER_CON_USD,2015,0.28399
2008,,,,,,A,0,G,EN_MAT_DOMCMPG,,KG_PER_CON_USD,2015,0.2711
2009,,,,,,A,0,G,EN_MAT_DOMCMPG,,KG_PER_CON_USD,2015,0.24602
2010,,,,,,A,0,G,EN_MAT_DOMCMPG,,KG_PER_CON_USD,2015,0.23497
2011,,,,,,A,0,G,EN_MAT_DOMCMPG,,KG_PER_CON_USD,2015,0.23623
2012,,,,,,A,0,G,EN_MAT_DOMCMPG,,KG_PER_CON_USD,2015,0.22348
2013,,,,,,A,0,G,EN_MAT_DOMCMPG,,KG_PER_CON_USD,2015,0.22238
2014,,,,,,A,0,G,EN_MAT_DOMCMPG,,KG_PER_CON_USD,2015,0.24199
2015,,,,,,A,0,G,EN_MAT_DOMCMPG,,KG_PER_CON_USD,2015,0.23478
2016,,,,,,A,0,G,EN_MAT_DOMCMPG,,KG_PER_CON_USD,2015,0.22852
2017,,,,,,A,0,G,EN_MAT_DOMCMPG,,KG_PER_CON_USD,2015,0.22562
2018,,,,,,A,0,G,EN_MAT_DOMCMPG,,KG_PER_CON_USD,2015,0.2225
2019,,,,,,A,0,G,EN_MAT_DOMCMPG,,KG_PER_CON_USD,2015,0.2142
2000,,,,,,A,0,G,EN_MAT_DOMCMPG,MF_AGG3A,KG_PER_CON_USD,2015,0.16033
2001,,,,,,A,0,G,EN_MAT_DOMCMPG,MF_AGG3A,KG_PER_CON_USD,2015,0.16057
2002,,,,,,A,0,G,EN_MAT_DOMCMPG,MF_AGG3A,KG_PER_CON_USD,2015,0.14855
2003,,,,,,A,0,G,EN_MAT_DOMCMPG,MF_AGG3A,KG_PER_CON_USD,2015,0.14072
2004,,,,,,A,0,G,EN_MAT_DOMCMPG,MF_AGG3A,KG_PER_CON_USD,2015,0.14392
2005,,,,,,A,0,G,EN_MAT_DOMCMPG,MF_AGG3A,KG_PER_CON_USD,2015,0.13494
2006,,,,,,A,0,G,EN_MAT_DOMCMPG,MF_AGG3A,KG_PER_CON_USD,2015,0.13216
2007,,,,,,A,0,G,EN_MAT_DOMCMPG,MF_AGG3A,KG_PER_CON_USD,2015,0.1301
2008,,,,,,A,0,G,EN_MAT_DOMCMPG,MF_AGG3A,KG_PER_CON_USD,2015,0.11495
2009,,,,,,A,0,G,EN_MAT_DOMCMPG,MF_AGG3A,KG_PER_CON_USD,2015,0.09576
2010,,,,,,A,0,G,EN_MAT_DOMCMPG,MF_AGG3A,KG_PER_CON_USD,2015,0.08885
2011,,,,,,A,0,G,EN_MAT_DOMCMPG,MF_AGG3A,KG_PER_CON_USD,2015,0.09115
2012,,,,,,A,0,G,EN_MAT_DOMCMPG,MF_AGG3A,KG_PER_CON_USD,2015,0.08136
2013,,,,,,A,0,G,EN_MAT_DOMCMPG,MF_AGG3A,KG_PER_CON_USD,2015,0.07933
2014,,,,,,A,0,G,EN_MAT_DOMCMPG,MF_AGG3A,KG_PER_CON_USD,2015,0.1065
2015,,,,,,A,0,G,EN_MAT_DOMCMPG,MF_AGG3A,KG_PER_CON_USD,2015,0.11285
2016,,,,,,A,0,G,EN_MAT_DOMCMPG,MF_AGG3A,KG_PER_CON_USD,2015,0.11684
2017,,,,,,A,0,G,EN_MAT_DOMCMPG,MF_AGG3A,KG_PER_CON_USD,2015,0.11491
2018,,,,,,A,0,G,EN_MAT_DOMCMPG,MF_AGG3A,KG_PER_CON_USD,2015,0.11551
2019,,,,,,A,0,G,EN_MAT_DOMCMPG,MF_AGG3A,KG_PER_CON_USD,2015,0.11394
2000,,,,,,A,0,G,EN_MAT_DOMCMPG,MF_AGG3B,KG_PER_CON_USD,2015,0.00762
2001,,,,,,A,0,G,EN_MAT_DOMCMPG,MF_AGG3B,KG_PER_CON_USD,2015,0.00737
2002,,,,,,A,0,G,EN_MAT_DOMCMPG,MF_AGG3B,KG_PER_CON_USD,2015,0.00737
2003,,,,,,A,0,G,EN_MAT_DOMCMPG,MF_AGG3B,KG_PER_CON_USD,2015,0.00701
2004,,,,,,A,0,G,EN_MAT_DOMCMPG,MF_AGG3B,KG_PER_CON_USD,2015,0.00668
2005,,,,,,A,0,G,EN_MAT_DOMCMPG,MF_AGG3B,KG_PER_CON_USD,2015,0.0067
2006,,,,,,A,0,G,EN_MAT_DOMCMPG,MF_AGG3B,KG_PER_CON_USD,2015,0.00669
2007,,,,,,A,0,G,EN_MAT_DOMCMPG,MF_AGG3B,KG_PER_CON_USD,2015,0.00617
2008,,,,,,A,0,G,EN_MAT_DOMCMPG,MF_AGG3B,KG_PER_CON_USD,2015,0.00588
2009,,,,,,A,0,G,EN_MAT_DOMCMPG,MF_AGG3B,KG_PER_CON_USD,2015,0.00578
2010,,,,,,A,0,G,EN_MAT_DOMCMPG,MF_AGG3B,KG_PER_CON_USD,2015,0.00662
2011,,,,,,A,0,G,EN_MAT_DOMCMPG,MF_AGG3B,KG_PER_CON_USD,2015,0.0081
2012,,,,,,A,0,G,EN_MAT_DOMCMPG,MF_AGG3B,KG_PER_CON_USD,2015,0.00754
2013,,,,,,A,0,G,EN_MAT_DOMCMPG,MF_AGG3B,KG_PER_CON_USD,2015,0.00778
2014,,,,,,A,0,G,EN_MAT_DOMCMPG,MF_AGG3B,KG_PER_CON_USD,2015,0.00684
2015,,,,,,A,0,G,EN_MAT_DOMCMPG,MF_AGG3B,KG_PER_CON_USD,2015,0.00529
2016,,,,,,A,0,G,EN_MAT_DOMCMPG,MF_AGG3B,KG_PER_CON_USD,2015,0.00511
2017,,,,,,A,0,G,EN_MAT_DOMCMPG,MF_AGG3B,KG_PER_CON_USD,2015,0.00385
2018,,,,,,A,0,G,EN_MAT_DOMCMPG,MF_AGG3B,KG_PER_CON_USD,2015,0.00428
2019,,,,,,A,0,G,EN_MAT_DOMCMPG,MF_AGG3B,KG_PER_CON_USD,2015,0.00407
2000,,,,,,A,0,G,EN_MAT_DOMCMPG,MF1,KG_PER_CON_USD,2015,0.08056
2001,,,,,,A,0,G,EN_MAT_DOMCMPG,MF1,KG_PER_CON_USD,2015,0.07412
2002,,,,,,A,0,G,EN_MAT_DOMCMPG,MF1,KG_PER_CON_USD,2015,0.0744
2003,,,,,,A,0,G,EN_MAT_DOMCMPG,MF1,KG_PER_CON_USD,2015,0.07005
2004,,,,,,A,0,G,EN_MAT_DOMCMPG,MF1,KG_PER_CON_USD,2015,0.06956
2005,,,,,,A,0,G,EN_MAT_DOMCMPG,MF1,KG_PER_CON_USD,2015,0.06782
2006,,,,,,A,0,G,EN_MAT_DOMCMPG,MF1,KG_PER_CON_USD,2015,0.06439
2007,,,,,,A,0,G,EN_MAT_DOMCMPG,MF1,KG_PER_CON_USD,2015,0.06117
2008,,,,,,A,0,G,EN_MAT_DOMCMPG,MF1,KG_PER_CON_USD,2015,0.0636
2009,,,,,,A,0,G,EN_MAT_DOMCMPG,MF1,KG_PER_CON_USD,2015,0.06386
2010,,,,,,A,0,G,EN_MAT_DOMCMPG,MF1,KG_PER_CON_USD,2015,0.06157
2011,,,,,,A,0,G,EN_MAT_DOMCMPG,MF1,KG_PER_CON_USD,2015,0.06192
2012,,,,,,A,0,G,EN_MAT_DOMCMPG,MF1,KG_PER_CON_USD,2015,0.0599
2013,,,,,,A,0,G,EN_MAT_DOMCMPG,MF1,KG_PER_CON_USD,2015,0.06263
2014,,,,,,A,0,G,EN_MAT_DOMCMPG,MF1,KG_PER_CON_USD,2015,0.06448
2015,,,,,,A,0,G,EN_MAT_DOMCMPG,MF1,KG_PER_CON_USD,2015,0.06295
2016,,,,,,A,0,G,EN_MAT_DOMCMPG,MF1,KG_PER_CON_USD,2015,0.05976
2017,,,,,,A,0,G,EN_MAT_DOMCMPG,MF1,KG_PER_CON_USD,2015,0.06291
2018,,,,,,A,0,G,EN_MAT_DOMCMPG,MF1,KG_PER_CON_USD,2015,0.0604
2019,,,,,,A,0,G,EN_MAT_DOMCMPG,MF1,KG_PER_CON_USD,2015,0.05977
2000,,,,,,A,0,G,EN_MAT_DOMCMPG,MF11,KG_PER_CON_USD,2015,0.0245
2001,,,,,,A,0,G,EN_MAT_DOMCMPG,MF11,KG_PER_CON_USD,2015,0.02362
2002,,,,,,A,0,G,EN_MAT_DOMCMPG,MF11,KG_PER_CON_USD,2015,0.02479
2003,,,,,,A,0,G,EN_MAT_DOMCMPG,MF11,KG_PER_CON_USD,2015,0.02214
2004,,,,,,A,0,G,EN_MAT_DOMCMPG,MF11,KG_PER_CON_USD,2015,0.02281
2005,,,,,,A,0,G,EN_MAT_DOMCMPG,MF11,KG_PER_CON_USD,2015,0.02192
2006,,,,,,A,0,G,EN_MAT_DOMCMPG,MF11,KG_PER_CON_USD,2015,0.02085
2007,,,,,,A,0,G,EN_MAT_DOMCMPG,MF11,KG_PER_CON_USD,2015,0.01987
2008,,,,,,A,0,G,EN_MAT_DOMCMPG,MF11,KG_PER_CON_USD,2015,0.02211
2009,,,,,,A,0,G,EN_MAT_DOMCMPG,MF11,KG_PER_CON_USD,2015,0.02219
2010,,,,,,A,0,G,EN_MAT_DOMCMPG,MF11,KG_PER_CON_USD,2015,0.0202
2011,,,,,,A,0,G,EN_MAT_DOMCMPG,MF11,KG_PER_CON_USD,2015,0.0214
2012,,,,,,A,0,G,EN_MAT_DOMCMPG,MF11,KG_PER_CON_USD,2015,0.01986
2013,,,,,,A,0,G,EN_MAT_DOMCMPG,MF11,KG_PER_CON_USD,2015,0.02192
2014,,,,,,A,0,G,EN_MAT_DOMCMPG,MF11,KG_PER_CON_USD,2015,0.02238
2015,,,,,,A,0,G,EN_MAT_DOMCMPG,MF11,KG_PER_CON_USD,2015,0.02027
2016,,,,,,A,0,G,EN_MAT_DOMCMPG,MF11,KG_PER_CON_USD,2015,0.01813
2017,,,,,,A,0,G,EN_MAT_DOMCMPG,MF11,KG_PER_CON_USD,2015,0.02121
2018,,,,,,A,0,G,EN_MAT_DOMCMPG,MF11,KG_PER_CON_USD,2015,0.01929
2019,,,,,,A,0,G,EN_MAT_DOMCMPG,MF11,KG_PER_CON_USD,2015,0.01869
2000,,,,,,A,0,G,EN_MAT_DOMCMPG,MF121,KG_PER_CON_USD,2015,0.00831
2001,,,,,,A,0,G,EN_MAT_DOMCMPG,MF121,KG_PER_CON_USD,2015,0.00666
2002,,,,,,A,0,G,EN_MAT_DOMCMPG,MF121,KG_PER_CON_USD,2015,0.00784
2003,,,,,,A,0,G,EN_MAT_DOMCMPG,MF121,KG_PER_CON_USD,2015,0.00735
2004,,,,,,A,0,G,EN_MAT_DOMCMPG,MF121,KG_PER_CON_USD,2015,0.00728
2005,,,,,,A,0,G,EN_MAT_DOMCMPG,MF121,KG_PER_CON_USD,2015,0.00695
2006,,,,,,A,0,G,EN_MAT_DOMCMPG,MF121,KG_PER_CON_USD,2015,0.00667
2007,,,,,,A,0,G,EN_MAT_DOMCMPG,MF121,KG_PER_CON_USD,2015,0.00613
2008,,,,,,A,0,G,EN_MAT_DOMCMPG,MF121,KG_PER_CON_USD,2015,0.00741
2009,,,,,,A,0,G,EN_MAT_DOMCMPG,MF121,KG_PER_CON_USD,2015,0.00701
2010,,,,,,A,0,G,EN_MAT_DOMCMPG,MF121,KG_PER_CON_USD,2015,0.00683
2011,,,,,,A,0,G,EN_MAT_DOMCMPG,MF121,KG_PER_CON_USD,2015,0.00711
2012,,,,,,A,0,G,EN_MAT_DOMCMPG,MF121,KG_PER_CON_USD,2015,0.00635
2013,,,,,,A,0,G,EN_MAT_DOMCMPG,MF121,KG_PER_CON_USD,2015,0.00618
2014,,,,,,A,0,G,EN_MAT_DOMCMPG,MF121,KG_PER_CON_USD,2015,0.00724
2015,,,,,,A,0,G,EN_MAT_DOMCMPG,MF121,KG_PER_CON_USD,2015,0.00718
2016,,,,,,A,0,G,EN_MAT_DOMCMPG,MF121,KG_PER_CON_USD,2015,0.00607
2017,,,,,,A,0,G,EN_MAT_DOMCMPG,MF121,KG_PER_CON_USD,2015,0.00637
2018,,,,,,A,0,G,EN_MAT_DOMCMPG,MF121,KG_PER_CON_USD,2015,0.00578
2019,,,,,,A,0,G,EN_MAT_DOMCMPG,MF121,KG_PER_CON_USD,2015,0.00574
2000,,,,,,A,0,G,EN_MAT_DOMCMPG,MF122,KG_PER_CON_USD,2015,0.04079
2001,,,,,,A,0,G,EN_MAT_DOMCMPG,MF122,KG_PER_CON_USD,2015,0.03694
2002,,,,,,A,0,G,EN_MAT_DOMCMPG,MF122,KG_PER_CON_USD,2015,0.03531
2003,,,,,,A,0,G,EN_MAT_DOMCMPG,MF122,KG_PER_CON_USD,2015,0.03462
2004,,,,,,A,0,G,EN_MAT_DOMCMPG,MF122,KG_PER_CON_USD,2015,0.03396
2005,,,,,,A,0,G,EN_MAT_DOMCMPG,MF122,KG_PER_CON_USD,2015,0.03338
2006,,,,,,A,0,G,EN_MAT_DOMCMPG,MF122,KG_PER_CON_USD,2015,0.03199
2007,,,,,,A,0,G,EN_MAT_DOMCMPG,MF122,KG_PER_CON_USD,2015,0.03048
2008,,,,,,A,0,G,EN_MAT_DOMCMPG,MF122,KG_PER_CON_USD,2015,0.02996
2009,,,,,,A,0,G,EN_MAT_DOMCMPG,MF122,KG_PER_CON_USD,2015,0.03067
2010,,,,,,A,0,G,EN_MAT_DOMCMPG,MF122,KG_PER_CON_USD,2015,0.03016
2011,,,,,,A,0,G,EN_MAT_DOMCMPG,MF122,KG_PER_CON_USD,2015,0.02951
2012,,,,,,A,0,G,EN_MAT_DOMCMPG,MF122,KG_PER_CON_USD,2015,0.02916
2013,,,,,,A,0,G,EN_MAT_DOMCMPG,MF122,KG_PER_CON_USD,2015,0.02855
2014,,,,,,A,0,G,EN_MAT_DOMCMPG,MF122,KG_PER_CON_USD,2015,0.02794
2015,,,,,,A,0,G,EN_MAT_DOMCMPG,MF122,KG_PER_CON_USD,2015,0.02738
2016,,,,,,A,0,G,EN_MAT_DOMCMPG,MF122,KG_PER_CON_USD,2015,0.02728
2017,,,,,,A,0,G,EN_MAT_DOMCMPG,MF122,KG_PER_CON_USD,2015,0.02694
2018,,,,,,A,0,G,EN_MAT_DOMCMPG,MF122,KG_PER_CON_USD,2015,0.02619
2019,,,,,,A,0,G,EN_MAT_DOMCMPG,MF122,KG_PER_CON_USD,2015,0.02576
2000,,,,,,A,0,G,EN_MAT_DOMCMPG,MF13,KG_PER_CON_USD,2015,0.00661
2001,,,,,,A,0,G,EN_MAT_DOMCMPG,MF13,KG_PER_CON_USD,2015,0.00653
2002,,,,,,A,0,G,EN_MAT_DOMCMPG,MF13,KG_PER_CON_USD,2015,0.00612
2003,,,,,,A,0,G,EN_MAT_DOMCMPG,MF13,KG_PER_CON_USD,2015,0.00568
2004,,,,,,A,0,G,EN_MAT_DOMCMPG,MF13,KG_PER_CON_USD,2015,0.00526
2005,,,,,,A,0,G,EN_MAT_DOMCMPG,MF13,KG_PER_CON_USD,2015,0.00532
2006,,,,,,A,0,G,EN_MAT_DOMCMPG,MF13,KG_PER_CON_USD,2015,0.0046
2007,,,,,,A,0,G,EN_MAT_DOMCMPG,MF13,KG_PER_CON_USD,2015,0.00446
2008,,,,,,A,0,G,EN_MAT_DOMCMPG,MF13,KG_PER_CON_USD,2015,0.00389
2009,,,,,,A,0,G,EN_MAT_DOMCMPG,MF13,KG_PER_CON_USD,2015,0.00379
2010,,,,,,A,0,G,EN_MAT_DOMCMPG,MF13,KG_PER_CON_USD,2015,0.00424
2011,,,,,,A,0,G,EN_MAT_DOMCMPG,MF13,KG_PER_CON_USD,2015,0.00375
2012,,,,,,A,0,G,EN_MAT_DOMCMPG,MF13,KG_PER_CON_USD,2015,0.00437
2013,,,,,,A,0,G,EN_MAT_DOMCMPG,MF13,KG_PER_CON_USD,2015,0.00584
2014,,,,,,A,0,G,EN_MAT_DOMCMPG,MF13,KG_PER_CON_USD,2015,0.00687
2015,,,,,,A,0,G,EN_MAT_DOMCMPG,MF13,KG_PER_CON_USD,2015,0.00805
2016,,,,,,A,0,G,EN_MAT_DOMCMPG,MF13,KG_PER_CON_USD,2015,0.00817
2017,,,,,,A,0,G,EN_MAT_DOMCMPG,MF13,KG_PER_CON_USD,2015,0.0083
2018,,,,,,A,0,G,EN_MAT_DOMCMPG,MF13,KG_PER_CON_USD,2015,0.00903
2019,,,,,,A,0,G,EN_MAT_DOMCMPG,MF13,KG_PER_CON_USD,2015,0.00948
2000,,,,,,A,0,G,EN_MAT_DOMCMPG,MF14,KG_PER_CON_USD,2015,0.00035
2001,,,,,,A,0,G,EN_MAT_DOMCMPG,MF14,KG_PER_CON_USD,2015,0.00036
2002,,,,,,A,0,G,EN_MAT_DOMCMPG,MF14,KG_PER_CON_USD,2015,0.00034
2003,,,,,,A,0,G,EN_MAT_DOMCMPG,MF14,KG_PER_CON_USD,2015,0.00027
2004,,,,,,A,0,G,EN_MAT_DOMCMPG,MF14,KG_PER_CON_USD,2015,0.00025
2005,,,,,,A,0,G,EN_MAT_DOMCMPG,MF14,KG_PER_CON_USD,2015,0.00025
2006,,,,,,A,0,G,EN_MAT_DOMCMPG,MF14,KG_PER_CON_USD,2015,0.00029
2007,,,,,,A,0,G,EN_MAT_DOMCMPG,MF14,KG_PER_CON_USD,2015,0.00023
2008,,,,,,A,0,G,EN_MAT_DOMCMPG,MF14,KG_PER_CON_USD,2015,0.00023
2009,,,,,,A,0,G,EN_MAT_DOMCMPG,MF14,KG_PER_CON_USD,2015,0.0002
2010,,,,,,A,0,G,EN_MAT_DOMCMPG,MF14,KG_PER_CON_USD,2015,0.00014
2011,,,,,,A,0,G,EN_MAT_DOMCMPG,MF14,KG_PER_CON_USD,2015,0.00016
2012,,,,,,A,0,G,EN_MAT_DOMCMPG,MF14,KG_PER_CON_USD,2015,0.00015
2013,,,,,,A,0,G,EN_MAT_DOMCMPG,MF14,KG_PER_CON_USD,2015,0.00014
2014,,,,,,A,0,G,EN_MAT_DOMCMPG,MF14,KG_PER_CON_USD,2015,6e-05
2015,,,,,,A,0,G,EN_MAT_DOMCMPG,MF14,KG_PER_CON_USD,2015,6e-05
2016,,,,,,A,0,G,EN_MAT_DOMCMPG,MF14,KG_PER_CON_USD,2015,0.00011
2017,,,,,,A,0,G,EN_MAT_DOMCMPG,MF14,KG_PER_CON_USD,2015,8e-05
2018,,,,,,A,0,G,EN_MAT_DOMCMPG,MF14,KG_PER_CON_USD,2015,0.0001
2019,,,,,,A,0,G,EN_MAT_DOMCMPG,MF14,KG_PER_CON_USD,2015,0.0001
2000,,,,,,A,0,G,EN_MAT_DOMCMPG,MF2,KG_PER_CON_USD,2015,0.00837
2001,,,,,,A,0,G,EN_MAT_DOMCMPG,MF2,KG_PER_CON_USD,2015,0.00841
2002,,,,,,A,0,G,EN_MAT_DOMCMPG,MF2,KG_PER_CON_USD,2015,0.0083
2003,,,,,,A,0,G,EN_MAT_DOMCMPG,MF2,KG_PER_CON_USD,2015,0.00849
2004,,,,,,A,0,G,EN_MAT_DOMCMPG,MF2,KG_PER_CON_USD,2015,0.00819
2005,,,,,,A,0,G,EN_MAT_DOMCMPG,MF2,KG_PER_CON_USD,2015,0.00792
2006,,,,,,A,0,G,EN_MAT_DOMCMPG,MF2,KG_PER_CON_USD,2015,0.00813
2007,,,,,,A,0,G,EN_MAT_DOMCMPG,MF2,KG_PER_CON_USD,2015,0.008
2008,,,,,,A,0,G,EN_MAT_DOMCMPG,MF2,KG_PER_CON_USD,2015,0.00668
2009,,,,,,A,0,G,EN_MAT_DOMCMPG,MF2,KG_PER_CON_USD,2015,0.00375
2010,,,,,,A,0,G,EN_MAT_DOMCMPG,MF2,KG_PER_CON_USD,2015,0.0054
2011,,,,,,A,0,G,EN_MAT_DOMCMPG,MF2,KG_PER_CON_USD,2015,0.00523
2012,,,,,,A,0,G,EN_MAT_DOMCMPG,MF2,KG_PER_CON_USD,2015,0.00484
2013,,,,,,A,0,G,EN_MAT_DOMCMPG,MF2,KG_PER_CON_USD,2015,0.00556
2014,,,,,,A,0,G,EN_MAT_DOMCMPG,MF2,KG_PER_CON_USD,2015,0.00535
2015,,,,,,A,0,G,EN_MAT_DOMCMPG,MF2,KG_PER_CON_USD,2015,0.0049
2016,,,,,,A,0,G,EN_MAT_DOMCMPG,MF2,KG_PER_CON_USD,2015,0.00544
2017,,,,,,A,0,G,EN_MAT_DOMCMPG,MF2,KG_PER_CON_USD,2015,0.00494
2018,,,,,,A,0,G,EN_MAT_DOMCMPG,MF2,KG_PER_CON_USD,2015,0.0048
2019,,,,,,A,0,G,EN_MAT_DOMCMPG,MF2,KG_PER_CON_USD,2015,0.00421
2000,,,,,,A,0,G,EN_MAT_DOMCMPG,MF21,KG_PER_CON_USD,2015,0.0076
2001,,,,,,A,0,G,EN_MAT_DOMCMPG,MF21,KG_PER_CON_USD,2015,0.00747
2002,,,,,,A,0,G,EN_MAT_DOMCMPG,MF21,KG_PER_CON_USD,2015,0.00699
2003,,,,,,A,0,G,EN_MAT_DOMCMPG,MF21,KG_PER_CON_USD,2015,0.00741
2004,,,,,,A,0,G,EN_MAT_DOMCMPG,MF21,KG_PER_CON_USD,2015,0.00704
2005,,,,,,A,0,G,EN_MAT_DOMCMPG,MF21,KG_PER_CON_USD,2015,0.0068
2006,,,,,,A,0,G,EN_MAT_DOMCMPG,MF21,KG_PER_CON_USD,2015,0.00704
2007,,,,,,A,0,G,EN_MAT_DOMCMPG,MF21,KG_PER_CON_USD,2015,0.00705
2008,,,,,,A,0,G,EN_MAT_DOMCMPG,MF21,KG_PER_CON_USD,2015,0.00581
2009,,,,,,A,0,G,EN_MAT_DOMCMPG,MF21,KG_PER_CON_USD,2015,0.00299
2010,,,,,,A,0,G,EN_MAT_DOMCMPG,MF21,KG_PER_CON_USD,2015,0.00445
2011,,,,,,A,0,G,EN_MAT_DOMCMPG,MF21,KG_PER_CON_USD,2015,0.00431
2012,,,,,,A,0,G,EN_MAT_DOMCMPG,MF21,KG_PER_CON_USD,2015,0.0042
2013,,,,,,A,0,G,EN_MAT_DOMCMPG,MF21,KG_PER_CON_USD,2015,0.00476
2014,,,,,,A,0,G,EN_MAT_DOMCMPG,MF21,KG_PER_CON_USD,2015,0.00501
2015,,,,,,A,0,G,EN_MAT_DOMCMPG,MF21,KG_PER_CON_USD,2015,0.00441
2016,,,,,,A,0,G,EN_MAT_DOMCMPG,MF21,KG_PER_CON_USD,2015,0.00452
2017,,,,,,A,0,G,EN_MAT_DOMCMPG,MF21,KG_PER_CON_USD,2015,0.00375
2018,,,,,,A,0,G,EN_MAT_DOMCMPG,MF21,KG_PER_CON_USD,2015,0.00384
2019,,,,,,A,0,G,EN_MAT_DOMCMPG,MF21,KG_PER_CON_USD,2015,0.0033
2000,,,,,,A,0,G,EN_MAT_DOMCMPG,MF22,KG_PER_CON_USD,2015,0.00076
2001,,,,,,A,0,G,EN_MAT_DOMCMPG,MF22,KG_PER_CON_USD,2015,0.00094
2002,,,,,,A,0,G,EN_MAT_DOMCMPG,MF22,KG_PER_CON_USD,2015,0.00132
2003,,,,,,A,0,G,EN_MAT_DOMCMPG,MF22,KG_PER_CON_USD,2015,0.00108
2004,,,,,,A,0,G,EN_MAT_DOMCMPG,MF22,KG_PER_CON_USD,2015,0.00115
2005,,,,,,A,0,G,EN_MAT_DOMCMPG,MF22,KG_PER_CON_USD,2015,0.00112
2006,,,,,,A,0,G,EN_MAT_DOMCMPG,MF22,KG_PER_CON_USD,2015,0.0011
2007,,,,,,A,0,G,EN_MAT_DOMCMPG,MF22,KG_PER_CON_USD,2015,0.00095
2008,,,,,,A,0,G,EN_MAT_DOMCMPG,MF22,KG_PER_CON_USD,2015,0.00087
2009,,,,,,A,0,G,EN_MAT_DOMCMPG,MF22,KG_PER_CON_USD,2015,0.00077
2010,,,,,,A,0,G,EN_MAT_DOMCMPG,MF22,KG_PER_CON_USD,2015,0.00095
2011,,,,,,A,0,G,EN_MAT_DOMCMPG,MF22,KG_PER_CON_USD,2015,0.00092
2012,,,,,,A,0,G,EN_MAT_DOMCMPG,MF22,KG_PER_CON_USD,2015,0.00065
2013,,,,,,A,0,G,EN_MAT_DOMCMPG,MF22,KG_PER_CON_USD,2015,0.0008
2014,,,,,,A,0,G,EN_MAT_DOMCMPG,MF22,KG_PER_CON_USD,2015,0.00034
2015,,,,,,A,0,G,EN_MAT_DOMCMPG,MF22,KG_PER_CON_USD,2015,0.00049
2016,,,,,,A,0,G,EN_MAT_DOMCMPG,MF22,KG_PER_CON_USD,2015,0.00092
2017,,,,,,A,0,G,EN_MAT_DOMCMPG,MF22,KG_PER_CON_USD,2015,0.00119
2018,,,,,,A,0,G,EN_MAT_DOMCMPG,MF22,KG_PER_CON_USD,2015,0.00096
2019,,,,,,A,0,G,EN_MAT_DOMCMPG,MF22,KG_PER_CON_USD,2015,0.00092
2000,,,,,,A,0,G,EN_MAT_DOMCMPG,MF3,KG_PER_CON_USD,2015,0.16796
2001,,,,,,A,0,G,EN_MAT_DOMCMPG,MF3,KG_PER_CON_USD,2015,0.16794
2002,,,,,,A,0,G,EN_MAT_DOMCMPG,MF3,KG_PER_CON_USD,2015,0.15591
2003,,,,,,A,0,G,EN_MAT_DOMCMPG,MF3,KG_PER_CON_USD,2015,0.14773
2004,,,,,,A,0,G,EN_MAT_DOMCMPG,MF3,KG_PER_CON_USD,2015,0.1506
2005,,,,,,A,0,G,EN_MAT_DOMCMPG,MF3,KG_PER_CON_USD,2015,0.14164
2006,,,,,,A,0,G,EN_MAT_DOMCMPG,MF3,KG_PER_CON_USD,2015,0.13885
2007,,,,,,A,0,G,EN_MAT_DOMCMPG,MF3,KG_PER_CON_USD,2015,0.13627
2008,,,,,,A,0,G,EN_MAT_DOMCMPG,MF3,KG_PER_CON_USD,2015,0.12084
2009,,,,,,A,0,G,EN_MAT_DOMCMPG,MF3,KG_PER_CON_USD,2015,0.10154
2010,,,,,,A,0,G,EN_MAT_DOMCMPG,MF3,KG_PER_CON_USD,2015,0.09548
2011,,,,,,A,0,G,EN_MAT_DOMCMPG,MF3,KG_PER_CON_USD,2015,0.09925
2012,,,,,,A,0,G,EN_MAT_DOMCMPG,MF3,KG_PER_CON_USD,2015,0.08889
2013,,,,,,A,0,G,EN_MAT_DOMCMPG,MF3,KG_PER_CON_USD,2015,0.08711
2014,,,,,,A,0,G,EN_MAT_DOMCMPG,MF3,KG_PER_CON_USD,2015,0.11334
2015,,,,,,A,0,G,EN_MAT_DOMCMPG,MF3,KG_PER_CON_USD,2015,0.11815
2016,,,,,,A,0,G,EN_MAT_DOMCMPG,MF3,KG_PER_CON_USD,2015,0.12195
2017,,,,,,A,0,G,EN_MAT_DOMCMPG,MF3,KG_PER_CON_USD,2015,0.11876
2018,,,,,,A,0,G,EN_MAT_DOMCMPG,MF3,KG_PER_CON_USD,2015,0.11979
2019,,,,,,A,0,G,EN_MAT_DOMCMPG,MF3,KG_PER_CON_USD,2015,0.11801
2000,,,,,,A,0,G,EN_MAT_DOMCMPG,MF4,KG_PER_CON_USD,2015,0.09872
2001,,,,,,A,0,G,EN_MAT_DOMCMPG,MF4,KG_PER_CON_USD,2015,0.09904
2002,,,,,,A,0,G,EN_MAT_DOMCMPG,MF4,KG_PER_CON_USD,2015,0.09348
2003,,,,,,A,0,G,EN_MAT_DOMCMPG,MF4,KG_PER_CON_USD,2015,0.09068
2004,,,,,,A,0,G,EN_MAT_DOMCMPG,MF4,KG_PER_CON_USD,2015,0.093
2005,,,,,,A,0,G,EN_MAT_DOMCMPG,MF4,KG_PER_CON_USD,2015,0.08927
2006,,,,,,A,0,G,EN_MAT_DOMCMPG,MF4,KG_PER_CON_USD,2015,0.08618
2007,,,,,,A,0,G,EN_MAT_DOMCMPG,MF4,KG_PER_CON_USD,2015,0.0801
2008,,,,,,A,0,G,EN_MAT_DOMCMPG,MF4,KG_PER_CON_USD,2015,0.08157
2009,,,,,,A,0,G,EN_MAT_DOMCMPG,MF4,KG_PER_CON_USD,2015,0.07797
2010,,,,,,A,0,G,EN_MAT_DOMCMPG,MF4,KG_PER_CON_USD,2015,0.07371
2011,,,,,,A,0,G,EN_MAT_DOMCMPG,MF4,KG_PER_CON_USD,2015,0.07144
2012,,,,,,A,0,G,EN_MAT_DOMCMPG,MF4,KG_PER_CON_USD,2015,0.07146
2013,,,,,,A,0,G,EN_MAT_DOMCMPG,MF4,KG_PER_CON_USD,2015,0.06804
2014,,,,,,A,0,G,EN_MAT_DOMCMPG,MF4,KG_PER_CON_USD,2015,0.06015
2015,,,,,,A,0,G,EN_MAT_DOMCMPG,MF4,KG_PER_CON_USD,2015,0.05068
2016,,,,,,A,0,G,EN_MAT_DOMCMPG,MF4,KG_PER_CON_USD,2015,0.04445
2017,,,,,,A,0,G,EN_MAT_DOMCMPG,MF4,KG_PER_CON_USD,2015,0.04294
2018,,,,,,A,0,G,EN_MAT_DOMCMPG,MF4,KG_PER_CON_USD,2015,0.04227
2019,,,,,,A,0,G,EN_MAT_DOMCMPG,MF4,KG_PER_CON_USD,2015,0.03768
2000,,,,,,A,0,G,EN_MAT_DOMCMPG,MF41,KG_PER_CON_USD,2015,0.02728
2001,,,,,,A,0,G,EN_MAT_DOMCMPG,MF41,KG_PER_CON_USD,2015,0.03188
2002,,,,,,A,0,G,EN_MAT_DOMCMPG,MF41,KG_PER_CON_USD,2015,0.0269
2003,,,,,,A,0,G,EN_MAT_DOMCMPG,MF41,KG_PER_CON_USD,2015,0.02668
2004,,,,,,A,0,G,EN_MAT_DOMCMPG,MF41,KG_PER_CON_USD,2015,0.02642
2005,,,,,,A,0,G,EN_MAT_DOMCMPG,MF41,KG_PER_CON_USD,2015,0.02706
2006,,,,,,A,0,G,EN_MAT_DOMCMPG,MF41,KG_PER_CON_USD,2015,0.02821
2007,,,,,,A,0,G,EN_MAT_DOMCMPG,MF41,KG_PER_CON_USD,2015,0.02458
2008,,,,,,A,0,G,EN_MAT_DOMCMPG,MF41,KG_PER_CON_USD,2015,0.02474
2009,,,,,,A,0,G,EN_MAT_DOMCMPG,MF41,KG_PER_CON_USD,2015,0.02313
2010,,,,,,A,0,G,EN_MAT_DOMCMPG,MF41,KG_PER_CON_USD,2015,0.01894
2011,,,,,,A,0,G,EN_MAT_DOMCMPG,MF41,KG_PER_CON_USD,2015,0.02077
2012,,,,,,A,0,G,EN_MAT_DOMCMPG,MF41,KG_PER_CON_USD,2015,0.02409
2013,,,,,,A,0,G,EN_MAT_DOMCMPG,MF41,KG_PER_CON_USD,2015,0.02474
2014,,,,,,A,0,G,EN_MAT_DOMCMPG,MF41,KG_PER_CON_USD,2015,0.02087
2015,,,,,,A,0,G,EN_MAT_DOMCMPG,MF41,KG_PER_CON_USD,2015,0.0121
2016,,,,,,A,0,G,EN_MAT_DOMCMPG,MF41,KG_PER_CON_USD,2015,0.00503
2017,,,,,,A,0,G,EN_MAT_DOMCMPG,MF41,KG_PER_CON_USD,2015,0.00454
2018,,,,,,A,0,G,EN_MAT_DOMCMPG,MF41,KG_PER_CON_USD,2015,0.00472
2019,,,,,,A,0,G,EN_MAT_DOMCMPG,MF41,KG_PER_CON_USD,2015,0.00304
2000,,,,,,A,0,G,EN_MAT_DOMCMPG,MF413,KG_PER_CON_USD,2015,0.0
2001,,,,,,A,0,G,EN_MAT_DOMCMPG,MF413,KG_PER_CON_USD,2015,0.0
2002,,,,,,A,0,G,EN_MAT_DOMCMPG,MF413,KG_PER_CON_USD,2015,0.0
2003,,,,,,A,0,G,EN_MAT_DOMCMPG,MF413,KG_PER_CON_USD,2015,0.0
2004,,,,,,A,0,G,EN_MAT_DOMCMPG,MF413,KG_PER_CON_USD,2015,0.0
2005,,,,,,A,0,G,EN_MAT_DOMCMPG,MF413,KG_PER_CON_USD,2015,0.0
2006,,,,,,A,0,G,EN_MAT_DOMCMPG,MF413,KG_PER_CON_USD,2015,0.0
2007,,,,,,A,0,G,EN_MAT_DOMCMPG,MF413,KG_PER_CON_USD,2015,0.0
2008,,,,,,A,0,G,EN_MAT_DOMCMPG,MF413,KG_PER_CON_USD,2015,0.0
2009,,,,,,A,0,G,EN_MAT_DOMCMPG,MF413,KG_PER_CON_USD,2015,0.0
2010,,,,,,A,0,G,EN_MAT_DOMCMPG,MF413,KG_PER_CON_USD,2015,0.0
2011,,,,,,A,0,G,EN_MAT_DOMCMPG,MF413,KG_PER_CON_USD,2015,0.0
2012,,,,,,A,0,G,EN_MAT_DOMCMPG,MF413,KG_PER_CON_USD,2015,0.0
2013,,,,,,A,0,G,EN_MAT_DOMCMPG,MF413,KG_PER_CON_USD,2015,0.0
2014,,,,,,A,0,G,EN_MAT_DOMCMPG,MF413,KG_PER_CON_USD,2015,0.0
2015,,,,,,A,0,G,EN_MAT_DOMCMPG,MF413,KG_PER_CON_USD,2015,0.0
2016,,,,,,A,0,G,EN_MAT_DOMCMPG,MF413,KG_PER_CON_USD,2015,0.0
2017,,,,,,A,0,G,EN_MAT_DOMCMPG,MF413,KG_PER_CON_USD,2015,0.0
2018,,,,,,A,0,G,EN_MAT_DOMCMPG,MF413,KG_PER_CON_USD,2015,0.0
2019,,,,,,A,0,G,EN_MAT_DOMCMPG,MF413,KG_PER_CON_USD,2015,0.0
2000,,,,,,A,0,G,EN_MAT_DOMCMPG,MF421,KG_PER_CON_USD,2015,0.03874
2001,,,,,,A,0,G,EN_MAT_DOMCMPG,MF421,KG_PER_CON_USD,2015,0.03581
2002,,,,,,A,0,G,EN_MAT_DOMCMPG,MF421,KG_PER_CON_USD,2015,0.03608
2003,,,,,,A,0,G,EN_MAT_DOMCMPG,MF421,KG_PER_CON_USD,2015,0.03475
2004,,,,,,A,0,G,EN_MAT_DOMCMPG,MF421,KG_PER_CON_USD,2015,0.03718
2005,,,,,,A,0,G,EN_MAT_DOMCMPG,MF421,KG_PER_CON_USD,2015,0.03461
2006,,,,,,A,0,G,EN_MAT_DOMCMPG,MF421,KG_PER_CON_USD,2015,0.03231
2007,,,,,,A,0,G,EN_MAT_DOMCMPG,MF421,KG_PER_CON_USD,2015,0.0305
2008,,,,,,A,0,G,EN_MAT_DOMCMPG,MF421,KG_PER_CON_USD,2015,0.03079
2009,,,,,,A,0,G,EN_MAT_DOMCMPG,MF421,KG_PER_CON_USD,2015,0.02971
2010,,,,,,A,0,G,EN_MAT_DOMCMPG,MF421,KG_PER_CON_USD,2015,0.02858
2011,,,,,,A,0,G,EN_MAT_DOMCMPG,MF421,KG_PER_CON_USD,2015,0.02839
2012,,,,,,A,0,G,EN_MAT_DOMCMPG,MF421,KG_PER_CON_USD,2015,0.02718
2013,,,,,,A,0,G,EN_MAT_DOMCMPG,MF421,KG_PER_CON_USD,2015,0.02374
2014,,,,,,A,0,G,EN_MAT_DOMCMPG,MF421,KG_PER_CON_USD,2015,0.02188
2015,,,,,,A,0,G,EN_MAT_DOMCMPG,MF421,KG_PER_CON_USD,2015,0.0212
2016,,,,,,A,0,G,EN_MAT_DOMCMPG,MF421,KG_PER_CON_USD,2015,0.02057
2017,,,,,,A,0,G,EN_MAT_DOMCMPG,MF421,KG_PER_CON_USD,2015,0.02026
2018,,,,,,A,0,G,EN_MAT_DOMCMPG,MF421,KG_PER_CON_USD,2015,0.0191
2019,,,,,,A,0,G,EN_MAT_DOMCMPG,MF421,KG_PER_CON_USD,2015,0.01752
2000,,,,,,A,0,G,EN_MAT_DOMCMPG,MF422,KG_PER_CON_USD,2015,0.0327
2001,,,,,,A,0,G,EN_MAT_DOMCMPG,MF422,KG_PER_CON_USD,2015,0.03135
2002,,,,,,A,0,G,EN_MAT_DOMCMPG,MF422,KG_PER_CON_USD,2015,0.0305
2003,,,,,,A,0,G,EN_MAT_DOMCMPG,MF422,KG_PER_CON_USD,2015,0.02924
2004,,,,,,A,0,G,EN_MAT_DOMCMPG,MF422,KG_PER_CON_USD,2015,0.0294
2005,,,,,,A,0,G,EN_MAT_DOMCMPG,MF422,KG_PER_CON_USD,2015,0.0276
2006,,,,,,A,0,G,EN_MAT_DOMCMPG,MF422,KG_PER_CON_USD,2015,0.02565
2007,,,,,,A,0,G,EN_MAT_DOMCMPG,MF422,KG_PER_CON_USD,2015,0.02501
2008,,,,,,A,0,G,EN_MAT_DOMCMPG,MF422,KG_PER_CON_USD,2015,0.02603
2009,,,,,,A,0,G,EN_MAT_DOMCMPG,MF422,KG_PER_CON_USD,2015,0.02512
2010,,,,,,A,0,G,EN_MAT_DOMCMPG,MF422,KG_PER_CON_USD,2015,0.02619
2011,,,,,,A,0,G,EN_MAT_DOMCMPG,MF422,KG_PER_CON_USD,2015,0.02227
2012,,,,,,A,0,G,EN_MAT_DOMCMPG,MF422,KG_PER_CON_USD,2015,0.02019
2013,,,,,,A,0,G,EN_MAT_DOMCMPG,MF422,KG_PER_CON_USD,2015,0.01955
2014,,,,,,A,0,G,EN_MAT_DOMCMPG,MF422,KG_PER_CON_USD,2015,0.0174
2015,,,,,,A,0,G,EN_MAT_DOMCMPG,MF422,KG_PER_CON_USD,2015,0.01738
2016,,,,,,A,0,G,EN_MAT_DOMCMPG,MF422,KG_PER_CON_USD,2015,0.01885
2017,,,,,,A,0,G,EN_MAT_DOMCMPG,MF422,KG_PER_CON_USD,2015,0.01815
2018,,,,,,A,0,G,EN_MAT_DOMCMPG,MF422,KG_PER_CON_USD,2015,0.01846
2019,,,,,,A,0,G,EN_MAT_DOMCMPG,MF422,KG_PER_CON_USD,2015,0.01712
2000,,,,,,A,0,G,EN_MAT_DOMCMPT,,T,,809735769.15472
2001,,,,,,A,0,G,EN_MAT_DOMCMPT,,T,,843136053.28986
2002,,,,,,A,0,G,EN_MAT_DOMCMPT,,T,,805722329.70605
2003,,,,,,A,0,G,EN_MAT_DOMCMPT,,T,,800489799.59037
2004,,,,,,A,0,G,EN_MAT_DOMCMPT,,T,,818600009.58785
2005,,,,,,A,0,G,EN_MAT_DOMCMPT,,T,,807612914.39052
2006,,,,,,A,0,G,EN_MAT_DOMCMPT,,T,,825640265.53532
2007,,,,,,A,0,G,EN_MAT_DOMCMPT,,T,,826238342.80923
2008,,,,,,A,0,G,EN_MAT_DOMCMPT,,T,,765089461.01824
2009,,,,,,A,0,G,EN_MAT_DOMCMPT,,T,,679041940.86791
2010,,,,,,A,0,G,EN_MAT_DOMCMPT,,T,,660503063.81795
2011,,,,,,A,0,G,EN_MAT_DOMCMPT,,T,,656993815.88633
2012,,,,,,A,0,G,EN_MAT_DOMCMPT,,T,,645528837.0695
2013,,,,,,A,0,G,EN_MAT_DOMCMPT,,T,,642300551.76569
2014,,,,,,A,0,G,EN_MAT_DOMCMPT,,T,,725229719.364
2015,,,,,,A,0,G,EN_MAT_DOMCMPT,,T,,723633056.64487
2016,,,,,,A,0,G,EN_MAT_DOMCMPT,,T,,724831290.63855
2017,,,,,,A,0,G,EN_MAT_DOMCMPT,,T,,751086407.33645
2018,,,,,,A,0,G,EN_MAT_DOMCMPT,,T,,754360502.84312
2019,,,,,,A,0,G,EN_MAT_DOMCMPT,,T,,742849871.71633
2000,,,,,,A,0,G,EN_MAT_DOMCMPT,MF_AGG3A,T,,363061372.328
2001,,,,,,A,0,G,EN_MAT_DOMCMPT,MF_AGG3A,T,,373528177.982
2002,,,,,,A,0,G,EN_MAT_DOMCMPT,MF_AGG3A,T,,353083339.704
2003,,,,,,A,0,G,EN_MAT_DOMCMPT,MF_AGG3A,T,,345586315.737
2004,,,,,,A,0,G,EN_MAT_DOMCMPT,MF_AGG3A,T,,361521546.116
2005,,,,,,A,0,G,EN_MAT_DOMCMPT,MF_AGG3A,T,,348993437.899
2006,,,,,,A,0,G,EN_MAT_DOMCMPT,MF_AGG3A,T,,351014773.025
2007,,,,,,A,0,G,EN_MAT_DOMCMPT,MF_AGG3A,T,,353702512.424
2008,,,,,,A,0,G,EN_MAT_DOMCMPT,MF_AGG3A,T,,311644513.069
2009,,,,,,A,0,G,EN_MAT_DOMCMPT,MF_AGG3A,T,,248927064.69
2010,,,,,,A,0,G,EN_MAT_DOMCMPT,MF_AGG3A,T,,235769521.208
2011,,,,,,A,0,G,EN_MAT_DOMCMPT,MF_AGG3A,T,,244948089.982
2012,,,,,,A,0,G,EN_MAT_DOMCMPT,MF_AGG3A,T,,221754114.0575
2013,,,,,,A,0,G,EN_MAT_DOMCMPT,MF_AGG3A,T,,220958357.37204
2014,,,,,,A,0,G,EN_MAT_DOMCMPT,MF_AGG3A,T,,305128281.819
2015,,,,,,A,0,G,EN_MAT_DOMCMPT,MF_AGG3A,T,,330977658.94945
2016,,,,,,A,0,G,EN_MAT_DOMCMPT,MF_AGG3A,T,,348553978.26594
2017,,,,,,A,0,G,EN_MAT_DOMCMPT,MF_AGG3A,T,,348768837.77408
2018,,,,,,A,0,G,EN_MAT_DOMCMPT,MF_AGG3A,T,,354996771.06371
2019,,,,,,A,0,G,EN_MAT_DOMCMPT,MF_AGG3A,T,,354587855.58264
2000,,,,,,A,0,G,EN_MAT_DOMCMPT,MF_AGG3B,T,,17261880.75611
2001,,,,,,A,0,G,EN_MAT_DOMCMPT,MF_AGG3B,T,,17153578.709
2002,,,,,,A,0,G,EN_MAT_DOMCMPT,MF_AGG3B,T,,17506860.61622
2003,,,,,,A,0,G,EN_MAT_DOMCMPT,MF_AGG3B,T,,17225682.58189
2004,,,,,,A,0,G,EN_MAT_DOMCMPT,MF_AGG3B,T,,16782534.83489
2005,,,,,,A,0,G,EN_MAT_DOMCMPT,MF_AGG3B,T,,17327001.445
2006,,,,,,A,0,G,EN_MAT_DOMCMPT,MF_AGG3B,T,,17768190.08289
2007,,,,,,A,0,G,EN_MAT_DOMCMPT,MF_AGG3B,T,,16769047.99456
2008,,,,,,A,0,G,EN_MAT_DOMCMPT,MF_AGG3B,T,,15951765.63433
2009,,,,,,A,0,G,EN_MAT_DOMCMPT,MF_AGG3B,T,,15030016.18933
2010,,,,,,A,0,G,EN_MAT_DOMCMPT,MF_AGG3B,T,,17578272.27233
2011,,,,,,A,0,G,EN_MAT_DOMCMPT,MF_AGG3B,T,,21779073.73567
2012,,,,,,A,0,G,EN_MAT_DOMCMPT,MF_AGG3B,T,,20540051.966
2013,,,,,,A,0,G,EN_MAT_DOMCMPT,MF_AGG3B,T,,21680390.89
2014,,,,,,A,0,G,EN_MAT_DOMCMPT,MF_AGG3B,T,,19607888.19
2015,,,,,,A,0,G,EN_MAT_DOMCMPT,MF_AGG3B,T,,15525964.90844
2016,,,,,,A,0,G,EN_MAT_DOMCMPT,MF_AGG3B,T,,15256010.76344
2017,,,,,,A,0,G,EN_MAT_DOMCMPT,MF_AGG3B,T,,11683880.11011
2018,,,,,,A,0,G,EN_MAT_DOMCMPT,MF_AGG3B,T,,13156119.80556
2019,,,,,,A,0,G,EN_MAT_DOMCMPT,MF_AGG3B,T,,12666375.92822
2000,,,,,,A,0,G,EN_MAT_DOMCMPT,MF1,T,,180875424.23
2001,,,,,,A,0,G,EN_MAT_DOMCMPT,MF1,T,,172255099.975
2002,,,,,,A,0,G,EN_MAT_DOMCMPT,MF1,T,,177490377.587
2003,,,,,,A,0,G,EN_MAT_DOMCMPT,MF1,T,,174892242.232
2004,,,,,,A,0,G,EN_MAT_DOMCMPT,MF1,T,,178530236.732
2005,,,,,,A,0,G,EN_MAT_DOMCMPT,MF1,T,,179517049.46
2006,,,,,,A,0,G,EN_MAT_DOMCMPT,MF1,T,,176697231.313
2007,,,,,,A,0,G,EN_MAT_DOMCMPT,MF1,T,,172641996.437
2008,,,,,,A,0,G,EN_MAT_DOMCMPT,MF1,T,,179785950.196
2009,,,,,,A,0,G,EN_MAT_DOMCMPT,MF1,T,,173367611.565
2010,,,,,,A,0,G,EN_MAT_DOMCMPT,MF1,T,,170770993.273
2011,,,,,,A,0,G,EN_MAT_DOMCMPT,MF1,T,,175116059.974
2012,,,,,,A,0,G,EN_MAT_DOMCMPT,MF1,T,,168325217.146
2013,,,,,,A,0,G,EN_MAT_DOMCMPT,MF1,T,,176493941.866
2014,,,,,,A,0,G,EN_MAT_DOMCMPT,MF1,T,,183662933.848
2015,,,,,,A,0,G,EN_MAT_DOMCMPT,MF1,T,,179493360.335
2016,,,,,,A,0,G,EN_MAT_DOMCMPT,MF1,T,,172228709.279
2017,,,,,,A,0,G,EN_MAT_DOMCMPT,MF1,T,,183513312.045
2018,,,,,,A,0,G,EN_MAT_DOMCMPT,MF1,T,,176854006.001
2019,,,,,,A,0,G,EN_MAT_DOMCMPT,MF1,T,,175052899.41184
2000,,,,,,A,0,G,EN_MAT_DOMCMPT,MF11,T,,55482015.0
2001,,,,,,A,0,G,EN_MAT_DOMCMPT,MF11,T,,54954517.0
2002,,,,,,A,0,G,EN_MAT_DOMCMPT,MF11,T,,58931699.0
2003,,,,,,A,0,G,EN_MAT_DOMCMPT,MF11,T,,54364694.0
2004,,,,,,A,0,G,EN_MAT_DOMCMPT,MF11,T,,57294073.0
2005,,,,,,A,0,G,EN_MAT_DOMCMPT,MF11,T,,56679710.0
2006,,,,,,A,0,G,EN_MAT_DOMCMPT,MF11,T,,55363989.0
2007,,,,,,A,0,G,EN_MAT_DOMCMPT,MF11,T,,54032718.0
2008,,,,,,A,0,G,EN_MAT_DOMCMPT,MF11,T,,59949120.0
2009,,,,,,A,0,G,EN_MAT_DOMCMPT,MF11,T,,57672923.0
2010,,,,,,A,0,G,EN_MAT_DOMCMPT,MF11,T,,53599300.0
2011,,,,,,A,0,G,EN_MAT_DOMCMPT,MF11,T,,57521003.0
2012,,,,,,A,0,G,EN_MAT_DOMCMPT,MF11,T,,54141908.0
2013,,,,,,A,0,G,EN_MAT_DOMCMPT,MF11,T,,61064238.0
2014,,,,,,A,0,G,EN_MAT_DOMCMPT,MF11,T,,64107558.0
2015,,,,,,A,0,G,EN_MAT_DOMCMPT,MF11,T,,59452161.0
2016,,,,,,A,0,G,EN_MAT_DOMCMPT,MF11,T,,54087768.0
2017,,,,,,A,0,G,EN_MAT_DOMCMPT,MF11,T,,64391321.0
2018,,,,,,A,0,G,EN_MAT_DOMCMPT,MF11,T,,59269047.0
2019,,,,,,A,0,G,EN_MAT_DOMCMPT,MF11,T,,58167709.12857
2000,,,,,,A,0,G,EN_MAT_DOMCMPT,MF121,T,,18809828.5
2001,,,,,,A,0,G,EN_MAT_DOMCMPT,MF121,T,,15500654.63
2002,,,,,,A,0,G,EN_MAT_DOMCMPT,MF121,T,,18641876.26
2003,,,,,,A,0,G,EN_MAT_DOMCMPT,MF121,T,,18040041.56
2004,,,,,,A,0,G,EN_MAT_DOMCMPT,MF121,T,,18289766.16
2005,,,,,,A,0,G,EN_MAT_DOMCMPT,MF121,T,,17970783.42
2006,,,,,,A,0,G,EN_MAT_DOMCMPT,MF121,T,,17702946.51
2007,,,,,,A,0,G,EN_MAT_DOMCMPT,MF121,T,,16672638.72
2008,,,,,,A,0,G,EN_MAT_DOMCMPT,MF121,T,,20094203.25
2009,,,,,,A,0,G,EN_MAT_DOMCMPT,MF121,T,,18229701.53
2010,,,,,,A,0,G,EN_MAT_DOMCMPT,MF121,T,,18124102.36
2011,,,,,,A,0,G,EN_MAT_DOMCMPT,MF121,T,,19095378.45
2012,,,,,,A,0,G,EN_MAT_DOMCMPT,MF121,T,,17319954.59
2013,,,,,,A,0,G,EN_MAT_DOMCMPT,MF121,T,,17205945.99
2014,,,,,,A,0,G,EN_MAT_DOMCMPT,MF121,T,,20740950.17
2015,,,,,,A,0,G,EN_MAT_DOMCMPT,MF121,T,,21050815.8
2016,,,,,,A,0,G,EN_MAT_DOMCMPT,MF121,T,,18095899.7
2017,,,,,,A,0,G,EN_MAT_DOMCMPT,MF121,T,,19342418.2
2018,,,,,,A,0,G,EN_MAT_DOMCMPT,MF121,T,,17754434.6
2019,,,,,,A,0,G,EN_MAT_DOMCMPT,MF121,T,,17851282.6605
2000,,,,,,A,0,G,EN_MAT_DOMCMPT,MF122,T,,92371059.4
2001,,,,,,A,0,G,EN_MAT_DOMCMPT,MF122,T,,85938181.8
2002,,,,,,A,0,G,EN_MAT_DOMCMPT,MF122,T,,83929081.4
2003,,,,,,A,0,G,EN_MAT_DOMCMPT,MF122,T,,85021707.0
2004,,,,,,A,0,G,EN_MAT_DOMCMPT,MF122,T,,85303412.0
2005,,,,,,A,0,G,EN_MAT_DOMCMPT,MF122,T,,86329681.8
2006,,,,,,A,0,G,EN_MAT_DOMCMPT,MF122,T,,84969277.0
2007,,,,,,A,0,G,EN_MAT_DOMCMPT,MF122,T,,82877728.0
2008,,,,,,A,0,G,EN_MAT_DOMCMPT,MF122,T,,81221846.0
2009,,,,,,A,0,G,EN_MAT_DOMCMPT,MF122,T,,79726209.0
2010,,,,,,A,0,G,EN_MAT_DOMCMPT,MF122,T,,80033785.0
2011,,,,,,A,0,G,EN_MAT_DOMCMPT,MF122,T,,79291234.0
2012,,,,,,A,0,G,EN_MAT_DOMCMPT,MF122,T,,79494842.0
2013,,,,,,A,0,G,EN_MAT_DOMCMPT,MF122,T,,79528479.0
2014,,,,,,A,0,G,EN_MAT_DOMCMPT,MF122,T,,80053368.0
2015,,,,,,A,0,G,EN_MAT_DOMCMPT,MF122,T,,80302382.0
2016,,,,,,A,0,G,EN_MAT_DOMCMPT,MF122,T,,81394573.6
2017,,,,,,A,0,G,EN_MAT_DOMCMPT,MF122,T,,81755983.2
2018,,,,,,A,0,G,EN_MAT_DOMCMPT,MF122,T,,80502132.2
2019,,,,,,A,0,G,EN_MAT_DOMCMPT,MF122,T,,80162894.96357
2000,,,,,,A,0,G,EN_MAT_DOMCMPT,MF13,T,,14961080.0
2001,,,,,,A,0,G,EN_MAT_DOMCMPT,MF13,T,,15186940.2
2002,,,,,,A,0,G,EN_MAT_DOMCMPT,MF13,T,,14535724.92
2003,,,,,,A,0,G,EN_MAT_DOMCMPT,MF13,T,,13953433.28
2004,,,,,,A,0,G,EN_MAT_DOMCMPT,MF13,T,,13213987.68
2005,,,,,,A,0,G,EN_MAT_DOMCMPT,MF13,T,,13762723.36
2006,,,,,,A,0,G,EN_MAT_DOMCMPT,MF13,T,,12209394.52
2007,,,,,,A,0,G,EN_MAT_DOMCMPT,MF13,T,,12113944.12
2008,,,,,,A,0,G,EN_MAT_DOMCMPT,MF13,T,,10549745.44
2009,,,,,,A,0,G,EN_MAT_DOMCMPT,MF13,T,,9852647.52
2010,,,,,,A,0,G,EN_MAT_DOMCMPT,MF13,T,,11250001.24
2011,,,,,,A,0,G,EN_MAT_DOMCMPT,MF13,T,,10071894.8
2012,,,,,,A,0,G,EN_MAT_DOMCMPT,MF13,T,,11906123.32
2013,,,,,,A,0,G,EN_MAT_DOMCMPT,MF13,T,,16257855.36
2014,,,,,,A,0,G,EN_MAT_DOMCMPT,MF13,T,,19677324.52
2015,,,,,,A,0,G,EN_MAT_DOMCMPT,MF13,T,,23616174.68
2016,,,,,,A,0,G,EN_MAT_DOMCMPT,MF13,T,,24365647.24
2017,,,,,,A,0,G,EN_MAT_DOMCMPT,MF13,T,,25193258.8
2018,,,,,,A,0,G,EN_MAT_DOMCMPT,MF13,T,,27763077.92
2019,,,,,,A,0,G,EN_MAT_DOMCMPT,MF13,T,,29509086.33643
2000,,,,,,A,0,G,EN_MAT_DOMCMPT,MF14,T,,794628.0
2001,,,,,,A,0,G,EN_MAT_DOMCMPT,MF14,T,,843123.0
2002,,,,,,A,0,G,EN_MAT_DOMCMPT,MF14,T,,797657.0
2003,,,,,,A,0,G,EN_MAT_DOMCMPT,MF14,T,,651624.0
2004,,,,,,A,0,G,EN_MAT_DOMCMPT,MF14,T,,630080.0
2005,,,,,,A,0,G,EN_MAT_DOMCMPT,MF14,T,,654572.0
2006,,,,,,A,0,G,EN_MAT_DOMCMPT,MF14,T,,772198.0
2007,,,,,,A,0,G,EN_MAT_DOMCMPT,MF14,T,,614698.0
2008,,,,,,A,0,G,EN_MAT_DOMCMPT,MF14,T,,620140.0
2009,,,,,,A,0,G,EN_MAT_DOMCMPT,MF14,T,,528370.0
2010,,,,,,A,0,G,EN_MAT_DOMCMPT,MF14,T,,363451.0
2011,,,,,,A,0,G,EN_MAT_DOMCMPT,MF14,T,,425529.0
2012,,,,,,A,0,G,EN_MAT_DOMCMPT,MF14,T,,414811.0
2013,,,,,,A,0,G,EN_MAT_DOMCMPT,MF14,T,,376856.0
2014,,,,,,A,0,G,EN_MAT_DOMCMPT,MF14,T,,172839.0
2015,,,,,,A,0,G,EN_MAT_DOMCMPT,MF14,T,,186229.0
2016,,,,,,A,0,G,EN_MAT_DOMCMPT,MF14,T,,341497.0
2017,,,,,,A,0,G,EN_MAT_DOMCMPT,MF14,T,,254090.0
2018,,,,,,A,0,G,EN_MAT_DOMCMPT,MF14,T,,322649.0
2019,,,,,,A,0,G,EN_MAT_DOMCMPT,MF14,T,,299351.95377
2000,,,,,,A,0,G,EN_MAT_DOMCMPT,MF2,T,,21600837.60361
2001,,,,,,A,0,G,EN_MAT_DOMCMPT,MF2,T,,23354799.08486
2002,,,,,,A,0,G,EN_MAT_DOMCMPT,MF2,T,,24094119.86183
2003,,,,,,A,0,G,EN_MAT_DOMCMPT,MF2,T,,24683887.70848
2004,,,,,,A,0,G,EN_MAT_DOMCMPT,MF2,T,,23204963.01296
2005,,,,,,A,0,G,EN_MAT_DOMCMPT,MF2,T,,23993087.36852
2006,,,,,,A,0,G,EN_MAT_DOMCMPT,MF2,T,,26068222.05843
2007,,,,,,A,0,G,EN_MAT_DOMCMPT,MF2,T,,27785939.96067
2008,,,,,,A,0,G,EN_MAT_DOMCMPT,MF2,T,,21660979.88591
2009,,,,,,A,0,G,EN_MAT_DOMCMPT,MF2,T,,12193988.24558
2010,,,,,,A,0,G,EN_MAT_DOMCMPT,MF2,T,,17918327.84261
2011,,,,,,A,0,G,EN_MAT_DOMCMPT,MF2,T,,17327567.40967
2012,,,,,,A,0,G,EN_MAT_DOMCMPT,MF2,T,,15619612.87601
2013,,,,,,A,0,G,EN_MAT_DOMCMPT,MF2,T,,18576748.17265
2014,,,,,,A,0,G,EN_MAT_DOMCMPT,MF2,T,,19306485.523
2015,,,,,,A,0,G,EN_MAT_DOMCMPT,MF2,T,,18680316.40798
2016,,,,,,A,0,G,EN_MAT_DOMCMPT,MF2,T,,20305963.31017
2017,,,,,,A,0,G,EN_MAT_DOMCMPT,MF2,T,,18743163.03525
2018,,,,,,A,0,G,EN_MAT_DOMCMPT,MF2,T,,18478213.51185
2019,,,,,,A,0,G,EN_MAT_DOMCMPT,MF2,T,,17231684.83078
2000,,,,,,A,0,G,EN_MAT_DOMCMPT,MF21,T,,17215651.641
2001,,,,,,A,0,G,EN_MAT_DOMCMPT,MF21,T,,17379255.834
2002,,,,,,A,0,G,EN_MAT_DOMCMPT,MF21,T,,16605507.537
2003,,,,,,A,0,G,EN_MAT_DOMCMPT,MF21,T,,18196262.527
2004,,,,,,A,0,G,EN_MAT_DOMCMPT,MF21,T,,17678674.652
2005,,,,,,A,0,G,EN_MAT_DOMCMPT,MF21,T,,17589448.661
2006,,,,,,A,0,G,EN_MAT_DOMCMPT,MF21,T,,18694798.758
2007,,,,,,A,0,G,EN_MAT_DOMCMPT,MF21,T,,19176291.835
2008,,,,,,A,0,G,EN_MAT_DOMCMPT,MF21,T,,15744217.207
2009,,,,,,A,0,G,EN_MAT_DOMCMPT,MF21,T,,7760802.299
2010,,,,,,A,0,G,EN_MAT_DOMCMPT,MF21,T,,11804979.138
2011,,,,,,A,0,G,EN_MAT_DOMCMPT,MF21,T,,11586800.334
2012,,,,,,A,0,G,EN_MAT_DOMCMPT,MF21,T,,11437617.751
2013,,,,,,A,0,G,EN_MAT_DOMCMPT,MF21,T,,13250189.145
2014,,,,,,A,0,G,EN_MAT_DOMCMPT,MF21,T,,14358507.76
2015,,,,,,A,0,G,EN_MAT_DOMCMPT,MF21,T,,12942604.222
2016,,,,,,A,0,G,EN_MAT_DOMCMPT,MF21,T,,13478140.834
2017,,,,,,A,0,G,EN_MAT_DOMCMPT,MF21,T,,11375026.549
2018,,,,,,A,0,G,EN_MAT_DOMCMPT,MF21,T,,11789680.961
2019,,,,,,A,0,G,EN_MAT_DOMCMPT,MF21,T,,10260061.517
2000,,,,,,A,0,G,EN_MAT_DOMCMPT,MF22,T,,1729473.11061
2001,,,,,,A,0,G,EN_MAT_DOMCMPT,MF22,T,,2177769.33586
2002,,,,,,A,0,G,EN_MAT_DOMCMPT,MF22,T,,3132931.71283
2003,,,,,,A,0,G,EN_MAT_DOMCMPT,MF22,T,,2659491.22448
2004,,,,,,A,0,G,EN_MAT_DOMCMPT,MF22,T,,2898090.37396
2005,,,,,,A,0,G,EN_MAT_DOMCMPT,MF22,T,,2889102.18852
2006,,,,,,A,0,G,EN_MAT_DOMCMPT,MF22,T,,2908996.35743
2007,,,,,,A,0,G,EN_MAT_DOMCMPT,MF22,T,,2577909.40167
2008,,,,,,A,0,G,EN_MAT_DOMCMPT,MF22,T,,2360819.37091
2009,,,,,,A,0,G,EN_MAT_DOMCMPT,MF22,T,,1993423.19758
2010,,,,,,A,0,G,EN_MAT_DOMCMPT,MF22,T,,2528302.82661
2011,,,,,,A,0,G,EN_MAT_DOMCMPT,MF22,T,,2474192.12367
2012,,,,,,A,0,G,EN_MAT_DOMCMPT,MF22,T,,1764992.78801
2013,,,,,,A,0,G,EN_MAT_DOMCMPT,MF22,T,,2234331.45265
2014,,,,,,A,0,G,EN_MAT_DOMCMPT,MF22,T,,981478.695
2015,,,,,,A,0,G,EN_MAT_DOMCMPT,MF22,T,,1439270.22298
2016,,,,,,A,0,G,EN_MAT_DOMCMPT,MF22,T,,2749469.47517
2017,,,,,,A,0,G,EN_MAT_DOMCMPT,MF22,T,,3610620.29425
2018,,,,,,A,0,G,EN_MAT_DOMCMPT,MF22,T,,2948642.41885
2019,,,,,,A,0,G,EN_MAT_DOMCMPT,MF22,T,,2856179.07178
2000,,,,,,A,0,G,EN_MAT_DOMCMPT,MF3,T,,381086998.24411
2001,,,,,,A,0,G,EN_MAT_DOMCMPT,MF3,T,,391744412.011
2002,,,,,,A,0,G,EN_MAT_DOMCMPT,MF3,T,,371743554.32022
2003,,,,,,A,0,G,EN_MAT_DOMCMPT,MF3,T,,365097709.68889
2004,,,,,,A,0,G,EN_MAT_DOMCMPT,MF3,T,,379836863.82089
2005,,,,,,A,0,G,EN_MAT_DOMCMPT,MF3,T,,367295138.514
2006,,,,,,A,0,G,EN_MAT_DOMCMPT,MF3,T,,370794445.46789
2007,,,,,,A,0,G,EN_MAT_DOMCMPT,MF3,T,,372948934.59856
2008,,,,,,A,0,G,EN_MAT_DOMCMPT,MF3,T,,330526204.07333
2009,,,,,,A,0,G,EN_MAT_DOMCMPT,MF3,T,,262377397.47933
2010,,,,,,A,0,G,EN_MAT_DOMCMPT,MF3,T,,257082097.63533
2011,,,,,,A,0,G,EN_MAT_DOMCMPT,MF3,T,,270227715.11167
2012,,,,,,A,0,G,EN_MAT_DOMCMPT,MF3,T,,244252744.5035
2013,,,,,,A,0,G,EN_MAT_DOMCMPT,MF3,T,,246672501.86904
2014,,,,,,A,0,G,EN_MAT_DOMCMPT,MF3,T,,330476057.705
2015,,,,,,A,0,G,EN_MAT_DOMCMPT,MF3,T,,351850362.84789
2016,,,,,,A,0,G,EN_MAT_DOMCMPT,MF3,T,,370045741.62939
2017,,,,,,A,0,G,EN_MAT_DOMCMPT,MF3,T,,366398194.0262
2018,,,,,,A,0,G,EN_MAT_DOMCMPT,MF3,T,,376503201.04227
2019,,,,,,A,0,G,EN_MAT_DOMCMPT,MF3,T,,376172596.92986
2000,,,,,,A,0,G,EN_MAT_DOMCMPT,MF4,T,,221290487.423
2001,,,,,,A,0,G,EN_MAT_DOMCMPT,MF4,T,,233352990.082
2002,,,,,,A,0,G,EN_MAT_DOMCMPT,MF4,T,,219015618.785
2003,,,,,,A,0,G,EN_MAT_DOMCMPT,MF4,T,,220772413.973
2004,,,,,,A,0,G,EN_MAT_DOMCMPT,MF4,T,,225829226.662
2005,,,,,,A,0,G,EN_MAT_DOMCMPT,MF4,T,,227106318.224
2006,,,,,,A,0,G,EN_MAT_DOMCMPT,MF4,T,,231827017.326
2007,,,,,,A,0,G,EN_MAT_DOMCMPT,MF4,T,,219036804.497
2008,,,,,,A,0,G,EN_MAT_DOMCMPT,MF4,T,,220351451.995
2009,,,,,,A,0,G,EN_MAT_DOMCMPT,MF4,T,,203003392.674
2010,,,,,,A,0,G,EN_MAT_DOMCMPT,MF4,T,,197651403.127
2011,,,,,,A,0,G,EN_MAT_DOMCMPT,MF4,T,,190480230.647
2012,,,,,,A,0,G,EN_MAT_DOMCMPT,MF4,T,,194117550.96
2013,,,,,,A,0,G,EN_MAT_DOMCMPT,MF4,T,,195110685.251
2014,,,,,,A,0,G,EN_MAT_DOMCMPT,MF4,T,,183493277.837
2015,,,,,,A,0,G,EN_MAT_DOMCMPT,MF4,T,,162423115.507
2016,,,,,,A,0,G,EN_MAT_DOMCMPT,MF4,T,,148904084.318
2017,,,,,,A,0,G,EN_MAT_DOMCMPT,MF4,T,,145420037.456
2018,,,,,,A,0,G,EN_MAT_DOMCMPT,MF4,T,,146524382.488
2019,,,,,,A,0,G,EN_MAT_DOMCMPT,MF4,T,,133811088.00886
2000,,,,,,A,0,G,EN_MAT_DOMCMPT,MF41,T,,61779000.0
2001,,,,,,A,0,G,EN_MAT_DOMCMPT,MF41,T,,74157000.0
2002,,,,,,A,0,G,EN_MAT_DOMCMPT,MF41,T,,63951000.0
2003,,,,,,A,0,G,EN_MAT_DOMCMPT,MF41,T,,65529000.0
2004,,,,,,A,0,G,EN_MAT_DOMCMPT,MF41,T,,66369000.0
2005,,,,,,A,0,G,EN_MAT_DOMCMPT,MF41,T,,69979000.0
2006,,,,,,A,0,G,EN_MAT_DOMCMPT,MF41,T,,74935000.0
2007,,,,,,A,0,G,EN_MAT_DOMCMPT,MF41,T,,66834000.0
2008,,,,,,A,0,G,EN_MAT_DOMCMPT,MF41,T,,67082000.0
2009,,,,,,A,0,G,EN_MAT_DOMCMPT,MF41,T,,60127000.0
2010,,,,,,A,0,G,EN_MAT_DOMCMPT,MF41,T,,50249000.0
2011,,,,,,A,0,G,EN_MAT_DOMCMPT,MF41,T,,55823000.0
2012,,,,,,A,0,G,EN_MAT_DOMCMPT,MF41,T,,65656000.0
2013,,,,,,A,0,G,EN_MAT_DOMCMPT,MF41,T,,68911000.0
2014,,,,,,A,0,G,EN_MAT_DOMCMPT,MF41,T,,59780000.0
2015,,,,,,A,0,G,EN_MAT_DOMCMPT,MF41,T,,35478000.0
2016,,,,,,A,0,G,EN_MAT_DOMCMPT,MF41,T,,15015000.0
2017,,,,,,A,0,G,EN_MAT_DOMCMPT,MF41,T,,13770000.0
2018,,,,,,A,0,G,EN_MAT_DOMCMPT,MF41,T,,14503000.0
2019,,,,,,A,0,G,EN_MAT_DOMCMPT,MF41,T,,9474007.14286
2000,,,,,,A,0,G,EN_MAT_DOMCMPT,MF413,T,,0.0
2001,,,,,,A,0,G,EN_MAT_DOMCMPT,MF413,T,,0.0
2002,,,,,,A,0,G,EN_MAT_DOMCMPT,MF413,T,,0.0
2003,,,,,,A,0,G,EN_MAT_DOMCMPT,MF413,T,,0.0
2004,,,,,,A,0,G,EN_MAT_DOMCMPT,MF413,T,,0.0
2005,,,,,,A,0,G,EN_MAT_DOMCMPT,MF413,T,,0.0
2006,,,,,,A,0,G,EN_MAT_DOMCMPT,MF413,T,,0.0
2007,,,,,,A,0,G,EN_MAT_DOMCMPT,MF413,T,,0.0
2008,,,,,,A,0,G,EN_MAT_DOMCMPT,MF413,T,,0.0
2009,,,,,,A,0,G,EN_MAT_DOMCMPT,MF413,T,,0.0
2010,,,,,,A,0,G,EN_MAT_DOMCMPT,MF413,T,,0.0
2011,,,,,,A,0,G,EN_MAT_DOMCMPT,MF413,T,,0.0
2012,,,,,,A,0,G,EN_MAT_DOMCMPT,MF413,T,,0.0
2013,,,,,,A,0,G,EN_MAT_DOMCMPT,MF413,T,,0.0
2014,,,,,,A,0,G,EN_MAT_DOMCMPT,MF413,T,,0.0
2015,,,,,,A,0,G,EN_MAT_DOMCMPT,MF413,T,,0.0
2016,,,,,,A,0,G,EN_MAT_DOMCMPT,MF413,T,,0.0
2017,,,,,,A,0,G,EN_MAT_DOMCMPT,MF413,T,,0.0
2018,,,,,,A,0,G,EN_MAT_DOMCMPT,MF413,T,,0.0
2019,,,,,,A,0,G,EN_MAT_DOMCMPT,MF413,T,,0.0
2000,,,,,,A,0,G,EN_MAT_DOMCMPT,MF421,T,,87714000.0
2001,,,,,,A,0,G,EN_MAT_DOMCMPT,MF421,T,,83312000.0
2002,,,,,,A,0,G,EN_MAT_DOMCMPT,MF421,T,,85768000.0
2003,,,,,,A,0,G,EN_MAT_DOMCMPT,MF421,T,,85352000.0
2004,,,,,,A,0,G,EN_MAT_DOMCMPT,MF421,T,,93388000.0
2005,,,,,,A,0,G,EN_MAT_DOMCMPT,MF421,T,,89506000.0
2006,,,,,,A,0,G,EN_MAT_DOMCMPT,MF421,T,,85826000.0
2007,,,,,,A,0,G,EN_MAT_DOMCMPT,MF421,T,,82931000.0
2008,,,,,,A,0,G,EN_MAT_DOMCMPT,MF421,T,,83471000.0
2009,,,,,,A,0,G,EN_MAT_DOMCMPT,MF421,T,,77236000.0
2010,,,,,,A,0,G,EN_MAT_DOMCMPT,MF421,T,,75834000.0
2011,,,,,,A,0,G,EN_MAT_DOMCMPT,MF421,T,,76304000.0
2012,,,,,,A,0,G,EN_MAT_DOMCMPT,MF421,T,,74089000.0
2013,,,,,,A,0,G,EN_MAT_DOMCMPT,MF421,T,,66132000.0
2014,,,,,,A,0,G,EN_MAT_DOMCMPT,MF421,T,,62699000.0
2015,,,,,,A,0,G,EN_MAT_DOMCMPT,MF421,T,,62184000.0
2016,,,,,,A,0,G,EN_MAT_DOMCMPT,MF421,T,,61378000.0
2017,,,,,,A,0,G,EN_MAT_DOMCMPT,MF421,T,,61486000.0
2018,,,,,,A,0,G,EN_MAT_DOMCMPT,MF421,T,,58685000.0
2019,,,,,,A,0,G,EN_MAT_DOMCMPT,MF421,T,,54507414.28571
2000,,,,,,A,0,G,EN_MAT_DOMCMPT,MF422,T,,74051738.91
2001,,,,,,A,0,G,EN_MAT_DOMCMPT,MF422,T,,72924243.79
2002,,,,,,A,0,G,EN_MAT_DOMCMPT,MF422,T,,72488660.05
2003,,,,,,A,0,G,EN_MAT_DOMCMPT,MF422,T,,71808564.94
2004,,,,,,A,0,G,EN_MAT_DOMCMPT,MF422,T,,73858458.49
2005,,,,,,A,0,G,EN_MAT_DOMCMPT,MF422,T,,71383088.25
2006,,,,,,A,0,G,EN_MAT_DOMCMPT,MF422,T,,68129946.88
2007,,,,,,A,0,G,EN_MAT_DOMCMPT,MF422,T,,67991955.97
2008,,,,,,A,0,G,EN_MAT_DOMCMPT,MF422,T,,70582638.8
2009,,,,,,A,0,G,EN_MAT_DOMCMPT,MF422,T,,65313629.88
2010,,,,,,A,0,G,EN_MAT_DOMCMPT,MF422,T,,69492709.81
2011,,,,,,A,0,G,EN_MAT_DOMCMPT,MF422,T,,59851033.65
2012,,,,,,A,0,G,EN_MAT_DOMCMPT,MF422,T,,55042925.23
2013,,,,,,A,0,G,EN_MAT_DOMCMPT,MF422,T,,54460325.93
2014,,,,,,A,0,G,EN_MAT_DOMCMPT,MF422,T,,49864550.04
2015,,,,,,A,0,G,EN_MAT_DOMCMPT,MF422,T,,50984958.06
2016,,,,,,A,0,G,EN_MAT_DOMCMPT,MF422,T,,56225195.93
2017,,,,,,A,0,G,EN_MAT_DOMCMPT,MF422,T,,55074467.17
2018,,,,,,A,0,G,EN_MAT_DOMCMPT,MF422,T,,56731011.07
2019,,,,,,A,0,G,EN_MAT_DOMCMPT,MF422,T,,53282322.76429
