Year,COMMENT_OBS,Sex,Occupation,Value
2014,"Repository: Eurostat | Economic activity coverage: Excluding agriculture, public administration, and activities of households as employers and of extraterritorial organisations and bodies | Establishment size coverage: All establishments with at least 10 employees | Local currency: GBR - British pound(GBP)",,,15.1
2015,Data reference period: April | Population coverage: Excluding both institutional population and armed forces and/or conscripts | Reference group coverage: Employees | Local currency: GBR - British pound(GBP) | Working time arrangement coverage: Full-time and part time workers,,,14.9
2016,Data reference period: April | Population coverage: Excluding both institutional population and armed forces and/or conscripts | Reference group coverage: Employees | Local currency: GBR - British pound(GBP) | Working time arrangement coverage: Full-time and part time workers,,,15.4
2017,Data reference period: April | Population coverage: Excluding both institutional population and armed forces and/or conscripts | Reference group coverage: Employees | Local currency: GBR - British pound(GBP) | Working time arrangement coverage: Full-time and part time workers,,,15.9
2018,Data reference period: April | Population coverage: Excluding both institutional population and armed forces and/or conscripts | Reference group coverage: Employees | Local currency: GBR - British pound(GBP) | Working time arrangement coverage: Full-time and part time workers,,,16.4
2019,Data reference period: April | Reference group coverage: Employees | Local currency: GBR - British pound(GBP) | Working time arrangement coverage: Full-time and part time workers,,,17.0
2014,"Repository: Eurostat | Economic activity coverage: Excluding agriculture, public administration, and activities of households as employers and of extraterritorial organisations and bodies | Establishment size coverage: All establishments with at least 10 employees | Local currency: GBR - British pound(GBP)",,Managers,25.9
2015,Data reference period: April | Population coverage: Excluding both institutional population and armed forces and/or conscripts | Reference group coverage: Employees | Local currency: GBR - British pound(GBP) | Working time arrangement coverage: Full-time and part time workers,,Managers,24.6
2016,Data reference period: April | Population coverage: Excluding both institutional population and armed forces and/or conscripts | Reference group coverage: Employees | Local currency: GBR - British pound(GBP) | Working time arrangement coverage: Full-time and part time workers,,Managers,25.0
2017,Data reference period: April | Population coverage: Excluding both institutional population and armed forces and/or conscripts | Reference group coverage: Employees | Local currency: GBR - British pound(GBP) | Working time arrangement coverage: Full-time and part time workers,,Managers,26.0
2018,Data reference period: April | Population coverage: Excluding both institutional population and armed forces and/or conscripts | Reference group coverage: Employees | Local currency: GBR - British pound(GBP) | Working time arrangement coverage: Full-time and part time workers,,Managers,26.7
2019,Data reference period: April | Reference group coverage: Employees | Local currency: GBR - British pound(GBP) | Working time arrangement coverage: Full-time and part time workers,,Managers,27.1
2014,"Repository: Eurostat | Economic activity coverage: Excluding agriculture, public administration, and activities of households as employers and of extraterritorial organisations and bodies | Establishment size coverage: All establishments with at least 10 employees | Local currency: GBR - British pound(GBP)",,Professionals,21.2
2015,Data reference period: April | Population coverage: Excluding both institutional population and armed forces and/or conscripts | Reference group coverage: Employees | Local currency: GBR - British pound(GBP) | Working time arrangement coverage: Full-time and part time workers,,Professionals,21.0
2016,Data reference period: April | Population coverage: Excluding both institutional population and armed forces and/or conscripts | Reference group coverage: Employees | Local currency: GBR - British pound(GBP) | Working time arrangement coverage: Full-time and part time workers,,Professionals,21.3
2017,Data reference period: April | Population coverage: Excluding both institutional population and armed forces and/or conscripts | Reference group coverage: Employees | Local currency: GBR - British pound(GBP) | Working time arrangement coverage: Full-time and part time workers,,Professionals,21.7
2018,Data reference period: April | Population coverage: Excluding both institutional population and armed forces and/or conscripts | Reference group coverage: Employees | Local currency: GBR - British pound(GBP) | Working time arrangement coverage: Full-time and part time workers,,Professionals,22.4
2019,Data reference period: April | Reference group coverage: Employees | Local currency: GBR - British pound(GBP) | Working time arrangement coverage: Full-time and part time workers,,Professionals,22.8
2014,"Repository: Eurostat | Economic activity coverage: Excluding agriculture, public administration, and activities of households as employers and of extraterritorial organisations and bodies | Establishment size coverage: All establishments with at least 10 employees | Local currency: GBR - British pound(GBP)",,Technicians and associate professionals,15.0
2015,Data reference period: April | Population coverage: Excluding both institutional population and armed forces and/or conscripts | Reference group coverage: Employees | Local currency: GBR - British pound(GBP) | Working time arrangement coverage: Full-time and part time workers,,Technicians and associate professionals,14.6
2016,Data reference period: April | Population coverage: Excluding both institutional population and armed forces and/or conscripts | Reference group coverage: Employees | Local currency: GBR - British pound(GBP) | Working time arrangement coverage: Full-time and part time workers,,Technicians and associate professionals,14.7
2017,Data reference period: April | Population coverage: Excluding both institutional population and armed forces and/or conscripts | Reference group coverage: Employees | Local currency: GBR - British pound(GBP) | Working time arrangement coverage: Full-time and part time workers,,Technicians and associate professionals,15.1
2018,Data reference period: April | Population coverage: Excluding both institutional population and armed forces and/or conscripts | Reference group coverage: Employees | Local currency: GBR - British pound(GBP) | Working time arrangement coverage: Full-time and part time workers,,Technicians and associate professionals,15.8
2019,Data reference period: April | Reference group coverage: Employees | Local currency: GBR - British pound(GBP) | Working time arrangement coverage: Full-time and part time workers,,Technicians and associate professionals,15.8
2014,"Repository: Eurostat | Economic activity coverage: Excluding agriculture, public administration, and activities of households as employers and of extraterritorial organisations and bodies | Establishment size coverage: All establishments with at least 10 employees | Local currency: GBR - British pound(GBP)",,Clerical support workers,10.9
2015,Data reference period: April | Population coverage: Excluding both institutional population and armed forces and/or conscripts | Reference group coverage: Employees | Local currency: GBR - British pound(GBP) | Working time arrangement coverage: Full-time and part time workers,,Clerical support workers,11.0
2016,Data reference period: April | Population coverage: Excluding both institutional population and armed forces and/or conscripts | Reference group coverage: Employees | Local currency: GBR - British pound(GBP) | Working time arrangement coverage: Full-time and part time workers,,Clerical support workers,11.4
2017,Data reference period: April | Population coverage: Excluding both institutional population and armed forces and/or conscripts | Reference group coverage: Employees | Local currency: GBR - British pound(GBP) | Working time arrangement coverage: Full-time and part time workers,,Clerical support workers,11.8
2018,Data reference period: April | Population coverage: Excluding both institutional population and armed forces and/or conscripts | Reference group coverage: Employees | Local currency: GBR - British pound(GBP) | Working time arrangement coverage: Full-time and part time workers,,Clerical support workers,12.5
2019,Data reference period: April | Reference group coverage: Employees | Local currency: GBR - British pound(GBP) | Working time arrangement coverage: Full-time and part time workers,,Clerical support workers,13.0
2014,"Repository: Eurostat | Economic activity coverage: Excluding agriculture, public administration, and activities of households as employers and of extraterritorial organisations and bodies | Establishment size coverage: All establishments with at least 10 employees | Local currency: GBR - British pound(GBP)",,Service and sales workers,8.8
2015,Data reference period: April | Population coverage: Excluding both institutional population and armed forces and/or conscripts | Reference group coverage: Employees | Local currency: GBR - British pound(GBP) | Working time arrangement coverage: Full-time and part time workers,,Service and sales workers,9.4
2016,Data reference period: April | Population coverage: Excluding both institutional population and armed forces and/or conscripts | Reference group coverage: Employees | Local currency: GBR - British pound(GBP) | Working time arrangement coverage: Full-time and part time workers,,Service and sales workers,9.8
2017,Data reference period: April | Population coverage: Excluding both institutional population and armed forces and/or conscripts | Reference group coverage: Employees | Local currency: GBR - British pound(GBP) | Working time arrangement coverage: Full-time and part time workers,,Service and sales workers,10.3
2018,Data reference period: April | Population coverage: Excluding both institutional population and armed forces and/or conscripts | Reference group coverage: Employees | Local currency: GBR - British pound(GBP) | Working time arrangement coverage: Full-time and part time workers,,Service and sales workers,10.5
2019,Data reference period: April | Reference group coverage: Employees | Local currency: GBR - British pound(GBP) | Working time arrangement coverage: Full-time and part time workers,,Service and sales workers,10.8
2014,"Repository: Eurostat | Economic activity coverage: Excluding agriculture, public administration, and activities of households as employers and of extraterritorial organisations and bodies | Establishment size coverage: All establishments with at least 10 employees | Local currency: GBR - British pound(GBP)",,"Skilled agricultural, forestry and fishery workers",9.7
2015,Data reference period: April | Population coverage: Excluding both institutional population and armed forces and/or conscripts | Reference group coverage: Employees | Local currency: GBR - British pound(GBP) | Working time arrangement coverage: Full-time and part time workers,,"Skilled agricultural, forestry and fishery workers",9.7
2016,Data reference period: April | Population coverage: Excluding both institutional population and armed forces and/or conscripts | Reference group coverage: Employees | Local currency: GBR - British pound(GBP) | Working time arrangement coverage: Full-time and part time workers,,"Skilled agricultural, forestry and fishery workers",10.1
2017,Data reference period: April | Population coverage: Excluding both institutional population and armed forces and/or conscripts | Reference group coverage: Employees | Local currency: GBR - British pound(GBP) | Working time arrangement coverage: Full-time and part time workers,,"Skilled agricultural, forestry and fishery workers",10.2
2018,Data reference period: April | Population coverage: Excluding both institutional population and armed forces and/or conscripts | Reference group coverage: Employees | Local currency: GBR - British pound(GBP) | Working time arrangement coverage: Full-time and part time workers,,"Skilled agricultural, forestry and fishery workers",10.6
2019,Data reference period: April | Reference group coverage: Employees | Local currency: GBR - British pound(GBP) | Working time arrangement coverage: Full-time and part time workers,,"Skilled agricultural, forestry and fishery workers",11.0
2015,Data reference period: April | Population coverage: Excluding both institutional population and armed forces and/or conscripts | Reference group coverage: Employees | Local currency: GBR - British pound(GBP) | Working time arrangement coverage: Full-time and part time workers,,Craft and related trades workers,12.7
2016,Data reference period: April | Population coverage: Excluding both institutional population and armed forces and/or conscripts | Reference group coverage: Employees | Local currency: GBR - British pound(GBP) | Working time arrangement coverage: Full-time and part time workers,,Craft and related trades workers,13.0
2017,Data reference period: April | Population coverage: Excluding both institutional population and armed forces and/or conscripts | Reference group coverage: Employees | Local currency: GBR - British pound(GBP) | Working time arrangement coverage: Full-time and part time workers,,Craft and related trades workers,13.4
2018,Data reference period: April | Population coverage: Excluding both institutional population and armed forces and/or conscripts | Reference group coverage: Employees | Local currency: GBR - British pound(GBP) | Working time arrangement coverage: Full-time and part time workers,,Craft and related trades workers,13.8
2019,Data reference period: April | Reference group coverage: Employees | Local currency: GBR - British pound(GBP) | Working time arrangement coverage: Full-time and part time workers,,Craft and related trades workers,14.2
2015,Data reference period: April | Population coverage: Excluding both institutional population and armed forces and/or conscripts | Reference group coverage: Employees | Local currency: GBR - British pound(GBP) | Working time arrangement coverage: Full-time and part time workers,,"Plant and machine operators, and assemblers",10.8
2016,Data reference period: April | Population coverage: Excluding both institutional population and armed forces and/or conscripts | Reference group coverage: Employees | Local currency: GBR - British pound(GBP) | Working time arrangement coverage: Full-time and part time workers,,"Plant and machine operators, and assemblers",11.1
2017,Data reference period: April | Population coverage: Excluding both institutional population and armed forces and/or conscripts | Reference group coverage: Employees | Local currency: GBR - British pound(GBP) | Working time arrangement coverage: Full-time and part time workers,,"Plant and machine operators, and assemblers",11.5
2018,Data reference period: April | Population coverage: Excluding both institutional population and armed forces and/or conscripts | Reference group coverage: Employees | Local currency: GBR - British pound(GBP) | Working time arrangement coverage: Full-time and part time workers,,"Plant and machine operators, and assemblers",11.8
2019,Data reference period: April | Reference group coverage: Employees | Local currency: GBR - British pound(GBP) | Working time arrangement coverage: Full-time and part time workers,,"Plant and machine operators, and assemblers",12.1
2015,Data reference period: April | Population coverage: Excluding both institutional population and armed forces and/or conscripts | Reference group coverage: Employees | Local currency: GBR - British pound(GBP) | Working time arrangement coverage: Full-time and part time workers,,Elementary occupations,8.4
2016,Data reference period: April | Population coverage: Excluding both institutional population and armed forces and/or conscripts | Reference group coverage: Employees | Local currency: GBR - British pound(GBP) | Working time arrangement coverage: Full-time and part time workers,,Elementary occupations,8.8
2017,Data reference period: April | Population coverage: Excluding both institutional population and armed forces and/or conscripts | Reference group coverage: Employees | Local currency: GBR - British pound(GBP) | Working time arrangement coverage: Full-time and part time workers,,Elementary occupations,9.2
2018,Data reference period: April | Population coverage: Excluding both institutional population and armed forces and/or conscripts | Reference group coverage: Employees | Local currency: GBR - British pound(GBP) | Working time arrangement coverage: Full-time and part time workers,,Elementary occupations,9.5
2019,Data reference period: April | Reference group coverage: Employees | Local currency: GBR - British pound(GBP) | Working time arrangement coverage: Full-time and part time workers,,Elementary occupations,10.0
2014,"Repository: Eurostat | Economic activity coverage: Excluding agriculture, public administration, and activities of households as employers and of extraterritorial organisations and bodies | Establishment size coverage: All establishments with at least 10 employees | Local currency: GBR - British pound(GBP)",Female,,13.4
2015,Data reference period: April | Population coverage: Excluding both institutional population and armed forces and/or conscripts | Reference group coverage: Employees | Local currency: GBR - British pound(GBP) | Working time arrangement coverage: Full-time and part time workers,Female,,13.2
2016,Data reference period: April | Population coverage: Excluding both institutional population and armed forces and/or conscripts | Reference group coverage: Employees | Local currency: GBR - British pound(GBP) | Working time arrangement coverage: Full-time and part time workers,Female,,13.7
2017,Data reference period: April | Population coverage: Excluding both institutional population and armed forces and/or conscripts | Reference group coverage: Employees | Local currency: GBR - British pound(GBP) | Working time arrangement coverage: Full-time and part time workers,Female,,14.1
2018,Data reference period: April | Population coverage: Excluding both institutional population and armed forces and/or conscripts | Reference group coverage: Employees | Local currency: GBR - British pound(GBP) | Working time arrangement coverage: Full-time and part time workers,Female,,14.6
2019,Data reference period: April | Reference group coverage: Employees | Local currency: GBR - British pound(GBP) | Working time arrangement coverage: Full-time and part time workers,Female,,15.2
2014,"Repository: Eurostat | Economic activity coverage: Excluding agriculture, public administration, and activities of households as employers and of extraterritorial organisations and bodies | Establishment size coverage: All establishments with at least 10 employees | Local currency: GBR - British pound(GBP)",Female,Managers,21.3
2015,Data reference period: April | Population coverage: Excluding both institutional population and armed forces and/or conscripts | Reference group coverage: Employees | Local currency: GBR - British pound(GBP) | Working time arrangement coverage: Full-time and part time workers,Female,Managers,20.5
2016,Data reference period: April | Population coverage: Excluding both institutional population and armed forces and/or conscripts | Reference group coverage: Employees | Local currency: GBR - British pound(GBP) | Working time arrangement coverage: Full-time and part time workers,Female,Managers,21.2
2017,Data reference period: April | Population coverage: Excluding both institutional population and armed forces and/or conscripts | Reference group coverage: Employees | Local currency: GBR - British pound(GBP) | Working time arrangement coverage: Full-time and part time workers,Female,Managers,22.2
2018,Data reference period: April | Population coverage: Excluding both institutional population and armed forces and/or conscripts | Reference group coverage: Employees | Local currency: GBR - British pound(GBP) | Working time arrangement coverage: Full-time and part time workers,Female,Managers,23.0
2019,Data reference period: April | Reference group coverage: Employees | Local currency: GBR - British pound(GBP) | Working time arrangement coverage: Full-time and part time workers,Female,Managers,23.2
2014,"Repository: Eurostat | Economic activity coverage: Excluding agriculture, public administration, and activities of households as employers and of extraterritorial organisations and bodies | Establishment size coverage: All establishments with at least 10 employees | Local currency: GBR - British pound(GBP)",Female,Professionals,19.6
2015,Data reference period: April | Population coverage: Excluding both institutional population and armed forces and/or conscripts | Reference group coverage: Employees | Local currency: GBR - British pound(GBP) | Working time arrangement coverage: Full-time and part time workers,Female,Professionals,19.5
2016,Data reference period: April | Population coverage: Excluding both institutional population and armed forces and/or conscripts | Reference group coverage: Employees | Local currency: GBR - British pound(GBP) | Working time arrangement coverage: Full-time and part time workers,Female,Professionals,19.7
2017,Data reference period: April | Population coverage: Excluding both institutional population and armed forces and/or conscripts | Reference group coverage: Employees | Local currency: GBR - British pound(GBP) | Working time arrangement coverage: Full-time and part time workers,Female,Professionals,20.1
2018,Data reference period: April | Population coverage: Excluding both institutional population and armed forces and/or conscripts | Reference group coverage: Employees | Local currency: GBR - British pound(GBP) | Working time arrangement coverage: Full-time and part time workers,Female,Professionals,20.5
2019,Data reference period: April | Reference group coverage: Employees | Local currency: GBR - British pound(GBP) | Working time arrangement coverage: Full-time and part time workers,Female,Professionals,21.1
2014,"Repository: Eurostat | Economic activity coverage: Excluding agriculture, public administration, and activities of households as employers and of extraterritorial organisations and bodies | Establishment size coverage: All establishments with at least 10 employees | Local currency: GBR - British pound(GBP)",Female,Technicians and associate professionals,13.6
2015,Data reference period: April | Population coverage: Excluding both institutional population and armed forces and/or conscripts | Reference group coverage: Employees | Local currency: GBR - British pound(GBP) | Working time arrangement coverage: Full-time and part time workers,Female,Technicians and associate professionals,13.3
2016,Data reference period: April | Population coverage: Excluding both institutional population and armed forces and/or conscripts | Reference group coverage: Employees | Local currency: GBR - British pound(GBP) | Working time arrangement coverage: Full-time and part time workers,Female,Technicians and associate professionals,13.4
2017,Data reference period: April | Population coverage: Excluding both institutional population and armed forces and/or conscripts | Reference group coverage: Employees | Local currency: GBR - British pound(GBP) | Working time arrangement coverage: Full-time and part time workers,Female,Technicians and associate professionals,13.7
2018,Data reference period: April | Population coverage: Excluding both institutional population and armed forces and/or conscripts | Reference group coverage: Employees | Local currency: GBR - British pound(GBP) | Working time arrangement coverage: Full-time and part time workers,Female,Technicians and associate professionals,14.1
2019,Data reference period: April | Reference group coverage: Employees | Local currency: GBR - British pound(GBP) | Working time arrangement coverage: Full-time and part time workers,Female,Technicians and associate professionals,14.5
2014,"Repository: Eurostat | Economic activity coverage: Excluding agriculture, public administration, and activities of households as employers and of extraterritorial organisations and bodies | Establishment size coverage: All establishments with at least 10 employees | Local currency: GBR - British pound(GBP)",Female,Clerical support workers,10.6
2015,Data reference period: April | Population coverage: Excluding both institutional population and armed forces and/or conscripts | Reference group coverage: Employees | Local currency: GBR - British pound(GBP) | Working time arrangement coverage: Full-time and part time workers,Female,Clerical support workers,10.7
2016,Data reference period: April | Population coverage: Excluding both institutional population and armed forces and/or conscripts | Reference group coverage: Employees | Local currency: GBR - British pound(GBP) | Working time arrangement coverage: Full-time and part time workers,Female,Clerical support workers,11.1
2017,Data reference period: April | Population coverage: Excluding both institutional population and armed forces and/or conscripts | Reference group coverage: Employees | Local currency: GBR - British pound(GBP) | Working time arrangement coverage: Full-time and part time workers,Female,Clerical support workers,11.6
2018,Data reference period: April | Population coverage: Excluding both institutional population and armed forces and/or conscripts | Reference group coverage: Employees | Local currency: GBR - British pound(GBP) | Working time arrangement coverage: Full-time and part time workers,Female,Clerical support workers,12.2
2019,Data reference period: April | Reference group coverage: Employees | Local currency: GBR - British pound(GBP) | Working time arrangement coverage: Full-time and part time workers,Female,Clerical support workers,12.7
2014,"Repository: Eurostat | Economic activity coverage: Excluding agriculture, public administration, and activities of households as employers and of extraterritorial organisations and bodies | Establishment size coverage: All establishments with at least 10 employees | Local currency: GBR - British pound(GBP)",Female,Service and sales workers,8.6
2015,Data reference period: April | Population coverage: Excluding both institutional population and armed forces and/or conscripts | Reference group coverage: Employees | Local currency: GBR - British pound(GBP) | Working time arrangement coverage: Full-time and part time workers,Female,Service and sales workers,8.8
2016,Data reference period: April | Population coverage: Excluding both institutional population and armed forces and/or conscripts | Reference group coverage: Employees | Local currency: GBR - British pound(GBP) | Working time arrangement coverage: Full-time and part time workers,Female,Service and sales workers,9.3
2017,Data reference period: April | Population coverage: Excluding both institutional population and armed forces and/or conscripts | Reference group coverage: Employees | Local currency: GBR - British pound(GBP) | Working time arrangement coverage: Full-time and part time workers,Female,Service and sales workers,9.6
2018,Data reference period: April | Population coverage: Excluding both institutional population and armed forces and/or conscripts | Reference group coverage: Employees | Local currency: GBR - British pound(GBP) | Working time arrangement coverage: Full-time and part time workers,Female,Service and sales workers,9.9
2019,Data reference period: April | Reference group coverage: Employees | Local currency: GBR - British pound(GBP) | Working time arrangement coverage: Full-time and part time workers,Female,Service and sales workers,10.3
2014,"Repository: Eurostat | Economic activity coverage: Excluding agriculture, public administration, and activities of households as employers and of extraterritorial organisations and bodies | Establishment size coverage: All establishments with at least 10 employees | Local currency: GBR - British pound(GBP)",Female,"Skilled agricultural, forestry and fishery workers",9.6
2015,Data reference period: April | Population coverage: Excluding both institutional population and armed forces and/or conscripts | Reference group coverage: Employees | Local currency: GBR - British pound(GBP) | Working time arrangement coverage: Full-time and part time workers,Female,"Skilled agricultural, forestry and fishery workers",10.0
2016,Data reference period: April | Population coverage: Excluding both institutional population and armed forces and/or conscripts | Reference group coverage: Employees | Local currency: GBR - British pound(GBP) | Working time arrangement coverage: Full-time and part time workers,Female,"Skilled agricultural, forestry and fishery workers",9.9
2017,Data reference period: April | Population coverage: Excluding both institutional population and armed forces and/or conscripts | Reference group coverage: Employees | Local currency: GBR - British pound(GBP) | Working time arrangement coverage: Full-time and part time workers,Female,"Skilled agricultural, forestry and fishery workers",10.0
2018,Data reference period: April | Population coverage: Excluding both institutional population and armed forces and/or conscripts | Reference group coverage: Employees | Local currency: GBR - British pound(GBP) | Working time arrangement coverage: Full-time and part time workers,Female,"Skilled agricultural, forestry and fishery workers",10.3
2019,Data reference period: April | Reference group coverage: Employees | Local currency: GBR - British pound(GBP) | Working time arrangement coverage: Full-time and part time workers,Female,"Skilled agricultural, forestry and fishery workers",10.7
2014,"Repository: Eurostat | Economic activity coverage: Excluding agriculture, public administration, and activities of households as employers and of extraterritorial organisations and bodies | Establishment size coverage: All establishments with at least 10 employees | Local currency: GBR - British pound(GBP)",Female,Craft and related trades workers,10.2
2015,Data reference period: April | Population coverage: Excluding both institutional population and armed forces and/or conscripts | Reference group coverage: Employees | Local currency: GBR - British pound(GBP) | Working time arrangement coverage: Full-time and part time workers,Female,Craft and related trades workers,10.0
2016,Data reference period: April | Population coverage: Excluding both institutional population and armed forces and/or conscripts | Reference group coverage: Employees | Local currency: GBR - British pound(GBP) | Working time arrangement coverage: Full-time and part time workers,Female,Craft and related trades workers,10.3
2017,Data reference period: April | Population coverage: Excluding both institutional population and armed forces and/or conscripts | Reference group coverage: Employees | Local currency: GBR - British pound(GBP) | Working time arrangement coverage: Full-time and part time workers,Female,Craft and related trades workers,10.5
2018,Data reference period: April | Population coverage: Excluding both institutional population and armed forces and/or conscripts | Reference group coverage: Employees | Local currency: GBR - British pound(GBP) | Working time arrangement coverage: Full-time and part time workers,Female,Craft and related trades workers,10.9
2019,Data reference period: April | Reference group coverage: Employees | Local currency: GBR - British pound(GBP) | Working time arrangement coverage: Full-time and part time workers,Female,Craft and related trades workers,12.1
2014,"Repository: Eurostat | Economic activity coverage: Excluding agriculture, public administration, and activities of households as employers and of extraterritorial organisations and bodies | Establishment size coverage: All establishments with at least 10 employees | Local currency: GBR - British pound(GBP)",Female,"Plant and machine operators, and assemblers",9.0
2015,Data reference period: April | Population coverage: Excluding both institutional population and armed forces and/or conscripts | Reference group coverage: Employees | Local currency: GBR - British pound(GBP) | Working time arrangement coverage: Full-time and part time workers,Female,"Plant and machine operators, and assemblers",8.9
2016,Data reference period: April | Population coverage: Excluding both institutional population and armed forces and/or conscripts | Reference group coverage: Employees | Local currency: GBR - British pound(GBP) | Working time arrangement coverage: Full-time and part time workers,Female,"Plant and machine operators, and assemblers",9.3
2017,Data reference period: April | Population coverage: Excluding both institutional population and armed forces and/or conscripts | Reference group coverage: Employees | Local currency: GBR - British pound(GBP) | Working time arrangement coverage: Full-time and part time workers,Female,"Plant and machine operators, and assemblers",9.5
2018,Data reference period: April | Population coverage: Excluding both institutional population and armed forces and/or conscripts | Reference group coverage: Employees | Local currency: GBR - British pound(GBP) | Working time arrangement coverage: Full-time and part time workers,Female,"Plant and machine operators, and assemblers",9.7
2019,Data reference period: April | Reference group coverage: Employees | Local currency: GBR - British pound(GBP) | Working time arrangement coverage: Full-time and part time workers,Female,"Plant and machine operators, and assemblers",10.3
2014,"Repository: Eurostat | Economic activity coverage: Excluding agriculture, public administration, and activities of households as employers and of extraterritorial organisations and bodies | Establishment size coverage: All establishments with at least 10 employees | Local currency: GBR - British pound(GBP)",Female,Elementary occupations,7.7
2015,Data reference period: April | Population coverage: Excluding both institutional population and armed forces and/or conscripts | Reference group coverage: Employees | Local currency: GBR - British pound(GBP) | Working time arrangement coverage: Full-time and part time workers,Female,Elementary occupations,7.7
2016,Data reference period: April | Population coverage: Excluding both institutional population and armed forces and/or conscripts | Reference group coverage: Employees | Local currency: GBR - British pound(GBP) | Working time arrangement coverage: Full-time and part time workers,Female,Elementary occupations,8.2
2017,Data reference period: April | Population coverage: Excluding both institutional population and armed forces and/or conscripts | Reference group coverage: Employees | Local currency: GBR - British pound(GBP) | Working time arrangement coverage: Full-time and part time workers,Female,Elementary occupations,8.5
2018,Data reference period: April | Population coverage: Excluding both institutional population and armed forces and/or conscripts | Reference group coverage: Employees | Local currency: GBR - British pound(GBP) | Working time arrangement coverage: Full-time and part time workers,Female,Elementary occupations,8.9
2019,Data reference period: April | Reference group coverage: Employees | Local currency: GBR - British pound(GBP) | Working time arrangement coverage: Full-time and part time workers,Female,Elementary occupations,9.4
2014,"Repository: Eurostat | Economic activity coverage: Excluding agriculture, public administration, and activities of households as employers and of extraterritorial organisations and bodies | Establishment size coverage: All establishments with at least 10 employees | Local currency: GBR - British pound(GBP)",Male,,16.9
2015,Data reference period: April | Population coverage: Excluding both institutional population and armed forces and/or conscripts | Reference group coverage: Employees | Local currency: GBR - British pound(GBP) | Working time arrangement coverage: Full-time and part time workers,Male,,16.6
2016,Data reference period: April | Population coverage: Excluding both institutional population and armed forces and/or conscripts | Reference group coverage: Employees | Local currency: GBR - British pound(GBP) | Working time arrangement coverage: Full-time and part time workers,Male,,17.1
2017,Data reference period: April | Population coverage: Excluding both institutional population and armed forces and/or conscripts | Reference group coverage: Employees | Local currency: GBR - British pound(GBP) | Working time arrangement coverage: Full-time and part time workers,Male,,17.6
2018,Data reference period: April | Population coverage: Excluding both institutional population and armed forces and/or conscripts | Reference group coverage: Employees | Local currency: GBR - British pound(GBP) | Working time arrangement coverage: Full-time and part time workers,Male,,18.2
2019,Data reference period: April | Reference group coverage: Employees | Local currency: GBR - British pound(GBP) | Working time arrangement coverage: Full-time and part time workers,Male,,18.8
2014,"Repository: Eurostat | Economic activity coverage: Excluding agriculture, public administration, and activities of households as employers and of extraterritorial organisations and bodies | Establishment size coverage: All establishments with at least 10 employees | Local currency: GBR - British pound(GBP)",Male,Managers,28.4
2015,Data reference period: April | Population coverage: Excluding both institutional population and armed forces and/or conscripts | Reference group coverage: Employees | Local currency: GBR - British pound(GBP) | Working time arrangement coverage: Full-time and part time workers,Male,Managers,26.8
2016,Data reference period: April | Population coverage: Excluding both institutional population and armed forces and/or conscripts | Reference group coverage: Employees | Local currency: GBR - British pound(GBP) | Working time arrangement coverage: Full-time and part time workers,Male,Managers,27.2
2017,Data reference period: April | Population coverage: Excluding both institutional population and armed forces and/or conscripts | Reference group coverage: Employees | Local currency: GBR - British pound(GBP) | Working time arrangement coverage: Full-time and part time workers,Male,Managers,28.2
2018,Data reference period: April | Population coverage: Excluding both institutional population and armed forces and/or conscripts | Reference group coverage: Employees | Local currency: GBR - British pound(GBP) | Working time arrangement coverage: Full-time and part time workers,Male,Managers,28.7
2019,Data reference period: April | Reference group coverage: Employees | Local currency: GBR - British pound(GBP) | Working time arrangement coverage: Full-time and part time workers,Male,Managers,29.5
2014,"Repository: Eurostat | Economic activity coverage: Excluding agriculture, public administration, and activities of households as employers and of extraterritorial organisations and bodies | Establishment size coverage: All establishments with at least 10 employees | Local currency: GBR - British pound(GBP)",Male,Professionals,22.8
2015,Data reference period: April | Population coverage: Excluding both institutional population and armed forces and/or conscripts | Reference group coverage: Employees | Local currency: GBR - British pound(GBP) | Working time arrangement coverage: Full-time and part time workers,Male,Professionals,22.4
2016,Data reference period: April | Population coverage: Excluding both institutional population and armed forces and/or conscripts | Reference group coverage: Employees | Local currency: GBR - British pound(GBP) | Working time arrangement coverage: Full-time and part time workers,Male,Professionals,22.9
2017,Data reference period: April | Population coverage: Excluding both institutional population and armed forces and/or conscripts | Reference group coverage: Employees | Local currency: GBR - British pound(GBP) | Working time arrangement coverage: Full-time and part time workers,Male,Professionals,23.4
2018,Data reference period: April | Population coverage: Excluding both institutional population and armed forces and/or conscripts | Reference group coverage: Employees | Local currency: GBR - British pound(GBP) | Working time arrangement coverage: Full-time and part time workers,Male,Professionals,24.2
2019,Data reference period: April | Reference group coverage: Employees | Local currency: GBR - British pound(GBP) | Working time arrangement coverage: Full-time and part time workers,Male,Professionals,24.5
2014,"Repository: Eurostat | Economic activity coverage: Excluding agriculture, public administration, and activities of households as employers and of extraterritorial organisations and bodies | Establishment size coverage: All establishments with at least 10 employees | Local currency: GBR - British pound(GBP)",Male,Technicians and associate professionals,16.3
2015,Data reference period: April | Population coverage: Excluding both institutional population and armed forces and/or conscripts | Reference group coverage: Employees | Local currency: GBR - British pound(GBP) | Working time arrangement coverage: Full-time and part time workers,Male,Technicians and associate professionals,15.9
2016,Data reference period: April | Population coverage: Excluding both institutional population and armed forces and/or conscripts | Reference group coverage: Employees | Local currency: GBR - British pound(GBP) | Working time arrangement coverage: Full-time and part time workers,Male,Technicians and associate professionals,16.1
2017,Data reference period: April | Population coverage: Excluding both institutional population and armed forces and/or conscripts | Reference group coverage: Employees | Local currency: GBR - British pound(GBP) | Working time arrangement coverage: Full-time and part time workers,Male,Technicians and associate professionals,16.5
2018,Data reference period: April | Population coverage: Excluding both institutional population and armed forces and/or conscripts | Reference group coverage: Employees | Local currency: GBR - British pound(GBP) | Working time arrangement coverage: Full-time and part time workers,Male,Technicians and associate professionals,17.5
2019,Data reference period: April | Reference group coverage: Employees | Local currency: GBR - British pound(GBP) | Working time arrangement coverage: Full-time and part time workers,Male,Technicians and associate professionals,17.0
2014,"Repository: Eurostat | Economic activity coverage: Excluding agriculture, public administration, and activities of households as employers and of extraterritorial organisations and bodies | Establishment size coverage: All establishments with at least 10 employees | Local currency: GBR - British pound(GBP)",Male,Clerical support workers,11.6
2015,Data reference period: April | Population coverage: Excluding both institutional population and armed forces and/or conscripts | Reference group coverage: Employees | Local currency: GBR - British pound(GBP) | Working time arrangement coverage: Full-time and part time workers,Male,Clerical support workers,11.7
2016,Data reference period: April | Population coverage: Excluding both institutional population and armed forces and/or conscripts | Reference group coverage: Employees | Local currency: GBR - British pound(GBP) | Working time arrangement coverage: Full-time and part time workers,Male,Clerical support workers,11.9
2017,Data reference period: April | Population coverage: Excluding both institutional population and armed forces and/or conscripts | Reference group coverage: Employees | Local currency: GBR - British pound(GBP) | Working time arrangement coverage: Full-time and part time workers,Male,Clerical support workers,12.3
2018,Data reference period: April | Population coverage: Excluding both institutional population and armed forces and/or conscripts | Reference group coverage: Employees | Local currency: GBR - British pound(GBP) | Working time arrangement coverage: Full-time and part time workers,Male,Clerical support workers,13.2
2019,Data reference period: April | Reference group coverage: Employees | Local currency: GBR - British pound(GBP) | Working time arrangement coverage: Full-time and part time workers,Male,Clerical support workers,13.7
2014,"Repository: Eurostat | Economic activity coverage: Excluding agriculture, public administration, and activities of households as employers and of extraterritorial organisations and bodies | Establishment size coverage: All establishments with at least 10 employees | Local currency: GBR - British pound(GBP)",Male,Service and sales workers,9.3
2015,Data reference period: April | Population coverage: Excluding both institutional population and armed forces and/or conscripts | Reference group coverage: Employees | Local currency: GBR - British pound(GBP) | Working time arrangement coverage: Full-time and part time workers,Male,Service and sales workers,10.8
2016,Data reference period: April | Population coverage: Excluding both institutional population and armed forces and/or conscripts | Reference group coverage: Employees | Local currency: GBR - British pound(GBP) | Working time arrangement coverage: Full-time and part time workers,Male,Service and sales workers,11.0
2017,Data reference period: April | Population coverage: Excluding both institutional population and armed forces and/or conscripts | Reference group coverage: Employees | Local currency: GBR - British pound(GBP) | Working time arrangement coverage: Full-time and part time workers,Male,Service and sales workers,11.8
2018,Data reference period: April | Population coverage: Excluding both institutional population and armed forces and/or conscripts | Reference group coverage: Employees | Local currency: GBR - British pound(GBP) | Working time arrangement coverage: Full-time and part time workers,Male,Service and sales workers,11.8
2019,Data reference period: April | Reference group coverage: Employees | Local currency: GBR - British pound(GBP) | Working time arrangement coverage: Full-time and part time workers,Male,Service and sales workers,12.0
2014,"Repository: Eurostat | Economic activity coverage: Excluding agriculture, public administration, and activities of households as employers and of extraterritorial organisations and bodies | Establishment size coverage: All establishments with at least 10 employees | Local currency: GBR - British pound(GBP)",Male,"Skilled agricultural, forestry and fishery workers",9.7
2015,Data reference period: April | Population coverage: Excluding both institutional population and armed forces and/or conscripts | Reference group coverage: Employees | Local currency: GBR - British pound(GBP) | Working time arrangement coverage: Full-time and part time workers,Male,"Skilled agricultural, forestry and fishery workers",9.7
2016,Data reference period: April | Population coverage: Excluding both institutional population and armed forces and/or conscripts | Reference group coverage: Employees | Local currency: GBR - British pound(GBP) | Working time arrangement coverage: Full-time and part time workers,Male,"Skilled agricultural, forestry and fishery workers",10.1
2017,Data reference period: April | Population coverage: Excluding both institutional population and armed forces and/or conscripts | Reference group coverage: Employees | Local currency: GBR - British pound(GBP) | Working time arrangement coverage: Full-time and part time workers,Male,"Skilled agricultural, forestry and fishery workers",10.2
2018,Data reference period: April | Population coverage: Excluding both institutional population and armed forces and/or conscripts | Reference group coverage: Employees | Local currency: GBR - British pound(GBP) | Working time arrangement coverage: Full-time and part time workers,Male,"Skilled agricultural, forestry and fishery workers",10.6
2019,Data reference period: April | Reference group coverage: Employees | Local currency: GBR - British pound(GBP) | Working time arrangement coverage: Full-time and part time workers,Male,"Skilled agricultural, forestry and fishery workers",11.0
2015,Data reference period: April | Population coverage: Excluding both institutional population and armed forces and/or conscripts | Reference group coverage: Employees | Local currency: GBR - British pound(GBP) | Working time arrangement coverage: Full-time and part time workers,Male,Craft and related trades workers,12.9
2016,Data reference period: April | Population coverage: Excluding both institutional population and armed forces and/or conscripts | Reference group coverage: Employees | Local currency: GBR - British pound(GBP) | Working time arrangement coverage: Full-time and part time workers,Male,Craft and related trades workers,13.2
2017,Data reference period: April | Population coverage: Excluding both institutional population and armed forces and/or conscripts | Reference group coverage: Employees | Local currency: GBR - British pound(GBP) | Working time arrangement coverage: Full-time and part time workers,Male,Craft and related trades workers,13.6
2018,Data reference period: April | Population coverage: Excluding both institutional population and armed forces and/or conscripts | Reference group coverage: Employees | Local currency: GBR - British pound(GBP) | Working time arrangement coverage: Full-time and part time workers,Male,Craft and related trades workers,13.9
2019,Data reference period: April | Reference group coverage: Employees | Local currency: GBR - British pound(GBP) | Working time arrangement coverage: Full-time and part time workers,Male,Craft and related trades workers,14.3
2015,Data reference period: April | Population coverage: Excluding both institutional population and armed forces and/or conscripts | Reference group coverage: Employees | Local currency: GBR - British pound(GBP) | Working time arrangement coverage: Full-time and part time workers,Male,"Plant and machine operators, and assemblers",11.1
2016,Data reference period: April | Population coverage: Excluding both institutional population and armed forces and/or conscripts | Reference group coverage: Employees | Local currency: GBR - British pound(GBP) | Working time arrangement coverage: Full-time and part time workers,Male,"Plant and machine operators, and assemblers",11.4
2017,Data reference period: April | Population coverage: Excluding both institutional population and armed forces and/or conscripts | Reference group coverage: Employees | Local currency: GBR - British pound(GBP) | Working time arrangement coverage: Full-time and part time workers,Male,"Plant and machine operators, and assemblers",11.7
2018,Data reference period: April | Population coverage: Excluding both institutional population and armed forces and/or conscripts | Reference group coverage: Employees | Local currency: GBR - British pound(GBP) | Working time arrangement coverage: Full-time and part time workers,Male,"Plant and machine operators, and assemblers",12.0
2019,Data reference period: April | Reference group coverage: Employees | Local currency: GBR - British pound(GBP) | Working time arrangement coverage: Full-time and part time workers,Male,"Plant and machine operators, and assemblers",12.4
2015,Data reference period: April | Population coverage: Excluding both institutional population and armed forces and/or conscripts | Reference group coverage: Employees | Local currency: GBR - British pound(GBP) | Working time arrangement coverage: Full-time and part time workers,Male,Elementary occupations,9.0
2016,Data reference period: April | Population coverage: Excluding both institutional population and armed forces and/or conscripts | Reference group coverage: Employees | Local currency: GBR - British pound(GBP) | Working time arrangement coverage: Full-time and part time workers,Male,Elementary occupations,9.4
2017,Data reference period: April | Population coverage: Excluding both institutional population and armed forces and/or conscripts | Reference group coverage: Employees | Local currency: GBR - British pound(GBP) | Working time arrangement coverage: Full-time and part time workers,Male,Elementary occupations,9.7
2018,Data reference period: April | Population coverage: Excluding both institutional population and armed forces and/or conscripts | Reference group coverage: Employees | Local currency: GBR - British pound(GBP) | Working time arrangement coverage: Full-time and part time workers,Male,Elementary occupations,10.1
2019,Data reference period: April | Reference group coverage: Employees | Local currency: GBR - British pound(GBP) | Working time arrangement coverage: Full-time and part time workers,Male,Elementary occupations,10.5
