Year,COMMENT_OBS,SDG Series,Sex,Composite breakdown,Observation-level footnotes,Value
2000,Coverage of occupational injuries: Reported injuries | Type of rate: Incidence rate (per 100'000 employees),Fatal occupational injuries among employees (rate) [8.8.1],,,Repository: ILO calculations based on Eurostat data | Coverage of occupational injuries: Reported injuries,0.9
2001,Coverage of occupational injuries: Reported injuries | Type of rate: Incidence rate (per 100'000 employees),Fatal occupational injuries among employees (rate) [8.8.1],,,Repository: ILO calculations based on Eurostat data | Coverage of occupational injuries: Reported injuries,0.8
2002,Coverage of occupational injuries: Reported injuries | Type of rate: Incidence rate (per 100'000 employees),Fatal occupational injuries among employees (rate) [8.8.1],,,Repository: ILO calculations based on Eurostat data | Coverage of occupational injuries: Reported injuries,0.7
2003,Coverage of occupational injuries: Reported injuries | Type of rate: Incidence rate (per 100'000 employees),Fatal occupational injuries among employees (rate) [8.8.1],,,Repository: ILO calculations based on Eurostat data | Coverage of occupational injuries: Reported injuries,0.7
2004,Coverage of occupational injuries: Reported injuries | Type of rate: Incidence rate (per 100'000 employees),Fatal occupational injuries among employees (rate) [8.8.1],,,Repository: ILO calculations based on Eurostat data | Coverage of occupational injuries: Reported injuries,0.7
2005,Coverage of occupational injuries: Reported injuries | Type of rate: Incidence rate (per 100'000 employees),Fatal occupational injuries among employees (rate) [8.8.1],,,Repository: ILO calculations based on Eurostat data | Coverage of occupational injuries: Reported injuries,0.6
2006,Coverage of occupational injuries: Reported injuries | Type of rate: Incidence rate (per 100'000 employees),Fatal occupational injuries among employees (rate) [8.8.1],,,Repository: ILO calculations based on Eurostat data | Coverage of occupational injuries: Reported injuries,0.7
2009,Repository: ILO calculations based on Eurostat data | Coverage of occupational injuries: Reported injuries,Fatal occupational injuries among employees (rate) [8.8.1],,,Repository: ILO calculations based on Eurostat data | Coverage of occupational injuries: Reported injuries,0.5
2010,Repository: ILO calculations based on Eurostat data | Coverage of occupational injuries: Reported injuries,Fatal occupational injuries among employees (rate) [8.8.1],,,Repository: ILO calculations based on Eurostat data | Coverage of occupational injuries: Reported injuries,0.5
2011,Repository: ILO calculations based on Eurostat data | Coverage of occupational injuries: Reported injuries,Fatal occupational injuries among employees (rate) [8.8.1],,,Repository: ILO calculations based on Eurostat data | Coverage of occupational injuries: Reported injuries,0.7
2012,Repository: ILO calculations based on Eurostat data | Coverage of occupational injuries: Reported injuries,Fatal occupational injuries among employees (rate) [8.8.1],,,Repository: ILO calculations based on Eurostat data | Coverage of occupational injuries: Reported injuries,0.6
2013,Repository: ILO calculations based on Eurostat data | Coverage of occupational injuries: Reported injuries,Fatal occupational injuries among employees (rate) [8.8.1],,,Repository: ILO calculations based on Eurostat data | Coverage of occupational injuries: Reported injuries,0.9
2014,Repository: ILO calculations based on Eurostat data | Coverage of occupational injuries: Reported injuries,Fatal occupational injuries among employees (rate) [8.8.1],,,Repository: ILO calculations based on Eurostat data | Coverage of occupational injuries: Reported injuries,0.8
2015,Repository: ILO calculations based on Eurostat data | Coverage of occupational injuries: Reported injuries,Fatal occupational injuries among employees (rate) [8.8.1],,,Repository: ILO calculations based on Eurostat data | Coverage of occupational injuries: Reported injuries,0.8
2009,Obs_Value = 0.0;  Repository: ILO calculations based on Eurostat data | Coverage of occupational injuries: Reported injuries,Fatal occupational injuries among employees (rate) [8.8.1],,Migrant Status: EU Migrant,Obs_Value = 0.0;  Repository: ILO calculations based on Eurostat data | Coverage of occupational injuries: Reported injuries,0.0
2010,Obs_Value = 0.0;  Repository: ILO calculations based on Eurostat data | Coverage of occupational injuries: Reported injuries,Fatal occupational injuries among employees (rate) [8.8.1],,Migrant Status: EU Migrant,Obs_Value = 0.0;  Repository: ILO calculations based on Eurostat data | Coverage of occupational injuries: Reported injuries,0.0
2011,Obs_Value = 0.0;  Repository: ILO calculations based on Eurostat data | Coverage of occupational injuries: Reported injuries,Fatal occupational injuries among employees (rate) [8.8.1],,Migrant Status: EU Migrant,Obs_Value = 0.0;  Repository: ILO calculations based on Eurostat data | Coverage of occupational injuries: Reported injuries,0.0
2012,Obs_Value = 0.0;  Repository: ILO calculations based on Eurostat data | Coverage of occupational injuries: Reported injuries,Fatal occupational injuries among employees (rate) [8.8.1],,Migrant Status: EU Migrant,Obs_Value = 0.0;  Repository: ILO calculations based on Eurostat data | Coverage of occupational injuries: Reported injuries,0.0
2013,Obs_Value = 0.0;  Repository: ILO calculations based on Eurostat data | Coverage of occupational injuries: Reported injuries,Fatal occupational injuries among employees (rate) [8.8.1],,Migrant Status: EU Migrant,Obs_Value = 0.0;  Repository: ILO calculations based on Eurostat data | Coverage of occupational injuries: Reported injuries,0.0
2014,Obs_Value = 0.0;  Repository: ILO calculations based on Eurostat data | Coverage of occupational injuries: Reported injuries,Fatal occupational injuries among employees (rate) [8.8.1],,Migrant Status: EU Migrant,Obs_Value = 0.0;  Repository: ILO calculations based on Eurostat data | Coverage of occupational injuries: Reported injuries,0.0
2015,Obs_Value = 0.0;  Repository: ILO calculations based on Eurostat data | Coverage of occupational injuries: Reported injuries,Fatal occupational injuries among employees (rate) [8.8.1],,Migrant Status: EU Migrant,Obs_Value = 0.0;  Repository: ILO calculations based on Eurostat data | Coverage of occupational injuries: Reported injuries,0.0
2009,Obs_Value = 0.0;  Repository: ILO calculations based on Eurostat data | Coverage of occupational injuries: Reported injuries,Fatal occupational injuries among employees (rate) [8.8.1],,Migrant Status: Non-migrant,Obs_Value = 0.0;  Repository: ILO calculations based on Eurostat data | Coverage of occupational injuries: Reported injuries,0.0
2010,Obs_Value = 0.0;  Repository: ILO calculations based on Eurostat data | Coverage of occupational injuries: Reported injuries,Fatal occupational injuries among employees (rate) [8.8.1],,Migrant Status: Non-migrant,Obs_Value = 0.0;  Repository: ILO calculations based on Eurostat data | Coverage of occupational injuries: Reported injuries,0.0
2011,Obs_Value = 0.0;  Repository: ILO calculations based on Eurostat data | Coverage of occupational injuries: Reported injuries,Fatal occupational injuries among employees (rate) [8.8.1],,Migrant Status: Non-migrant,Obs_Value = 0.0;  Repository: ILO calculations based on Eurostat data | Coverage of occupational injuries: Reported injuries,0.0
2012,Obs_Value = 0.0;  Repository: ILO calculations based on Eurostat data | Coverage of occupational injuries: Reported injuries,Fatal occupational injuries among employees (rate) [8.8.1],,Migrant Status: Non-migrant,Obs_Value = 0.0;  Repository: ILO calculations based on Eurostat data | Coverage of occupational injuries: Reported injuries,0.0
2013,Obs_Value = 0.0;  Repository: ILO calculations based on Eurostat data | Coverage of occupational injuries: Reported injuries,Fatal occupational injuries among employees (rate) [8.8.1],,Migrant Status: Non-migrant,Obs_Value = 0.0;  Repository: ILO calculations based on Eurostat data | Coverage of occupational injuries: Reported injuries,0.0
2014,Obs_Value = 0.0;  Repository: ILO calculations based on Eurostat data | Coverage of occupational injuries: Reported injuries,Fatal occupational injuries among employees (rate) [8.8.1],,Migrant Status: Non-migrant,Obs_Value = 0.0;  Repository: ILO calculations based on Eurostat data | Coverage of occupational injuries: Reported injuries,0.0
2015,Obs_Value = 0.0;  Repository: ILO calculations based on Eurostat data | Coverage of occupational injuries: Reported injuries,Fatal occupational injuries among employees (rate) [8.8.1],,Migrant Status: Non-migrant,Obs_Value = 0.0;  Repository: ILO calculations based on Eurostat data | Coverage of occupational injuries: Reported injuries,0.0
2009,Obs_Value = 0.0;  Repository: ILO calculations based on Eurostat data | Coverage of occupational injuries: Reported injuries,Fatal occupational injuries among employees (rate) [8.8.1],,Migrant Status: Non-EU Migrant,Obs_Value = 0.0;  Repository: ILO calculations based on Eurostat data | Coverage of occupational injuries: Reported injuries,0.0
2010,Obs_Value = 0.0;  Repository: ILO calculations based on Eurostat data | Coverage of occupational injuries: Reported injuries,Fatal occupational injuries among employees (rate) [8.8.1],,Migrant Status: Non-EU Migrant,Obs_Value = 0.0;  Repository: ILO calculations based on Eurostat data | Coverage of occupational injuries: Reported injuries,0.0
2011,Obs_Value = 0.0;  Repository: ILO calculations based on Eurostat data | Coverage of occupational injuries: Reported injuries,Fatal occupational injuries among employees (rate) [8.8.1],,Migrant Status: Non-EU Migrant,Obs_Value = 0.0;  Repository: ILO calculations based on Eurostat data | Coverage of occupational injuries: Reported injuries,0.0
2012,Obs_Value = 0.0;  Repository: ILO calculations based on Eurostat data | Coverage of occupational injuries: Reported injuries,Fatal occupational injuries among employees (rate) [8.8.1],,Migrant Status: Non-EU Migrant,Obs_Value = 0.0;  Repository: ILO calculations based on Eurostat data | Coverage of occupational injuries: Reported injuries,0.0
2013,Obs_Value = 0.0;  Repository: ILO calculations based on Eurostat data | Coverage of occupational injuries: Reported injuries,Fatal occupational injuries among employees (rate) [8.8.1],,Migrant Status: Non-EU Migrant,Obs_Value = 0.0;  Repository: ILO calculations based on Eurostat data | Coverage of occupational injuries: Reported injuries,0.0
2014,Repository: ILO calculations based on Eurostat data | Coverage of occupational injuries: Reported injuries,Fatal occupational injuries among employees (rate) [8.8.1],,Migrant Status: Non-EU Migrant,Obs_Value = 0.0;  Repository: ILO calculations based on Eurostat data | Coverage of occupational injuries: Reported injuries,0.2
2015,Obs_Value = 0.0;  Repository: ILO calculations based on Eurostat data | Coverage of occupational injuries: Reported injuries,Fatal occupational injuries among employees (rate) [8.8.1],,Migrant Status: Non-EU Migrant,Obs_Value = 0.0;  Repository: ILO calculations based on Eurostat data | Coverage of occupational injuries: Reported injuries,0.0
2001,Obs_Value = 0.0;  Coverage of occupational injuries: Reported injuries | Type of rate: Incidence rate (per 100'000 employees),Fatal occupational injuries among employees (rate) [8.8.1],Female,,Repository: ILO calculations based on Eurostat data | Coverage of occupational injuries: Reported injuries,0.0
2002,Coverage of occupational injuries: Reported injuries | Type of rate: Incidence rate (per 100'000 employees),Fatal occupational injuries among employees (rate) [8.8.1],Female,,Repository: ILO calculations based on Eurostat data | Coverage of occupational injuries: Reported injuries,0.1
2003,Coverage of occupational injuries: Reported injuries | Type of rate: Incidence rate (per 100'000 employees),Fatal occupational injuries among employees (rate) [8.8.1],Female,,Repository: ILO calculations based on Eurostat data | Coverage of occupational injuries: Reported injuries,0.1
2004,Coverage of occupational injuries: Reported injuries | Type of rate: Incidence rate (per 100'000 employees),Fatal occupational injuries among employees (rate) [8.8.1],Female,,Repository: ILO calculations based on Eurostat data | Coverage of occupational injuries: Reported injuries,0.1
2005,Coverage of occupational injuries: Reported injuries | Type of rate: Incidence rate (per 100'000 employees),Fatal occupational injuries among employees (rate) [8.8.1],Female,,Repository: ILO calculations based on Eurostat data | Coverage of occupational injuries: Reported injuries,0.1
2006,Obs_Value = 0.0;  Coverage of occupational injuries: Reported injuries | Type of rate: Incidence rate (per 100'000 employees),Fatal occupational injuries among employees (rate) [8.8.1],Female,,Repository: ILO calculations based on Eurostat data | Coverage of occupational injuries: Reported injuries,0.0
2009,Repository: ILO calculations based on Eurostat data | Coverage of occupational injuries: Reported injuries,Fatal occupational injuries among employees (rate) [8.8.1],Female,,Repository: ILO calculations based on Eurostat data | Coverage of occupational injuries: Reported injuries,0.1
2010,Repository: ILO calculations based on Eurostat data | Coverage of occupational injuries: Reported injuries,Fatal occupational injuries among employees (rate) [8.8.1],Female,,Repository: ILO calculations based on Eurostat data | Coverage of occupational injuries: Reported injuries,0.1
2011,Repository: ILO calculations based on Eurostat data | Coverage of occupational injuries: Reported injuries,Fatal occupational injuries among employees (rate) [8.8.1],Female,,Repository: ILO calculations based on Eurostat data | Coverage of occupational injuries: Reported injuries,0.1
2012,Repository: ILO calculations based on Eurostat data | Coverage of occupational injuries: Reported injuries,Fatal occupational injuries among employees (rate) [8.8.1],Female,,Repository: ILO calculations based on Eurostat data | Coverage of occupational injuries: Reported injuries,0.1
2013,Repository: ILO calculations based on Eurostat data | Coverage of occupational injuries: Reported injuries,Fatal occupational injuries among employees (rate) [8.8.1],Female,,Repository: ILO calculations based on Eurostat data | Coverage of occupational injuries: Reported injuries,0.2
2014,Repository: ILO calculations based on Eurostat data | Coverage of occupational injuries: Reported injuries,Fatal occupational injuries among employees (rate) [8.8.1],Female,,Repository: ILO calculations based on Eurostat data | Coverage of occupational injuries: Reported injuries,0.2
2015,Repository: ILO calculations based on Eurostat data | Coverage of occupational injuries: Reported injuries,Fatal occupational injuries among employees (rate) [8.8.1],Female,,Repository: ILO calculations based on Eurostat data | Coverage of occupational injuries: Reported injuries,0.2
2009,Obs_Value = 0.0;  Repository: ILO calculations based on Eurostat data | Coverage of occupational injuries: Reported injuries,Fatal occupational injuries among employees (rate) [8.8.1],Female,Migrant Status: EU Migrant,Obs_Value = 0.0;  Repository: ILO calculations based on Eurostat data | Coverage of occupational injuries: Reported injuries,0.0
2010,Obs_Value = 0.0;  Repository: ILO calculations based on Eurostat data | Coverage of occupational injuries: Reported injuries,Fatal occupational injuries among employees (rate) [8.8.1],Female,Migrant Status: EU Migrant,Obs_Value = 0.0;  Repository: ILO calculations based on Eurostat data | Coverage of occupational injuries: Reported injuries,0.0
2011,Obs_Value = 0.0;  Repository: ILO calculations based on Eurostat data | Coverage of occupational injuries: Reported injuries,Fatal occupational injuries among employees (rate) [8.8.1],Female,Migrant Status: EU Migrant,Obs_Value = 0.0;  Repository: ILO calculations based on Eurostat data | Coverage of occupational injuries: Reported injuries,0.0
2012,Obs_Value = 0.0;  Repository: ILO calculations based on Eurostat data | Coverage of occupational injuries: Reported injuries,Fatal occupational injuries among employees (rate) [8.8.1],Female,Migrant Status: EU Migrant,Obs_Value = 0.0;  Repository: ILO calculations based on Eurostat data | Coverage of occupational injuries: Reported injuries,0.0
2013,Obs_Value = 0.0;  Repository: ILO calculations based on Eurostat data | Coverage of occupational injuries: Reported injuries,Fatal occupational injuries among employees (rate) [8.8.1],Female,Migrant Status: EU Migrant,Obs_Value = 0.0;  Repository: ILO calculations based on Eurostat data | Coverage of occupational injuries: Reported injuries,0.0
2014,Obs_Value = 0.0;  Repository: ILO calculations based on Eurostat data | Coverage of occupational injuries: Reported injuries,Fatal occupational injuries among employees (rate) [8.8.1],Female,Migrant Status: EU Migrant,Obs_Value = 0.0;  Repository: ILO calculations based on Eurostat data | Coverage of occupational injuries: Reported injuries,0.0
2015,Obs_Value = 0.0;  Repository: ILO calculations based on Eurostat data | Coverage of occupational injuries: Reported injuries,Fatal occupational injuries among employees (rate) [8.8.1],Female,Migrant Status: EU Migrant,Obs_Value = 0.0;  Repository: ILO calculations based on Eurostat data | Coverage of occupational injuries: Reported injuries,0.0
2009,Obs_Value = 0.0;  Repository: ILO calculations based on Eurostat data | Coverage of occupational injuries: Reported injuries,Fatal occupational injuries among employees (rate) [8.8.1],Female,Migrant Status: Non-migrant,Obs_Value = 0.0;  Repository: ILO calculations based on Eurostat data | Coverage of occupational injuries: Reported injuries,0.0
2010,Obs_Value = 0.0;  Repository: ILO calculations based on Eurostat data | Coverage of occupational injuries: Reported injuries,Fatal occupational injuries among employees (rate) [8.8.1],Female,Migrant Status: Non-migrant,Obs_Value = 0.0;  Repository: ILO calculations based on Eurostat data | Coverage of occupational injuries: Reported injuries,0.0
2011,Obs_Value = 0.0;  Repository: ILO calculations based on Eurostat data | Coverage of occupational injuries: Reported injuries,Fatal occupational injuries among employees (rate) [8.8.1],Female,Migrant Status: Non-migrant,Obs_Value = 0.0;  Repository: ILO calculations based on Eurostat data | Coverage of occupational injuries: Reported injuries,0.0
2012,Obs_Value = 0.0;  Repository: ILO calculations based on Eurostat data | Coverage of occupational injuries: Reported injuries,Fatal occupational injuries among employees (rate) [8.8.1],Female,Migrant Status: Non-migrant,Obs_Value = 0.0;  Repository: ILO calculations based on Eurostat data | Coverage of occupational injuries: Reported injuries,0.0
2013,Obs_Value = 0.0;  Repository: ILO calculations based on Eurostat data | Coverage of occupational injuries: Reported injuries,Fatal occupational injuries among employees (rate) [8.8.1],Female,Migrant Status: Non-migrant,Obs_Value = 0.0;  Repository: ILO calculations based on Eurostat data | Coverage of occupational injuries: Reported injuries,0.0
2014,Obs_Value = 0.0;  Repository: ILO calculations based on Eurostat data | Coverage of occupational injuries: Reported injuries,Fatal occupational injuries among employees (rate) [8.8.1],Female,Migrant Status: Non-migrant,Obs_Value = 0.0;  Repository: ILO calculations based on Eurostat data | Coverage of occupational injuries: Reported injuries,0.0
2015,Obs_Value = 0.0;  Repository: ILO calculations based on Eurostat data | Coverage of occupational injuries: Reported injuries,Fatal occupational injuries among employees (rate) [8.8.1],Female,Migrant Status: Non-migrant,Obs_Value = 0.0;  Repository: ILO calculations based on Eurostat data | Coverage of occupational injuries: Reported injuries,0.0
2009,Obs_Value = 0.0;  Repository: ILO calculations based on Eurostat data | Coverage of occupational injuries: Reported injuries,Fatal occupational injuries among employees (rate) [8.8.1],Female,Migrant Status: Non-EU Migrant,Obs_Value = 0.0;  Repository: ILO calculations based on Eurostat data | Coverage of occupational injuries: Reported injuries,0.0
2010,Obs_Value = 0.0;  Repository: ILO calculations based on Eurostat data | Coverage of occupational injuries: Reported injuries,Fatal occupational injuries among employees (rate) [8.8.1],Female,Migrant Status: Non-EU Migrant,Obs_Value = 0.0;  Repository: ILO calculations based on Eurostat data | Coverage of occupational injuries: Reported injuries,0.0
2011,Obs_Value = 0.0;  Repository: ILO calculations based on Eurostat data | Coverage of occupational injuries: Reported injuries,Fatal occupational injuries among employees (rate) [8.8.1],Female,Migrant Status: Non-EU Migrant,Obs_Value = 0.0;  Repository: ILO calculations based on Eurostat data | Coverage of occupational injuries: Reported injuries,0.0
2012,Obs_Value = 0.0;  Repository: ILO calculations based on Eurostat data | Coverage of occupational injuries: Reported injuries,Fatal occupational injuries among employees (rate) [8.8.1],Female,Migrant Status: Non-EU Migrant,Obs_Value = 0.0;  Repository: ILO calculations based on Eurostat data | Coverage of occupational injuries: Reported injuries,0.0
2013,Obs_Value = 0.0;  Repository: ILO calculations based on Eurostat data | Coverage of occupational injuries: Reported injuries,Fatal occupational injuries among employees (rate) [8.8.1],Female,Migrant Status: Non-EU Migrant,Obs_Value = 0.0;  Repository: ILO calculations based on Eurostat data | Coverage of occupational injuries: Reported injuries,0.0
2014,Obs_Value = 0.0;  Repository: ILO calculations based on Eurostat data | Coverage of occupational injuries: Reported injuries,Fatal occupational injuries among employees (rate) [8.8.1],Female,Migrant Status: Non-EU Migrant,Obs_Value = 0.0;  Repository: ILO calculations based on Eurostat data | Coverage of occupational injuries: Reported injuries,0.0
2015,Obs_Value = 0.0;  Repository: ILO calculations based on Eurostat data | Coverage of occupational injuries: Reported injuries,Fatal occupational injuries among employees (rate) [8.8.1],Female,Migrant Status: Non-EU Migrant,Obs_Value = 0.0;  Repository: ILO calculations based on Eurostat data | Coverage of occupational injuries: Reported injuries,0.0
2000,Coverage of occupational injuries: Reported injuries | Type of rate: Incidence rate (per 100'000 employees),Fatal occupational injuries among employees (rate) [8.8.1],Male,,Repository: ILO calculations based on Eurostat data | Coverage of occupational injuries: Reported injuries,1.6
2001,Coverage of occupational injuries: Reported injuries | Type of rate: Incidence rate (per 100'000 employees),Fatal occupational injuries among employees (rate) [8.8.1],Male,,Repository: ILO calculations based on Eurostat data | Coverage of occupational injuries: Reported injuries,1.6
2002,Coverage of occupational injuries: Reported injuries | Type of rate: Incidence rate (per 100'000 employees),Fatal occupational injuries among employees (rate) [8.8.1],Male,,Repository: ILO calculations based on Eurostat data | Coverage of occupational injuries: Reported injuries,1.4
2003,Coverage of occupational injuries: Reported injuries | Type of rate: Incidence rate (per 100'000 employees),Fatal occupational injuries among employees (rate) [8.8.1],Male,,Repository: ILO calculations based on Eurostat data | Coverage of occupational injuries: Reported injuries,1.3
2004,Coverage of occupational injuries: Reported injuries | Type of rate: Incidence rate (per 100'000 employees),Fatal occupational injuries among employees (rate) [8.8.1],Male,,Repository: ILO calculations based on Eurostat data | Coverage of occupational injuries: Reported injuries,1.3
2005,Coverage of occupational injuries: Reported injuries | Type of rate: Incidence rate (per 100'000 employees),Fatal occupational injuries among employees (rate) [8.8.1],Male,,Repository: ILO calculations based on Eurostat data | Coverage of occupational injuries: Reported injuries,1.2
2006,Coverage of occupational injuries: Reported injuries | Type of rate: Incidence rate (per 100'000 employees),Fatal occupational injuries among employees (rate) [8.8.1],Male,,Repository: ILO calculations based on Eurostat data | Coverage of occupational injuries: Reported injuries,1.4
2009,Repository: ILO calculations based on Eurostat data | Coverage of occupational injuries: Reported injuries,Fatal occupational injuries among employees (rate) [8.8.1],Male,,Repository: ILO calculations based on Eurostat data | Coverage of occupational injuries: Reported injuries,0.9
2010,Repository: ILO calculations based on Eurostat data | Coverage of occupational injuries: Reported injuries,Fatal occupational injuries among employees (rate) [8.8.1],Male,,Repository: ILO calculations based on Eurostat data | Coverage of occupational injuries: Reported injuries,0.9
2011,Repository: ILO calculations based on Eurostat data | Coverage of occupational injuries: Reported injuries,Fatal occupational injuries among employees (rate) [8.8.1],Male,,Repository: ILO calculations based on Eurostat data | Coverage of occupational injuries: Reported injuries,1.2
2012,Repository: ILO calculations based on Eurostat data | Coverage of occupational injuries: Reported injuries,Fatal occupational injuries among employees (rate) [8.8.1],Male,,Repository: ILO calculations based on Eurostat data | Coverage of occupational injuries: Reported injuries,1.0
2013,Repository: ILO calculations based on Eurostat data | Coverage of occupational injuries: Reported injuries,Fatal occupational injuries among employees (rate) [8.8.1],Male,,Repository: ILO calculations based on Eurostat data | Coverage of occupational injuries: Reported injuries,1.6
2014,Repository: ILO calculations based on Eurostat data | Coverage of occupational injuries: Reported injuries,Fatal occupational injuries among employees (rate) [8.8.1],Male,,Repository: ILO calculations based on Eurostat data | Coverage of occupational injuries: Reported injuries,1.4
2015,Repository: ILO calculations based on Eurostat data | Coverage of occupational injuries: Reported injuries,Fatal occupational injuries among employees (rate) [8.8.1],Male,,Repository: ILO calculations based on Eurostat data | Coverage of occupational injuries: Reported injuries,1.4
2009,Obs_Value = 0.0;  Repository: ILO calculations based on Eurostat data | Coverage of occupational injuries: Reported injuries,Fatal occupational injuries among employees (rate) [8.8.1],Male,Migrant Status: EU Migrant,Obs_Value = 0.0;  Repository: ILO calculations based on Eurostat data | Coverage of occupational injuries: Reported injuries,0.0
2010,Obs_Value = 0.0;  Repository: ILO calculations based on Eurostat data | Coverage of occupational injuries: Reported injuries,Fatal occupational injuries among employees (rate) [8.8.1],Male,Migrant Status: EU Migrant,Obs_Value = 0.0;  Repository: ILO calculations based on Eurostat data | Coverage of occupational injuries: Reported injuries,0.0
2011,Obs_Value = 0.0;  Repository: ILO calculations based on Eurostat data | Coverage of occupational injuries: Reported injuries,Fatal occupational injuries among employees (rate) [8.8.1],Male,Migrant Status: EU Migrant,Obs_Value = 0.0;  Repository: ILO calculations based on Eurostat data | Coverage of occupational injuries: Reported injuries,0.0
2012,Obs_Value = 0.0;  Repository: ILO calculations based on Eurostat data | Coverage of occupational injuries: Reported injuries,Fatal occupational injuries among employees (rate) [8.8.1],Male,Migrant Status: EU Migrant,Obs_Value = 0.0;  Repository: ILO calculations based on Eurostat data | Coverage of occupational injuries: Reported injuries,0.0
2013,Obs_Value = 0.0;  Repository: ILO calculations based on Eurostat data | Coverage of occupational injuries: Reported injuries,Fatal occupational injuries among employees (rate) [8.8.1],Male,Migrant Status: EU Migrant,Obs_Value = 0.0;  Repository: ILO calculations based on Eurostat data | Coverage of occupational injuries: Reported injuries,0.0
2014,Obs_Value = 0.0;  Repository: ILO calculations based on Eurostat data | Coverage of occupational injuries: Reported injuries,Fatal occupational injuries among employees (rate) [8.8.1],Male,Migrant Status: EU Migrant,Obs_Value = 0.0;  Repository: ILO calculations based on Eurostat data | Coverage of occupational injuries: Reported injuries,0.0
2015,Obs_Value = 0.0;  Repository: ILO calculations based on Eurostat data | Coverage of occupational injuries: Reported injuries,Fatal occupational injuries among employees (rate) [8.8.1],Male,Migrant Status: EU Migrant,Obs_Value = 0.0;  Repository: ILO calculations based on Eurostat data | Coverage of occupational injuries: Reported injuries,0.0
2009,Obs_Value = 0.0;  Repository: ILO calculations based on Eurostat data | Coverage of occupational injuries: Reported injuries,Fatal occupational injuries among employees (rate) [8.8.1],Male,Migrant Status: Non-migrant,Obs_Value = 0.0;  Repository: ILO calculations based on Eurostat data | Coverage of occupational injuries: Reported injuries,0.0
2010,Obs_Value = 0.0;  Repository: ILO calculations based on Eurostat data | Coverage of occupational injuries: Reported injuries,Fatal occupational injuries among employees (rate) [8.8.1],Male,Migrant Status: Non-migrant,Obs_Value = 0.0;  Repository: ILO calculations based on Eurostat data | Coverage of occupational injuries: Reported injuries,0.0
2011,Obs_Value = 0.0;  Repository: ILO calculations based on Eurostat data | Coverage of occupational injuries: Reported injuries,Fatal occupational injuries among employees (rate) [8.8.1],Male,Migrant Status: Non-migrant,Obs_Value = 0.0;  Repository: ILO calculations based on Eurostat data | Coverage of occupational injuries: Reported injuries,0.0
2012,Obs_Value = 0.0;  Repository: ILO calculations based on Eurostat data | Coverage of occupational injuries: Reported injuries,Fatal occupational injuries among employees (rate) [8.8.1],Male,Migrant Status: Non-migrant,Obs_Value = 0.0;  Repository: ILO calculations based on Eurostat data | Coverage of occupational injuries: Reported injuries,0.0
2013,Obs_Value = 0.0;  Repository: ILO calculations based on Eurostat data | Coverage of occupational injuries: Reported injuries,Fatal occupational injuries among employees (rate) [8.8.1],Male,Migrant Status: Non-migrant,Obs_Value = 0.0;  Repository: ILO calculations based on Eurostat data | Coverage of occupational injuries: Reported injuries,0.0
2014,Repository: ILO calculations based on Eurostat data | Coverage of occupational injuries: Reported injuries,Fatal occupational injuries among employees (rate) [8.8.1],Male,Migrant Status: Non-migrant,Obs_Value = 0.0;  Repository: ILO calculations based on Eurostat data | Coverage of occupational injuries: Reported injuries,0.1
2015,Obs_Value = 0.0;  Repository: ILO calculations based on Eurostat data | Coverage of occupational injuries: Reported injuries,Fatal occupational injuries among employees (rate) [8.8.1],Male,Migrant Status: Non-migrant,Obs_Value = 0.0;  Repository: ILO calculations based on Eurostat data | Coverage of occupational injuries: Reported injuries,0.0
2009,Obs_Value = 0.0;  Repository: ILO calculations based on Eurostat data | Coverage of occupational injuries: Reported injuries,Fatal occupational injuries among employees (rate) [8.8.1],Male,Migrant Status: Non-EU Migrant,Obs_Value = 0.0;  Repository: ILO calculations based on Eurostat data | Coverage of occupational injuries: Reported injuries,0.0
2010,Obs_Value = 0.0;  Repository: ILO calculations based on Eurostat data | Coverage of occupational injuries: Reported injuries,Fatal occupational injuries among employees (rate) [8.8.1],Male,Migrant Status: Non-EU Migrant,Obs_Value = 0.0;  Repository: ILO calculations based on Eurostat data | Coverage of occupational injuries: Reported injuries,0.0
2011,Obs_Value = 0.0;  Repository: ILO calculations based on Eurostat data | Coverage of occupational injuries: Reported injuries,Fatal occupational injuries among employees (rate) [8.8.1],Male,Migrant Status: Non-EU Migrant,Obs_Value = 0.0;  Repository: ILO calculations based on Eurostat data | Coverage of occupational injuries: Reported injuries,0.0
2012,Obs_Value = 0.0;  Repository: ILO calculations based on Eurostat data | Coverage of occupational injuries: Reported injuries,Fatal occupational injuries among employees (rate) [8.8.1],Male,Migrant Status: Non-EU Migrant,Obs_Value = 0.0;  Repository: ILO calculations based on Eurostat data | Coverage of occupational injuries: Reported injuries,0.0
2013,Obs_Value = 0.0;  Repository: ILO calculations based on Eurostat data | Coverage of occupational injuries: Reported injuries,Fatal occupational injuries among employees (rate) [8.8.1],Male,Migrant Status: Non-EU Migrant,Obs_Value = 0.0;  Repository: ILO calculations based on Eurostat data | Coverage of occupational injuries: Reported injuries,0.0
2014,Repository: ILO calculations based on Eurostat data | Coverage of occupational injuries: Reported injuries,Fatal occupational injuries among employees (rate) [8.8.1],Male,Migrant Status: Non-EU Migrant,Obs_Value = 0.0;  Repository: ILO calculations based on Eurostat data | Coverage of occupational injuries: Reported injuries,0.3
2015,Obs_Value = 0.0;  Repository: ILO calculations based on Eurostat data | Coverage of occupational injuries: Reported injuries,Fatal occupational injuries among employees (rate) [8.8.1],Male,Migrant Status: Non-EU Migrant,Obs_Value = 0.0;  Repository: ILO calculations based on Eurostat data | Coverage of occupational injuries: Reported injuries,0.0
2000,Coverage of occupational injuries: Reported injuries | Type of rate: Incidence rate (per 100'000 employees),Non-fatal occupational injuries among employees (rate) [8.8.1],,,Repository: ILO calculations based on Eurostat data | Reference group coverage: Employees | Coverage of occupational injuries: Reported injuries | Definition of permanent incapacity: Permanent incapacity is defined as 183 or days of absence from work,645.2
2001,Coverage of occupational injuries: Reported injuries | Type of rate: Incidence rate (per 100'000 employees),Non-fatal occupational injuries among employees (rate) [8.8.1],,,Repository: ILO calculations based on Eurostat data | Reference group coverage: Employees | Coverage of occupational injuries: Reported injuries | Definition of permanent incapacity: Permanent incapacity is defined as 183 or days of absence from work,623.3
2002,Coverage of occupational injuries: Reported injuries | Type of rate: Incidence rate (per 100'000 employees),Non-fatal occupational injuries among employees (rate) [8.8.1],,,Repository: ILO calculations based on Eurostat data | Reference group coverage: Employees | Coverage of occupational injuries: Reported injuries | Definition of permanent incapacity: Permanent incapacity is defined as 183 or days of absence from work,614.5
2003,Coverage of occupational injuries: Reported injuries | Type of rate: Incidence rate (per 100'000 employees),Non-fatal occupational injuries among employees (rate) [8.8.1],,,Repository: ILO calculations based on Eurostat data | Reference group coverage: Employees | Coverage of occupational injuries: Reported injuries | Definition of permanent incapacity: Permanent incapacity is defined as 183 or days of absence from work,630.0
2004,Coverage of occupational injuries: Reported injuries | Type of rate: Incidence rate (per 100'000 employees),Non-fatal occupational injuries among employees (rate) [8.8.1],,,Repository: ILO calculations based on Eurostat data | Reference group coverage: Employees | Coverage of occupational injuries: Reported injuries | Definition of permanent incapacity: Permanent incapacity is defined as 183 or days of absence from work,585.0
2005,Coverage of occupational injuries: Reported injuries | Type of rate: Incidence rate (per 100'000 employees),Non-fatal occupational injuries among employees (rate) [8.8.1],,,Repository: ILO calculations based on Eurostat data | Reference group coverage: Employees | Coverage of occupational injuries: Reported injuries | Definition of permanent incapacity: Permanent incapacity is defined as 183 or days of absence from work,562.0
2006,Coverage of occupational injuries: Reported injuries | Type of rate: Incidence rate (per 100'000 employees),Non-fatal occupational injuries among employees (rate) [8.8.1],,,Repository: ILO calculations based on Eurostat data | Reference group coverage: Employees | Coverage of occupational injuries: Reported injuries | Definition of permanent incapacity: Permanent incapacity is defined as 183 or days of absence from work,514.6
2009,Repository: ILO calculations based on Eurostat data | Reference group coverage: Employees | Coverage of occupational injuries: Reported injuries | Definition of permanent incapacity: Permanent incapacity is defined as 183 or days of absence from work,Non-fatal occupational injuries among employees (rate) [8.8.1],,,Repository: ILO calculations based on Eurostat data | Reference group coverage: Employees | Coverage of occupational injuries: Reported injuries | Definition of permanent incapacity: Permanent incapacity is defined as 183 or days of absence from work,912.8
2010,Repository: ILO calculations based on Eurostat data | Reference group coverage: Employees | Coverage of occupational injuries: Reported injuries | Definition of permanent incapacity: Permanent incapacity is defined as 183 or days of absence from work,Non-fatal occupational injuries among employees (rate) [8.8.1],,,Repository: ILO calculations based on Eurostat data | Reference group coverage: Employees | Coverage of occupational injuries: Reported injuries | Definition of permanent incapacity: Permanent incapacity is defined as 183 or days of absence from work,906.0
2011,Repository: ILO calculations based on Eurostat data | Reference group coverage: Employees | Coverage of occupational injuries: Reported injuries | Definition of permanent incapacity: Permanent incapacity is defined as 183 or days of absence from work,Non-fatal occupational injuries among employees (rate) [8.8.1],,,Repository: ILO calculations based on Eurostat data | Reference group coverage: Employees | Coverage of occupational injuries: Reported injuries | Definition of permanent incapacity: Permanent incapacity is defined as 183 or days of absence from work,864.7
2012,Repository: ILO calculations based on Eurostat data | Reference group coverage: Employees | Coverage of occupational injuries: Reported injuries | Definition of permanent incapacity: Permanent incapacity is defined as 183 or days of absence from work,Non-fatal occupational injuries among employees (rate) [8.8.1],,,Repository: ILO calculations based on Eurostat data | Reference group coverage: Employees | Coverage of occupational injuries: Reported injuries | Definition of permanent incapacity: Permanent incapacity is defined as 183 or days of absence from work,776.3
2013,Repository: ILO calculations based on Eurostat data | Reference group coverage: Employees | Coverage of occupational injuries: Reported injuries | Definition of permanent incapacity: Permanent incapacity is defined as 183 or days of absence from work,Non-fatal occupational injuries among employees (rate) [8.8.1],,,Repository: ILO calculations based on Eurostat data | Reference group coverage: Employees | Coverage of occupational injuries: Reported injuries | Definition of permanent incapacity: Permanent incapacity is defined as 183 or days of absence from work,831.5
2014,Repository: ILO calculations based on Eurostat data | Reference group coverage: Employees | Coverage of occupational injuries: Reported injuries | Definition of permanent incapacity: Permanent incapacity is defined as 183 or days of absence from work,Non-fatal occupational injuries among employees (rate) [8.8.1],,,Repository: ILO calculations based on Eurostat data | Reference group coverage: Employees | Coverage of occupational injuries: Reported injuries | Definition of permanent incapacity: Permanent incapacity is defined as 183 or days of absence from work,827.1
2015,Repository: ILO calculations based on Eurostat data | Reference group coverage: Employees | Coverage of occupational injuries: Reported injuries | Definition of permanent incapacity: Permanent incapacity is defined as 183 or days of absence from work,Non-fatal occupational injuries among employees (rate) [8.8.1],,,Repository: ILO calculations based on Eurostat data | Reference group coverage: Employees | Coverage of occupational injuries: Reported injuries | Definition of permanent incapacity: Permanent incapacity is defined as 183 or days of absence from work,759.6
2009,Obs_Value = 0.0;  Repository: ILO calculations based on Eurostat data | Reference group coverage: Employees | Coverage of occupational injuries: Reported injuries | Definition of permanent incapacity: Permanent incapacity is defined as 183 or days of absence from work,Non-fatal occupational injuries among employees (rate) [8.8.1],,Migrant Status: EU Migrant,Obs_Value = 0.0;  Repository: ILO calculations based on Eurostat data | Reference group coverage: Employees | Coverage of occupational injuries: Reported injuries | Definition of permanent incapacity: Permanent incapacity is defined as 183 or days of absence from work,0.0
2010,Obs_Value = 0.0;  Repository: ILO calculations based on Eurostat data | Reference group coverage: Employees | Coverage of occupational injuries: Reported injuries | Definition of permanent incapacity: Permanent incapacity is defined as 183 or days of absence from work,Non-fatal occupational injuries among employees (rate) [8.8.1],,Migrant Status: EU Migrant,Obs_Value = 0.0;  Repository: ILO calculations based on Eurostat data | Reference group coverage: Employees | Coverage of occupational injuries: Reported injuries | Definition of permanent incapacity: Permanent incapacity is defined as 183 or days of absence from work,0.0
2011,Obs_Value = 0.0;  Repository: ILO calculations based on Eurostat data | Reference group coverage: Employees | Coverage of occupational injuries: Reported injuries | Definition of permanent incapacity: Permanent incapacity is defined as 183 or days of absence from work,Non-fatal occupational injuries among employees (rate) [8.8.1],,Migrant Status: EU Migrant,Obs_Value = 0.0;  Repository: ILO calculations based on Eurostat data | Reference group coverage: Employees | Coverage of occupational injuries: Reported injuries | Definition of permanent incapacity: Permanent incapacity is defined as 183 or days of absence from work,0.0
2012,Obs_Value = 0.0;  Repository: ILO calculations based on Eurostat data | Reference group coverage: Employees | Coverage of occupational injuries: Reported injuries | Definition of permanent incapacity: Permanent incapacity is defined as 183 or days of absence from work,Non-fatal occupational injuries among employees (rate) [8.8.1],,Migrant Status: EU Migrant,Obs_Value = 0.0;  Repository: ILO calculations based on Eurostat data | Reference group coverage: Employees | Coverage of occupational injuries: Reported injuries | Definition of permanent incapacity: Permanent incapacity is defined as 183 or days of absence from work,0.0
2013,Obs_Value = 0.0;  Repository: ILO calculations based on Eurostat data | Reference group coverage: Employees | Coverage of occupational injuries: Reported injuries | Definition of permanent incapacity: Permanent incapacity is defined as 183 or days of absence from work,Non-fatal occupational injuries among employees (rate) [8.8.1],,Migrant Status: EU Migrant,Obs_Value = 0.0;  Repository: ILO calculations based on Eurostat data | Reference group coverage: Employees | Coverage of occupational injuries: Reported injuries | Definition of permanent incapacity: Permanent incapacity is defined as 183 or days of absence from work,0.0
2014,Repository: ILO calculations based on Eurostat data | Reference group coverage: Employees | Coverage of occupational injuries: Reported injuries | Definition of permanent incapacity: Permanent incapacity is defined as 183 or days of absence from work,Non-fatal occupational injuries among employees (rate) [8.8.1],,Migrant Status: EU Migrant,Obs_Value = 0.0;  Repository: ILO calculations based on Eurostat data | Reference group coverage: Employees | Coverage of occupational injuries: Reported injuries | Definition of permanent incapacity: Permanent incapacity is defined as 183 or days of absence from work,3.1
2015,Obs_Value = 0.0;  Repository: ILO calculations based on Eurostat data | Reference group coverage: Employees | Coverage of occupational injuries: Reported injuries | Definition of permanent incapacity: Permanent incapacity is defined as 183 or days of absence from work,Non-fatal occupational injuries among employees (rate) [8.8.1],,Migrant Status: EU Migrant,Obs_Value = 0.0;  Repository: ILO calculations based on Eurostat data | Reference group coverage: Employees | Coverage of occupational injuries: Reported injuries | Definition of permanent incapacity: Permanent incapacity is defined as 183 or days of absence from work,0.0
2009,Obs_Value = 0.0;  Repository: ILO calculations based on Eurostat data | Reference group coverage: Employees | Coverage of occupational injuries: Reported injuries | Definition of permanent incapacity: Permanent incapacity is defined as 183 or days of absence from work,Non-fatal occupational injuries among employees (rate) [8.8.1],,Migrant Status: Non-migrant,Obs_Value = 0.0;  Repository: ILO calculations based on Eurostat data | Reference group coverage: Employees | Coverage of occupational injuries: Reported injuries | Definition of permanent incapacity: Permanent incapacity is defined as 183 or days of absence from work,0.0
2010,Repository: ILO calculations based on Eurostat data | Reference group coverage: Employees | Coverage of occupational injuries: Reported injuries | Definition of permanent incapacity: Permanent incapacity is defined as 183 or days of absence from work,Non-fatal occupational injuries among employees (rate) [8.8.1],,Migrant Status: Non-migrant,Obs_Value = 0.0;  Repository: ILO calculations based on Eurostat data | Reference group coverage: Employees | Coverage of occupational injuries: Reported injuries | Definition of permanent incapacity: Permanent incapacity is defined as 183 or days of absence from work,987.3
2011,Obs_Value = 0.0;  Repository: ILO calculations based on Eurostat data | Reference group coverage: Employees | Coverage of occupational injuries: Reported injuries | Definition of permanent incapacity: Permanent incapacity is defined as 183 or days of absence from work,Non-fatal occupational injuries among employees (rate) [8.8.1],,Migrant Status: Non-migrant,Obs_Value = 0.0;  Repository: ILO calculations based on Eurostat data | Reference group coverage: Employees | Coverage of occupational injuries: Reported injuries | Definition of permanent incapacity: Permanent incapacity is defined as 183 or days of absence from work,0.0
2012,Obs_Value = 0.0;  Repository: ILO calculations based on Eurostat data | Reference group coverage: Employees | Coverage of occupational injuries: Reported injuries | Definition of permanent incapacity: Permanent incapacity is defined as 183 or days of absence from work,Non-fatal occupational injuries among employees (rate) [8.8.1],,Migrant Status: Non-migrant,Obs_Value = 0.0;  Repository: ILO calculations based on Eurostat data | Reference group coverage: Employees | Coverage of occupational injuries: Reported injuries | Definition of permanent incapacity: Permanent incapacity is defined as 183 or days of absence from work,0.0
2013,Obs_Value = 0.0;  Repository: ILO calculations based on Eurostat data | Reference group coverage: Employees | Coverage of occupational injuries: Reported injuries | Definition of permanent incapacity: Permanent incapacity is defined as 183 or days of absence from work,Non-fatal occupational injuries among employees (rate) [8.8.1],,Migrant Status: Non-migrant,Obs_Value = 0.0;  Repository: ILO calculations based on Eurostat data | Reference group coverage: Employees | Coverage of occupational injuries: Reported injuries | Definition of permanent incapacity: Permanent incapacity is defined as 183 or days of absence from work,0.0
2014,Repository: ILO calculations based on Eurostat data | Reference group coverage: Employees | Coverage of occupational injuries: Reported injuries | Definition of permanent incapacity: Permanent incapacity is defined as 183 or days of absence from work,Non-fatal occupational injuries among employees (rate) [8.8.1],,Migrant Status: Non-migrant,Obs_Value = 0.0;  Repository: ILO calculations based on Eurostat data | Reference group coverage: Employees | Coverage of occupational injuries: Reported injuries | Definition of permanent incapacity: Permanent incapacity is defined as 183 or days of absence from work,1.4
2015,Obs_Value = 0.0;  Repository: ILO calculations based on Eurostat data | Reference group coverage: Employees | Coverage of occupational injuries: Reported injuries | Definition of permanent incapacity: Permanent incapacity is defined as 183 or days of absence from work,Non-fatal occupational injuries among employees (rate) [8.8.1],,Migrant Status: Non-migrant,Obs_Value = 0.0;  Repository: ILO calculations based on Eurostat data | Reference group coverage: Employees | Coverage of occupational injuries: Reported injuries | Definition of permanent incapacity: Permanent incapacity is defined as 183 or days of absence from work,0.0
2009,Obs_Value = 0.0;  Repository: ILO calculations based on Eurostat data | Reference group coverage: Employees | Coverage of occupational injuries: Reported injuries | Definition of permanent incapacity: Permanent incapacity is defined as 183 or days of absence from work,Non-fatal occupational injuries among employees (rate) [8.8.1],,Migrant Status: Non-EU Migrant,Obs_Value = 0.0;  Repository: ILO calculations based on Eurostat data | Reference group coverage: Employees | Coverage of occupational injuries: Reported injuries | Definition of permanent incapacity: Permanent incapacity is defined as 183 or days of absence from work,0.0
2010,Obs_Value = 0.0;  Repository: ILO calculations based on Eurostat data | Reference group coverage: Employees | Coverage of occupational injuries: Reported injuries | Definition of permanent incapacity: Permanent incapacity is defined as 183 or days of absence from work,Non-fatal occupational injuries among employees (rate) [8.8.1],,Migrant Status: Non-EU Migrant,Obs_Value = 0.0;  Repository: ILO calculations based on Eurostat data | Reference group coverage: Employees | Coverage of occupational injuries: Reported injuries | Definition of permanent incapacity: Permanent incapacity is defined as 183 or days of absence from work,0.0
2011,Obs_Value = 0.0;  Repository: ILO calculations based on Eurostat data | Reference group coverage: Employees | Coverage of occupational injuries: Reported injuries | Definition of permanent incapacity: Permanent incapacity is defined as 183 or days of absence from work,Non-fatal occupational injuries among employees (rate) [8.8.1],,Migrant Status: Non-EU Migrant,Obs_Value = 0.0;  Repository: ILO calculations based on Eurostat data | Reference group coverage: Employees | Coverage of occupational injuries: Reported injuries | Definition of permanent incapacity: Permanent incapacity is defined as 183 or days of absence from work,0.0
2012,Obs_Value = 0.0;  Repository: ILO calculations based on Eurostat data | Reference group coverage: Employees | Coverage of occupational injuries: Reported injuries | Definition of permanent incapacity: Permanent incapacity is defined as 183 or days of absence from work,Non-fatal occupational injuries among employees (rate) [8.8.1],,Migrant Status: Non-EU Migrant,Obs_Value = 0.0;  Repository: ILO calculations based on Eurostat data | Reference group coverage: Employees | Coverage of occupational injuries: Reported injuries | Definition of permanent incapacity: Permanent incapacity is defined as 183 or days of absence from work,0.0
2013,Obs_Value = 0.0;  Repository: ILO calculations based on Eurostat data | Reference group coverage: Employees | Coverage of occupational injuries: Reported injuries | Definition of permanent incapacity: Permanent incapacity is defined as 183 or days of absence from work,Non-fatal occupational injuries among employees (rate) [8.8.1],,Migrant Status: Non-EU Migrant,Obs_Value = 0.0;  Repository: ILO calculations based on Eurostat data | Reference group coverage: Employees | Coverage of occupational injuries: Reported injuries | Definition of permanent incapacity: Permanent incapacity is defined as 183 or days of absence from work,0.0
2014,Repository: ILO calculations based on Eurostat data | Reference group coverage: Employees | Coverage of occupational injuries: Reported injuries | Definition of permanent incapacity: Permanent incapacity is defined as 183 or days of absence from work,Non-fatal occupational injuries among employees (rate) [8.8.1],,Migrant Status: Non-EU Migrant,Obs_Value = 0.0;  Repository: ILO calculations based on Eurostat data | Reference group coverage: Employees | Coverage of occupational injuries: Reported injuries | Definition of permanent incapacity: Permanent incapacity is defined as 183 or days of absence from work,3.1
2015,Obs_Value = 0.0;  Repository: ILO calculations based on Eurostat data | Reference group coverage: Employees | Coverage of occupational injuries: Reported injuries | Definition of permanent incapacity: Permanent incapacity is defined as 183 or days of absence from work,Non-fatal occupational injuries among employees (rate) [8.8.1],,Migrant Status: Non-EU Migrant,Obs_Value = 0.0;  Repository: ILO calculations based on Eurostat data | Reference group coverage: Employees | Coverage of occupational injuries: Reported injuries | Definition of permanent incapacity: Permanent incapacity is defined as 183 or days of absence from work,0.0
2000,Coverage of occupational injuries: Reported injuries | Type of rate: Incidence rate (per 100'000 employees),Non-fatal occupational injuries among employees (rate) [8.8.1],Female,,Repository: ILO calculations based on Eurostat data | Reference group coverage: Employees | Coverage of occupational injuries: Reported injuries | Definition of permanent incapacity: Permanent incapacity is defined as 183 or days of absence from work,333.9
2001,Coverage of occupational injuries: Reported injuries | Type of rate: Incidence rate (per 100'000 employees),Non-fatal occupational injuries among employees (rate) [8.8.1],Female,,Repository: ILO calculations based on Eurostat data | Reference group coverage: Employees | Coverage of occupational injuries: Reported injuries | Definition of permanent incapacity: Permanent incapacity is defined as 183 or days of absence from work,319.5
2002,Coverage of occupational injuries: Reported injuries | Type of rate: Incidence rate (per 100'000 employees),Non-fatal occupational injuries among employees (rate) [8.8.1],Female,,Repository: ILO calculations based on Eurostat data | Reference group coverage: Employees | Coverage of occupational injuries: Reported injuries | Definition of permanent incapacity: Permanent incapacity is defined as 183 or days of absence from work,320.2
2003,Coverage of occupational injuries: Reported injuries | Type of rate: Incidence rate (per 100'000 employees),Non-fatal occupational injuries among employees (rate) [8.8.1],Female,,Repository: ILO calculations based on Eurostat data | Reference group coverage: Employees | Coverage of occupational injuries: Reported injuries | Definition of permanent incapacity: Permanent incapacity is defined as 183 or days of absence from work,347.0
2004,Coverage of occupational injuries: Reported injuries | Type of rate: Incidence rate (per 100'000 employees),Non-fatal occupational injuries among employees (rate) [8.8.1],Female,,Repository: ILO calculations based on Eurostat data | Reference group coverage: Employees | Coverage of occupational injuries: Reported injuries | Definition of permanent incapacity: Permanent incapacity is defined as 183 or days of absence from work,327.0
2005,Coverage of occupational injuries: Reported injuries | Type of rate: Incidence rate (per 100'000 employees),Non-fatal occupational injuries among employees (rate) [8.8.1],Female,,Repository: ILO calculations based on Eurostat data | Reference group coverage: Employees | Coverage of occupational injuries: Reported injuries | Definition of permanent incapacity: Permanent incapacity is defined as 183 or days of absence from work,323.6
2006,Coverage of occupational injuries: Reported injuries | Type of rate: Incidence rate (per 100'000 employees),Non-fatal occupational injuries among employees (rate) [8.8.1],Female,,Repository: ILO calculations based on Eurostat data | Reference group coverage: Employees | Coverage of occupational injuries: Reported injuries | Definition of permanent incapacity: Permanent incapacity is defined as 183 or days of absence from work,301.4
2009,Repository: ILO calculations based on Eurostat data | Reference group coverage: Employees | Coverage of occupational injuries: Reported injuries | Definition of permanent incapacity: Permanent incapacity is defined as 183 or days of absence from work,Non-fatal occupational injuries among employees (rate) [8.8.1],Female,,Repository: ILO calculations based on Eurostat data | Reference group coverage: Employees | Coverage of occupational injuries: Reported injuries | Definition of permanent incapacity: Permanent incapacity is defined as 183 or days of absence from work,677.2
2010,Repository: ILO calculations based on Eurostat data | Reference group coverage: Employees | Coverage of occupational injuries: Reported injuries | Definition of permanent incapacity: Permanent incapacity is defined as 183 or days of absence from work,Non-fatal occupational injuries among employees (rate) [8.8.1],Female,,Repository: ILO calculations based on Eurostat data | Reference group coverage: Employees | Coverage of occupational injuries: Reported injuries | Definition of permanent incapacity: Permanent incapacity is defined as 183 or days of absence from work,687.9
2011,Repository: ILO calculations based on Eurostat data | Reference group coverage: Employees | Coverage of occupational injuries: Reported injuries | Definition of permanent incapacity: Permanent incapacity is defined as 183 or days of absence from work,Non-fatal occupational injuries among employees (rate) [8.8.1],Female,,Repository: ILO calculations based on Eurostat data | Reference group coverage: Employees | Coverage of occupational injuries: Reported injuries | Definition of permanent incapacity: Permanent incapacity is defined as 183 or days of absence from work,656.9
2012,Repository: ILO calculations based on Eurostat data | Reference group coverage: Employees | Coverage of occupational injuries: Reported injuries | Definition of permanent incapacity: Permanent incapacity is defined as 183 or days of absence from work,Non-fatal occupational injuries among employees (rate) [8.8.1],Female,,Repository: ILO calculations based on Eurostat data | Reference group coverage: Employees | Coverage of occupational injuries: Reported injuries | Definition of permanent incapacity: Permanent incapacity is defined as 183 or days of absence from work,614.6
2013,Repository: ILO calculations based on Eurostat data | Reference group coverage: Employees | Coverage of occupational injuries: Reported injuries | Definition of permanent incapacity: Permanent incapacity is defined as 183 or days of absence from work,Non-fatal occupational injuries among employees (rate) [8.8.1],Female,,Repository: ILO calculations based on Eurostat data | Reference group coverage: Employees | Coverage of occupational injuries: Reported injuries | Definition of permanent incapacity: Permanent incapacity is defined as 183 or days of absence from work,645.9
2014,Repository: ILO calculations based on Eurostat data | Reference group coverage: Employees | Coverage of occupational injuries: Reported injuries | Definition of permanent incapacity: Permanent incapacity is defined as 183 or days of absence from work,Non-fatal occupational injuries among employees (rate) [8.8.1],Female,,Repository: ILO calculations based on Eurostat data | Reference group coverage: Employees | Coverage of occupational injuries: Reported injuries | Definition of permanent incapacity: Permanent incapacity is defined as 183 or days of absence from work,632.8
2015,Repository: ILO calculations based on Eurostat data | Reference group coverage: Employees | Coverage of occupational injuries: Reported injuries | Definition of permanent incapacity: Permanent incapacity is defined as 183 or days of absence from work,Non-fatal occupational injuries among employees (rate) [8.8.1],Female,,Repository: ILO calculations based on Eurostat data | Reference group coverage: Employees | Coverage of occupational injuries: Reported injuries | Definition of permanent incapacity: Permanent incapacity is defined as 183 or days of absence from work,589.3
2009,Obs_Value = 0.0;  Repository: ILO calculations based on Eurostat data | Reference group coverage: Employees | Coverage of occupational injuries: Reported injuries | Definition of permanent incapacity: Permanent incapacity is defined as 183 or days of absence from work,Non-fatal occupational injuries among employees (rate) [8.8.1],Female,Migrant Status: EU Migrant,Obs_Value = 0.0;  Repository: ILO calculations based on Eurostat data | Reference group coverage: Employees | Coverage of occupational injuries: Reported injuries | Definition of permanent incapacity: Permanent incapacity is defined as 183 or days of absence from work,0.0
2010,Obs_Value = 0.0;  Repository: ILO calculations based on Eurostat data | Reference group coverage: Employees | Coverage of occupational injuries: Reported injuries | Definition of permanent incapacity: Permanent incapacity is defined as 183 or days of absence from work,Non-fatal occupational injuries among employees (rate) [8.8.1],Female,Migrant Status: EU Migrant,Obs_Value = 0.0;  Repository: ILO calculations based on Eurostat data | Reference group coverage: Employees | Coverage of occupational injuries: Reported injuries | Definition of permanent incapacity: Permanent incapacity is defined as 183 or days of absence from work,0.0
2011,Obs_Value = 0.0;  Repository: ILO calculations based on Eurostat data | Reference group coverage: Employees | Coverage of occupational injuries: Reported injuries | Definition of permanent incapacity: Permanent incapacity is defined as 183 or days of absence from work,Non-fatal occupational injuries among employees (rate) [8.8.1],Female,Migrant Status: EU Migrant,Obs_Value = 0.0;  Repository: ILO calculations based on Eurostat data | Reference group coverage: Employees | Coverage of occupational injuries: Reported injuries | Definition of permanent incapacity: Permanent incapacity is defined as 183 or days of absence from work,0.0
2012,Obs_Value = 0.0;  Repository: ILO calculations based on Eurostat data | Reference group coverage: Employees | Coverage of occupational injuries: Reported injuries | Definition of permanent incapacity: Permanent incapacity is defined as 183 or days of absence from work,Non-fatal occupational injuries among employees (rate) [8.8.1],Female,Migrant Status: EU Migrant,Obs_Value = 0.0;  Repository: ILO calculations based on Eurostat data | Reference group coverage: Employees | Coverage of occupational injuries: Reported injuries | Definition of permanent incapacity: Permanent incapacity is defined as 183 or days of absence from work,0.0
2013,Obs_Value = 0.0;  Repository: ILO calculations based on Eurostat data | Reference group coverage: Employees | Coverage of occupational injuries: Reported injuries | Definition of permanent incapacity: Permanent incapacity is defined as 183 or days of absence from work,Non-fatal occupational injuries among employees (rate) [8.8.1],Female,Migrant Status: EU Migrant,Obs_Value = 0.0;  Repository: ILO calculations based on Eurostat data | Reference group coverage: Employees | Coverage of occupational injuries: Reported injuries | Definition of permanent incapacity: Permanent incapacity is defined as 183 or days of absence from work,0.0
2014,Repository: ILO calculations based on Eurostat data | Reference group coverage: Employees | Coverage of occupational injuries: Reported injuries | Definition of permanent incapacity: Permanent incapacity is defined as 183 or days of absence from work,Non-fatal occupational injuries among employees (rate) [8.8.1],Female,Migrant Status: EU Migrant,Obs_Value = 0.0;  Repository: ILO calculations based on Eurostat data | Reference group coverage: Employees | Coverage of occupational injuries: Reported injuries | Definition of permanent incapacity: Permanent incapacity is defined as 183 or days of absence from work,1.2
2015,Obs_Value = 0.0;  Repository: ILO calculations based on Eurostat data | Reference group coverage: Employees | Coverage of occupational injuries: Reported injuries | Definition of permanent incapacity: Permanent incapacity is defined as 183 or days of absence from work,Non-fatal occupational injuries among employees (rate) [8.8.1],Female,Migrant Status: EU Migrant,Obs_Value = 0.0;  Repository: ILO calculations based on Eurostat data | Reference group coverage: Employees | Coverage of occupational injuries: Reported injuries | Definition of permanent incapacity: Permanent incapacity is defined as 183 or days of absence from work,0.0
2009,Obs_Value = 0.0;  Repository: ILO calculations based on Eurostat data | Reference group coverage: Employees | Coverage of occupational injuries: Reported injuries | Definition of permanent incapacity: Permanent incapacity is defined as 183 or days of absence from work,Non-fatal occupational injuries among employees (rate) [8.8.1],Female,Migrant Status: Non-migrant,Obs_Value = 0.0;  Repository: ILO calculations based on Eurostat data | Reference group coverage: Employees | Coverage of occupational injuries: Reported injuries | Definition of permanent incapacity: Permanent incapacity is defined as 183 or days of absence from work,0.0
2010,Repository: ILO calculations based on Eurostat data | Reference group coverage: Employees | Coverage of occupational injuries: Reported injuries | Definition of permanent incapacity: Permanent incapacity is defined as 183 or days of absence from work,Non-fatal occupational injuries among employees (rate) [8.8.1],Female,Migrant Status: Non-migrant,Obs_Value = 0.0;  Repository: ILO calculations based on Eurostat data | Reference group coverage: Employees | Coverage of occupational injuries: Reported injuries | Definition of permanent incapacity: Permanent incapacity is defined as 183 or days of absence from work,747.0
2011,Obs_Value = 0.0;  Repository: ILO calculations based on Eurostat data | Reference group coverage: Employees | Coverage of occupational injuries: Reported injuries | Definition of permanent incapacity: Permanent incapacity is defined as 183 or days of absence from work,Non-fatal occupational injuries among employees (rate) [8.8.1],Female,Migrant Status: Non-migrant,Obs_Value = 0.0;  Repository: ILO calculations based on Eurostat data | Reference group coverage: Employees | Coverage of occupational injuries: Reported injuries | Definition of permanent incapacity: Permanent incapacity is defined as 183 or days of absence from work,0.0
2012,Obs_Value = 0.0;  Repository: ILO calculations based on Eurostat data | Reference group coverage: Employees | Coverage of occupational injuries: Reported injuries | Definition of permanent incapacity: Permanent incapacity is defined as 183 or days of absence from work,Non-fatal occupational injuries among employees (rate) [8.8.1],Female,Migrant Status: Non-migrant,Obs_Value = 0.0;  Repository: ILO calculations based on Eurostat data | Reference group coverage: Employees | Coverage of occupational injuries: Reported injuries | Definition of permanent incapacity: Permanent incapacity is defined as 183 or days of absence from work,0.0
2013,Obs_Value = 0.0;  Repository: ILO calculations based on Eurostat data | Reference group coverage: Employees | Coverage of occupational injuries: Reported injuries | Definition of permanent incapacity: Permanent incapacity is defined as 183 or days of absence from work,Non-fatal occupational injuries among employees (rate) [8.8.1],Female,Migrant Status: Non-migrant,Obs_Value = 0.0;  Repository: ILO calculations based on Eurostat data | Reference group coverage: Employees | Coverage of occupational injuries: Reported injuries | Definition of permanent incapacity: Permanent incapacity is defined as 183 or days of absence from work,0.0
2014,Repository: ILO calculations based on Eurostat data | Reference group coverage: Employees | Coverage of occupational injuries: Reported injuries | Definition of permanent incapacity: Permanent incapacity is defined as 183 or days of absence from work,Non-fatal occupational injuries among employees (rate) [8.8.1],Female,Migrant Status: Non-migrant,Obs_Value = 0.0;  Repository: ILO calculations based on Eurostat data | Reference group coverage: Employees | Coverage of occupational injuries: Reported injuries | Definition of permanent incapacity: Permanent incapacity is defined as 183 or days of absence from work,0.3
2015,Obs_Value = 0.0;  Repository: ILO calculations based on Eurostat data | Reference group coverage: Employees | Coverage of occupational injuries: Reported injuries | Definition of permanent incapacity: Permanent incapacity is defined as 183 or days of absence from work,Non-fatal occupational injuries among employees (rate) [8.8.1],Female,Migrant Status: Non-migrant,Obs_Value = 0.0;  Repository: ILO calculations based on Eurostat data | Reference group coverage: Employees | Coverage of occupational injuries: Reported injuries | Definition of permanent incapacity: Permanent incapacity is defined as 183 or days of absence from work,0.0
2009,Obs_Value = 0.0;  Repository: ILO calculations based on Eurostat data | Reference group coverage: Employees | Coverage of occupational injuries: Reported injuries | Definition of permanent incapacity: Permanent incapacity is defined as 183 or days of absence from work,Non-fatal occupational injuries among employees (rate) [8.8.1],Female,Migrant Status: Non-EU Migrant,Obs_Value = 0.0;  Repository: ILO calculations based on Eurostat data | Reference group coverage: Employees | Coverage of occupational injuries: Reported injuries | Definition of permanent incapacity: Permanent incapacity is defined as 183 or days of absence from work,0.0
2010,Obs_Value = 0.0;  Repository: ILO calculations based on Eurostat data | Reference group coverage: Employees | Coverage of occupational injuries: Reported injuries | Definition of permanent incapacity: Permanent incapacity is defined as 183 or days of absence from work,Non-fatal occupational injuries among employees (rate) [8.8.1],Female,Migrant Status: Non-EU Migrant,Obs_Value = 0.0;  Repository: ILO calculations based on Eurostat data | Reference group coverage: Employees | Coverage of occupational injuries: Reported injuries | Definition of permanent incapacity: Permanent incapacity is defined as 183 or days of absence from work,0.0
2011,Obs_Value = 0.0;  Repository: ILO calculations based on Eurostat data | Reference group coverage: Employees | Coverage of occupational injuries: Reported injuries | Definition of permanent incapacity: Permanent incapacity is defined as 183 or days of absence from work,Non-fatal occupational injuries among employees (rate) [8.8.1],Female,Migrant Status: Non-EU Migrant,Obs_Value = 0.0;  Repository: ILO calculations based on Eurostat data | Reference group coverage: Employees | Coverage of occupational injuries: Reported injuries | Definition of permanent incapacity: Permanent incapacity is defined as 183 or days of absence from work,0.0
2012,Obs_Value = 0.0;  Repository: ILO calculations based on Eurostat data | Reference group coverage: Employees | Coverage of occupational injuries: Reported injuries | Definition of permanent incapacity: Permanent incapacity is defined as 183 or days of absence from work,Non-fatal occupational injuries among employees (rate) [8.8.1],Female,Migrant Status: Non-EU Migrant,Obs_Value = 0.0;  Repository: ILO calculations based on Eurostat data | Reference group coverage: Employees | Coverage of occupational injuries: Reported injuries | Definition of permanent incapacity: Permanent incapacity is defined as 183 or days of absence from work,0.0
2013,Obs_Value = 0.0;  Repository: ILO calculations based on Eurostat data | Reference group coverage: Employees | Coverage of occupational injuries: Reported injuries | Definition of permanent incapacity: Permanent incapacity is defined as 183 or days of absence from work,Non-fatal occupational injuries among employees (rate) [8.8.1],Female,Migrant Status: Non-EU Migrant,Obs_Value = 0.0;  Repository: ILO calculations based on Eurostat data | Reference group coverage: Employees | Coverage of occupational injuries: Reported injuries | Definition of permanent incapacity: Permanent incapacity is defined as 183 or days of absence from work,0.0
2014,Obs_Value = 0.0;  Repository: ILO calculations based on Eurostat data | Reference group coverage: Employees | Coverage of occupational injuries: Reported injuries | Definition of permanent incapacity: Permanent incapacity is defined as 183 or days of absence from work,Non-fatal occupational injuries among employees (rate) [8.8.1],Female,Migrant Status: Non-EU Migrant,Obs_Value = 0.0;  Repository: ILO calculations based on Eurostat data | Reference group coverage: Employees | Coverage of occupational injuries: Reported injuries | Definition of permanent incapacity: Permanent incapacity is defined as 183 or days of absence from work,0.0
2015,Obs_Value = 0.0;  Repository: ILO calculations based on Eurostat data | Reference group coverage: Employees | Coverage of occupational injuries: Reported injuries | Definition of permanent incapacity: Permanent incapacity is defined as 183 or days of absence from work,Non-fatal occupational injuries among employees (rate) [8.8.1],Female,Migrant Status: Non-EU Migrant,Obs_Value = 0.0;  Repository: ILO calculations based on Eurostat data | Reference group coverage: Employees | Coverage of occupational injuries: Reported injuries | Definition of permanent incapacity: Permanent incapacity is defined as 183 or days of absence from work,0.0
2000,Coverage of occupational injuries: Reported injuries | Type of rate: Incidence rate (per 100'000 employees),Non-fatal occupational injuries among employees (rate) [8.8.1],Male,,Repository: ILO calculations based on Eurostat data | Reference group coverage: Employees | Coverage of occupational injuries: Reported injuries | Definition of permanent incapacity: Permanent incapacity is defined as 183 or days of absence from work,945.6
2001,Coverage of occupational injuries: Reported injuries | Type of rate: Incidence rate (per 100'000 employees),Non-fatal occupational injuries among employees (rate) [8.8.1],Male,,Repository: ILO calculations based on Eurostat data | Reference group coverage: Employees | Coverage of occupational injuries: Reported injuries | Definition of permanent incapacity: Permanent incapacity is defined as 183 or days of absence from work,922.1
2002,Coverage of occupational injuries: Reported injuries | Type of rate: Incidence rate (per 100'000 employees),Non-fatal occupational injuries among employees (rate) [8.8.1],Male,,Repository: ILO calculations based on Eurostat data | Reference group coverage: Employees | Coverage of occupational injuries: Reported injuries | Definition of permanent incapacity: Permanent incapacity is defined as 183 or days of absence from work,901.9
2003,Coverage of occupational injuries: Reported injuries | Type of rate: Incidence rate (per 100'000 employees),Non-fatal occupational injuries among employees (rate) [8.8.1],Male,,Repository: ILO calculations based on Eurostat data | Reference group coverage: Employees | Coverage of occupational injuries: Reported injuries | Definition of permanent incapacity: Permanent incapacity is defined as 183 or days of absence from work,906.0
2004,Coverage of occupational injuries: Reported injuries | Type of rate: Incidence rate (per 100'000 employees),Non-fatal occupational injuries among employees (rate) [8.8.1],Male,,Repository: ILO calculations based on Eurostat data | Reference group coverage: Employees | Coverage of occupational injuries: Reported injuries | Definition of permanent incapacity: Permanent incapacity is defined as 183 or days of absence from work,841.0
2005,Coverage of occupational injuries: Reported injuries | Type of rate: Incidence rate (per 100'000 employees),Non-fatal occupational injuries among employees (rate) [8.8.1],Male,,Repository: ILO calculations based on Eurostat data | Reference group coverage: Employees | Coverage of occupational injuries: Reported injuries | Definition of permanent incapacity: Permanent incapacity is defined as 183 or days of absence from work,798.0
2006,Coverage of occupational injuries: Reported injuries | Type of rate: Incidence rate (per 100'000 employees),Non-fatal occupational injuries among employees (rate) [8.8.1],Male,,Repository: ILO calculations based on Eurostat data | Reference group coverage: Employees | Coverage of occupational injuries: Reported injuries | Definition of permanent incapacity: Permanent incapacity is defined as 183 or days of absence from work,723.5
2009,Repository: ILO calculations based on Eurostat data | Reference group coverage: Employees | Coverage of occupational injuries: Reported injuries | Definition of permanent incapacity: Permanent incapacity is defined as 183 or days of absence from work,Non-fatal occupational injuries among employees (rate) [8.8.1],Male,,Repository: ILO calculations based on Eurostat data | Reference group coverage: Employees | Coverage of occupational injuries: Reported injuries | Definition of permanent incapacity: Permanent incapacity is defined as 183 or days of absence from work,1121.0
2010,Repository: ILO calculations based on Eurostat data | Reference group coverage: Employees | Coverage of occupational injuries: Reported injuries | Definition of permanent incapacity: Permanent incapacity is defined as 183 or days of absence from work,Non-fatal occupational injuries among employees (rate) [8.8.1],Male,,Repository: ILO calculations based on Eurostat data | Reference group coverage: Employees | Coverage of occupational injuries: Reported injuries | Definition of permanent incapacity: Permanent incapacity is defined as 183 or days of absence from work,1094.9
2011,Repository: ILO calculations based on Eurostat data | Reference group coverage: Employees | Coverage of occupational injuries: Reported injuries | Definition of permanent incapacity: Permanent incapacity is defined as 183 or days of absence from work,Non-fatal occupational injuries among employees (rate) [8.8.1],Male,,Repository: ILO calculations based on Eurostat data | Reference group coverage: Employees | Coverage of occupational injuries: Reported injuries | Definition of permanent incapacity: Permanent incapacity is defined as 183 or days of absence from work,1044.9
2012,Repository: ILO calculations based on Eurostat data | Reference group coverage: Employees | Coverage of occupational injuries: Reported injuries | Definition of permanent incapacity: Permanent incapacity is defined as 183 or days of absence from work,Non-fatal occupational injuries among employees (rate) [8.8.1],Male,,Repository: ILO calculations based on Eurostat data | Reference group coverage: Employees | Coverage of occupational injuries: Reported injuries | Definition of permanent incapacity: Permanent incapacity is defined as 183 or days of absence from work,916.3
2013,Repository: ILO calculations based on Eurostat data | Reference group coverage: Employees | Coverage of occupational injuries: Reported injuries | Definition of permanent incapacity: Permanent incapacity is defined as 183 or days of absence from work,Non-fatal occupational injuries among employees (rate) [8.8.1],Male,,Repository: ILO calculations based on Eurostat data | Reference group coverage: Employees | Coverage of occupational injuries: Reported injuries | Definition of permanent incapacity: Permanent incapacity is defined as 183 or days of absence from work,994.3
2014,Repository: ILO calculations based on Eurostat data | Reference group coverage: Employees | Coverage of occupational injuries: Reported injuries | Definition of permanent incapacity: Permanent incapacity is defined as 183 or days of absence from work,Non-fatal occupational injuries among employees (rate) [8.8.1],Male,,Repository: ILO calculations based on Eurostat data | Reference group coverage: Employees | Coverage of occupational injuries: Reported injuries | Definition of permanent incapacity: Permanent incapacity is defined as 183 or days of absence from work,999.5
2015,Repository: ILO calculations based on Eurostat data | Reference group coverage: Employees | Coverage of occupational injuries: Reported injuries | Definition of permanent incapacity: Permanent incapacity is defined as 183 or days of absence from work,Non-fatal occupational injuries among employees (rate) [8.8.1],Male,,Repository: ILO calculations based on Eurostat data | Reference group coverage: Employees | Coverage of occupational injuries: Reported injuries | Definition of permanent incapacity: Permanent incapacity is defined as 183 or days of absence from work,908.5
2009,Obs_Value = 0.0;  Repository: ILO calculations based on Eurostat data | Reference group coverage: Employees | Coverage of occupational injuries: Reported injuries | Definition of permanent incapacity: Permanent incapacity is defined as 183 or days of absence from work,Non-fatal occupational injuries among employees (rate) [8.8.1],Male,Migrant Status: EU Migrant,Obs_Value = 0.0;  Repository: ILO calculations based on Eurostat data | Reference group coverage: Employees | Coverage of occupational injuries: Reported injuries | Definition of permanent incapacity: Permanent incapacity is defined as 183 or days of absence from work,0.0
2010,Obs_Value = 0.0;  Repository: ILO calculations based on Eurostat data | Reference group coverage: Employees | Coverage of occupational injuries: Reported injuries | Definition of permanent incapacity: Permanent incapacity is defined as 183 or days of absence from work,Non-fatal occupational injuries among employees (rate) [8.8.1],Male,Migrant Status: EU Migrant,Obs_Value = 0.0;  Repository: ILO calculations based on Eurostat data | Reference group coverage: Employees | Coverage of occupational injuries: Reported injuries | Definition of permanent incapacity: Permanent incapacity is defined as 183 or days of absence from work,0.0
2011,Obs_Value = 0.0;  Repository: ILO calculations based on Eurostat data | Reference group coverage: Employees | Coverage of occupational injuries: Reported injuries | Definition of permanent incapacity: Permanent incapacity is defined as 183 or days of absence from work,Non-fatal occupational injuries among employees (rate) [8.8.1],Male,Migrant Status: EU Migrant,Obs_Value = 0.0;  Repository: ILO calculations based on Eurostat data | Reference group coverage: Employees | Coverage of occupational injuries: Reported injuries | Definition of permanent incapacity: Permanent incapacity is defined as 183 or days of absence from work,0.0
2012,Obs_Value = 0.0;  Repository: ILO calculations based on Eurostat data | Reference group coverage: Employees | Coverage of occupational injuries: Reported injuries | Definition of permanent incapacity: Permanent incapacity is defined as 183 or days of absence from work,Non-fatal occupational injuries among employees (rate) [8.8.1],Male,Migrant Status: EU Migrant,Obs_Value = 0.0;  Repository: ILO calculations based on Eurostat data | Reference group coverage: Employees | Coverage of occupational injuries: Reported injuries | Definition of permanent incapacity: Permanent incapacity is defined as 183 or days of absence from work,0.0
2013,Obs_Value = 0.0;  Repository: ILO calculations based on Eurostat data | Reference group coverage: Employees | Coverage of occupational injuries: Reported injuries | Definition of permanent incapacity: Permanent incapacity is defined as 183 or days of absence from work,Non-fatal occupational injuries among employees (rate) [8.8.1],Male,Migrant Status: EU Migrant,Obs_Value = 0.0;  Repository: ILO calculations based on Eurostat data | Reference group coverage: Employees | Coverage of occupational injuries: Reported injuries | Definition of permanent incapacity: Permanent incapacity is defined as 183 or days of absence from work,0.0
2014,Repository: ILO calculations based on Eurostat data | Reference group coverage: Employees | Coverage of occupational injuries: Reported injuries | Definition of permanent incapacity: Permanent incapacity is defined as 183 or days of absence from work,Non-fatal occupational injuries among employees (rate) [8.8.1],Male,Migrant Status: EU Migrant,Obs_Value = 0.0;  Repository: ILO calculations based on Eurostat data | Reference group coverage: Employees | Coverage of occupational injuries: Reported injuries | Definition of permanent incapacity: Permanent incapacity is defined as 183 or days of absence from work,4.8
2015,Obs_Value = 0.0;  Repository: ILO calculations based on Eurostat data | Reference group coverage: Employees | Coverage of occupational injuries: Reported injuries | Definition of permanent incapacity: Permanent incapacity is defined as 183 or days of absence from work,Non-fatal occupational injuries among employees (rate) [8.8.1],Male,Migrant Status: EU Migrant,Obs_Value = 0.0;  Repository: ILO calculations based on Eurostat data | Reference group coverage: Employees | Coverage of occupational injuries: Reported injuries | Definition of permanent incapacity: Permanent incapacity is defined as 183 or days of absence from work,0.0
2009,Obs_Value = 0.0;  Repository: ILO calculations based on Eurostat data | Reference group coverage: Employees | Coverage of occupational injuries: Reported injuries | Definition of permanent incapacity: Permanent incapacity is defined as 183 or days of absence from work,Non-fatal occupational injuries among employees (rate) [8.8.1],Male,Migrant Status: Non-migrant,Obs_Value = 0.0;  Repository: ILO calculations based on Eurostat data | Reference group coverage: Employees | Coverage of occupational injuries: Reported injuries | Definition of permanent incapacity: Permanent incapacity is defined as 183 or days of absence from work,0.0
2010,Repository: ILO calculations based on Eurostat data | Reference group coverage: Employees | Coverage of occupational injuries: Reported injuries | Definition of permanent incapacity: Permanent incapacity is defined as 183 or days of absence from work,Non-fatal occupational injuries among employees (rate) [8.8.1],Male,Migrant Status: Non-migrant,Obs_Value = 0.0;  Repository: ILO calculations based on Eurostat data | Reference group coverage: Employees | Coverage of occupational injuries: Reported injuries | Definition of permanent incapacity: Permanent incapacity is defined as 183 or days of absence from work,1196.8
2011,Obs_Value = 0.0;  Repository: ILO calculations based on Eurostat data | Reference group coverage: Employees | Coverage of occupational injuries: Reported injuries | Definition of permanent incapacity: Permanent incapacity is defined as 183 or days of absence from work,Non-fatal occupational injuries among employees (rate) [8.8.1],Male,Migrant Status: Non-migrant,Obs_Value = 0.0;  Repository: ILO calculations based on Eurostat data | Reference group coverage: Employees | Coverage of occupational injuries: Reported injuries | Definition of permanent incapacity: Permanent incapacity is defined as 183 or days of absence from work,0.0
2012,Obs_Value = 0.0;  Repository: ILO calculations based on Eurostat data | Reference group coverage: Employees | Coverage of occupational injuries: Reported injuries | Definition of permanent incapacity: Permanent incapacity is defined as 183 or days of absence from work,Non-fatal occupational injuries among employees (rate) [8.8.1],Male,Migrant Status: Non-migrant,Obs_Value = 0.0;  Repository: ILO calculations based on Eurostat data | Reference group coverage: Employees | Coverage of occupational injuries: Reported injuries | Definition of permanent incapacity: Permanent incapacity is defined as 183 or days of absence from work,0.0
2013,Obs_Value = 0.0;  Repository: ILO calculations based on Eurostat data | Reference group coverage: Employees | Coverage of occupational injuries: Reported injuries | Definition of permanent incapacity: Permanent incapacity is defined as 183 or days of absence from work,Non-fatal occupational injuries among employees (rate) [8.8.1],Male,Migrant Status: Non-migrant,Obs_Value = 0.0;  Repository: ILO calculations based on Eurostat data | Reference group coverage: Employees | Coverage of occupational injuries: Reported injuries | Definition of permanent incapacity: Permanent incapacity is defined as 183 or days of absence from work,0.0
2014,Repository: ILO calculations based on Eurostat data | Reference group coverage: Employees | Coverage of occupational injuries: Reported injuries | Definition of permanent incapacity: Permanent incapacity is defined as 183 or days of absence from work,Non-fatal occupational injuries among employees (rate) [8.8.1],Male,Migrant Status: Non-migrant,Obs_Value = 0.0;  Repository: ILO calculations based on Eurostat data | Reference group coverage: Employees | Coverage of occupational injuries: Reported injuries | Definition of permanent incapacity: Permanent incapacity is defined as 183 or days of absence from work,2.3
2015,Obs_Value = 0.0;  Repository: ILO calculations based on Eurostat data | Reference group coverage: Employees | Coverage of occupational injuries: Reported injuries | Definition of permanent incapacity: Permanent incapacity is defined as 183 or days of absence from work,Non-fatal occupational injuries among employees (rate) [8.8.1],Male,Migrant Status: Non-migrant,Obs_Value = 0.0;  Repository: ILO calculations based on Eurostat data | Reference group coverage: Employees | Coverage of occupational injuries: Reported injuries | Definition of permanent incapacity: Permanent incapacity is defined as 183 or days of absence from work,0.0
2009,Obs_Value = 0.0;  Repository: ILO calculations based on Eurostat data | Reference group coverage: Employees | Coverage of occupational injuries: Reported injuries | Definition of permanent incapacity: Permanent incapacity is defined as 183 or days of absence from work,Non-fatal occupational injuries among employees (rate) [8.8.1],Male,Migrant Status: Non-EU Migrant,Obs_Value = 0.0;  Repository: ILO calculations based on Eurostat data | Reference group coverage: Employees | Coverage of occupational injuries: Reported injuries | Definition of permanent incapacity: Permanent incapacity is defined as 183 or days of absence from work,0.0
2010,Obs_Value = 0.0;  Repository: ILO calculations based on Eurostat data | Reference group coverage: Employees | Coverage of occupational injuries: Reported injuries | Definition of permanent incapacity: Permanent incapacity is defined as 183 or days of absence from work,Non-fatal occupational injuries among employees (rate) [8.8.1],Male,Migrant Status: Non-EU Migrant,Obs_Value = 0.0;  Repository: ILO calculations based on Eurostat data | Reference group coverage: Employees | Coverage of occupational injuries: Reported injuries | Definition of permanent incapacity: Permanent incapacity is defined as 183 or days of absence from work,0.0
2011,Obs_Value = 0.0;  Repository: ILO calculations based on Eurostat data | Reference group coverage: Employees | Coverage of occupational injuries: Reported injuries | Definition of permanent incapacity: Permanent incapacity is defined as 183 or days of absence from work,Non-fatal occupational injuries among employees (rate) [8.8.1],Male,Migrant Status: Non-EU Migrant,Obs_Value = 0.0;  Repository: ILO calculations based on Eurostat data | Reference group coverage: Employees | Coverage of occupational injuries: Reported injuries | Definition of permanent incapacity: Permanent incapacity is defined as 183 or days of absence from work,0.0
2012,Obs_Value = 0.0;  Repository: ILO calculations based on Eurostat data | Reference group coverage: Employees | Coverage of occupational injuries: Reported injuries | Definition of permanent incapacity: Permanent incapacity is defined as 183 or days of absence from work,Non-fatal occupational injuries among employees (rate) [8.8.1],Male,Migrant Status: Non-EU Migrant,Obs_Value = 0.0;  Repository: ILO calculations based on Eurostat data | Reference group coverage: Employees | Coverage of occupational injuries: Reported injuries | Definition of permanent incapacity: Permanent incapacity is defined as 183 or days of absence from work,0.0
2013,Obs_Value = 0.0;  Repository: ILO calculations based on Eurostat data | Reference group coverage: Employees | Coverage of occupational injuries: Reported injuries | Definition of permanent incapacity: Permanent incapacity is defined as 183 or days of absence from work,Non-fatal occupational injuries among employees (rate) [8.8.1],Male,Migrant Status: Non-EU Migrant,Obs_Value = 0.0;  Repository: ILO calculations based on Eurostat data | Reference group coverage: Employees | Coverage of occupational injuries: Reported injuries | Definition of permanent incapacity: Permanent incapacity is defined as 183 or days of absence from work,0.0
2014,Repository: ILO calculations based on Eurostat data | Reference group coverage: Employees | Coverage of occupational injuries: Reported injuries | Definition of permanent incapacity: Permanent incapacity is defined as 183 or days of absence from work,Non-fatal occupational injuries among employees (rate) [8.8.1],Male,Migrant Status: Non-EU Migrant,Obs_Value = 0.0;  Repository: ILO calculations based on Eurostat data | Reference group coverage: Employees | Coverage of occupational injuries: Reported injuries | Definition of permanent incapacity: Permanent incapacity is defined as 183 or days of absence from work,5.2
2015,Obs_Value = 0.0;  Repository: ILO calculations based on Eurostat data | Reference group coverage: Employees | Coverage of occupational injuries: Reported injuries | Definition of permanent incapacity: Permanent incapacity is defined as 183 or days of absence from work,Non-fatal occupational injuries among employees (rate) [8.8.1],Male,Migrant Status: Non-EU Migrant,Obs_Value = 0.0;  Repository: ILO calculations based on Eurostat data | Reference group coverage: Employees | Coverage of occupational injuries: Reported injuries | Definition of permanent incapacity: Permanent incapacity is defined as 183 or days of absence from work,0.0
