Year,UNIT_MULT,SOURCE_DETAIL,SERIES,ACTIVITY,UNIT_MEASURE,BASE_PER,Value
2000,6,"IEA (2020), CO2 Emissions from fuel combustion. https://www.iea.org/statistics",EN_ATM_CO2,,T,,520.563
2001,6,"IEA (2020), CO2 Emissions from fuel combustion. https://www.iea.org/statistics",EN_ATM_CO2,,T,,535.303
2002,6,"IEA (2020), CO2 Emissions from fuel combustion. https://www.iea.org/statistics",EN_ATM_CO2,,T,,521.177
2003,6,"IEA (2020), CO2 Emissions from fuel combustion. https://www.iea.org/statistics",EN_ATM_CO2,,T,,533.472
2004,6,"IEA (2020), CO2 Emissions from fuel combustion. https://www.iea.org/statistics",EN_ATM_CO2,,T,,533.391
2005,6,"IEA (2020), CO2 Emissions from fuel combustion. https://www.iea.org/statistics",EN_ATM_CO2,,T,,531.649
2006,6,"IEA (2020), CO2 Emissions from fuel combustion. https://www.iea.org/statistics",EN_ATM_CO2,,T,,532.9
2007,6,"IEA (2020), CO2 Emissions from fuel combustion. https://www.iea.org/statistics",EN_ATM_CO2,,T,,521.733
2008,6,"IEA (2020), CO2 Emissions from fuel combustion. https://www.iea.org/statistics",EN_ATM_CO2,,T,,507.897
2009,6,"IEA (2020), CO2 Emissions from fuel combustion. https://www.iea.org/statistics",EN_ATM_CO2,,T,,460.084
2010,6,"IEA (2020), CO2 Emissions from fuel combustion. https://www.iea.org/statistics",EN_ATM_CO2,,T,,476.626
2011,6,"IEA (2020), CO2 Emissions from fuel combustion. https://www.iea.org/statistics",EN_ATM_CO2,,T,,439.179
2012,6,"IEA (2020), CO2 Emissions from fuel combustion. https://www.iea.org/statistics",EN_ATM_CO2,,T,,461.442
2013,6,"IEA (2020), CO2 Emissions from fuel combustion. https://www.iea.org/statistics",EN_ATM_CO2,,T,,447.003
2014,6,"IEA (2020), CO2 Emissions from fuel combustion. https://www.iea.org/statistics",EN_ATM_CO2,,T,,408.663
2015,6,"IEA (2020), CO2 Emissions from fuel combustion. https://www.iea.org/statistics",EN_ATM_CO2,,T,,394.022
2016,6,"IEA (2020), CO2 Emissions from fuel combustion. https://www.iea.org/statistics",EN_ATM_CO2,,T,,372.353
2017,6,"IEA (2020), CO2 Emissions from fuel combustion. https://www.iea.org/statistics",EN_ATM_CO2,,T,,359.944
2018,6,"IEA (2020), CO2 Emissions from fuel combustion. https://www.iea.org/statistics",EN_ATM_CO2,,T,,352.363
2000,6,"IEA (2020), CO2 Emissions from fuel combustion. https://www.iea.org/statistics",EN_ATM_CO2,ISIC4_C10T32X19,T,,59.373
2001,6,"IEA (2020), CO2 Emissions from fuel combustion. https://www.iea.org/statistics",EN_ATM_CO2,ISIC4_C10T32X19,T,,62.671
2002,6,"IEA (2020), CO2 Emissions from fuel combustion. https://www.iea.org/statistics",EN_ATM_CO2,ISIC4_C10T32X19,T,,58.265
2003,6,"IEA (2020), CO2 Emissions from fuel combustion. https://www.iea.org/statistics",EN_ATM_CO2,ISIC4_C10T32X19,T,,59.118
2004,6,"IEA (2020), CO2 Emissions from fuel combustion. https://www.iea.org/statistics",EN_ATM_CO2,ISIC4_C10T32X19,T,,57.152
2005,6,"IEA (2020), CO2 Emissions from fuel combustion. https://www.iea.org/statistics",EN_ATM_CO2,ISIC4_C10T32X19,T,,54.05
2006,6,"IEA (2020), CO2 Emissions from fuel combustion. https://www.iea.org/statistics",EN_ATM_CO2,ISIC4_C10T32X19,T,,53.39
2007,6,"IEA (2020), CO2 Emissions from fuel combustion. https://www.iea.org/statistics",EN_ATM_CO2,ISIC4_C10T32X19,T,,52.484
2008,6,"IEA (2020), CO2 Emissions from fuel combustion. https://www.iea.org/statistics",EN_ATM_CO2,ISIC4_C10T32X19,T,,50.9
2009,6,"IEA (2020), CO2 Emissions from fuel combustion. https://www.iea.org/statistics",EN_ATM_CO2,ISIC4_C10T32X19,T,,42.14
2010,6,"IEA (2020), CO2 Emissions from fuel combustion. https://www.iea.org/statistics",EN_ATM_CO2,ISIC4_C10T32X19,T,,43.876
2011,6,"IEA (2020), CO2 Emissions from fuel combustion. https://www.iea.org/statistics",EN_ATM_CO2,ISIC4_C10T32X19,T,,39.148
2012,6,"IEA (2020), CO2 Emissions from fuel combustion. https://www.iea.org/statistics",EN_ATM_CO2,ISIC4_C10T32X19,T,,39.201
2013,6,"IEA (2020), CO2 Emissions from fuel combustion. https://www.iea.org/statistics",EN_ATM_CO2,ISIC4_C10T32X19,T,,39.856
2014,6,"IEA (2020), CO2 Emissions from fuel combustion. https://www.iea.org/statistics",EN_ATM_CO2,ISIC4_C10T32X19,T,,39.509
2015,6,"IEA (2020), CO2 Emissions from fuel combustion. https://www.iea.org/statistics",EN_ATM_CO2,ISIC4_C10T32X19,T,,37.823
2016,6,"IEA (2020), CO2 Emissions from fuel combustion. https://www.iea.org/statistics",EN_ATM_CO2,ISIC4_C10T32X19,T,,30.638
2017,6,"IEA (2020), CO2 Emissions from fuel combustion. https://www.iea.org/statistics",EN_ATM_CO2,ISIC4_C10T32X19,T,,31.479
2018,6,"IEA (2020), CO2 Emissions from fuel combustion. https://www.iea.org/statistics",EN_ATM_CO2,ISIC4_C10T32X19,T,,30.393
2000,0,"IEA (2020), CO2 Emissions from fuel combustion. https://www.iea.org/statistics",EN_ATM_CO2GDP,,KG_PER_CON_USD,2017,0.23181
2001,0,"IEA (2020), CO2 Emissions from fuel combustion. https://www.iea.org/statistics",EN_ATM_CO2GDP,,KG_PER_CON_USD,2017,0.23149
2002,0,"IEA (2020), CO2 Emissions from fuel combustion. https://www.iea.org/statistics",EN_ATM_CO2GDP,,KG_PER_CON_USD,2017,0.22026
2003,0,"IEA (2020), CO2 Emissions from fuel combustion. https://www.iea.org/statistics",EN_ATM_CO2GDP,,KG_PER_CON_USD,2017,0.21828
2004,0,"IEA (2020), CO2 Emissions from fuel combustion. https://www.iea.org/statistics",EN_ATM_CO2GDP,,KG_PER_CON_USD,2017,0.21319
2005,0,"IEA (2020), CO2 Emissions from fuel combustion. https://www.iea.org/statistics",EN_ATM_CO2GDP,,KG_PER_CON_USD,2017,0.20594
2006,0,"IEA (2020), CO2 Emissions from fuel combustion. https://www.iea.org/statistics",EN_ATM_CO2GDP,,KG_PER_CON_USD,2017,0.20083
2007,0,"IEA (2020), CO2 Emissions from fuel combustion. https://www.iea.org/statistics",EN_ATM_CO2GDP,,KG_PER_CON_USD,2017,0.19195
2008,0,"IEA (2020), CO2 Emissions from fuel combustion. https://www.iea.org/statistics",EN_ATM_CO2GDP,,KG_PER_CON_USD,2017,0.18739
2009,0,"IEA (2020), CO2 Emissions from fuel combustion. https://www.iea.org/statistics",EN_ATM_CO2GDP,,KG_PER_CON_USD,2017,0.17728
2010,0,"IEA (2020), CO2 Emissions from fuel combustion. https://www.iea.org/statistics",EN_ATM_CO2GDP,,KG_PER_CON_USD,2017,0.18014
2011,0,"IEA (2020), CO2 Emissions from fuel combustion. https://www.iea.org/statistics",EN_ATM_CO2GDP,,KG_PER_CON_USD,2017,0.16347
2012,0,"IEA (2020), CO2 Emissions from fuel combustion. https://www.iea.org/statistics",EN_ATM_CO2GDP,,KG_PER_CON_USD,2017,0.16926
2013,0,"IEA (2020), CO2 Emissions from fuel combustion. https://www.iea.org/statistics",EN_ATM_CO2GDP,,KG_PER_CON_USD,2017,0.16052
2014,0,"IEA (2020), CO2 Emissions from fuel combustion. https://www.iea.org/statistics",EN_ATM_CO2GDP,,KG_PER_CON_USD,2017,0.14303
2015,0,"IEA (2020), CO2 Emissions from fuel combustion. https://www.iea.org/statistics",EN_ATM_CO2GDP,,KG_PER_CON_USD,2017,0.13473
2016,0,"IEA (2020), CO2 Emissions from fuel combustion. https://www.iea.org/statistics",EN_ATM_CO2GDP,,KG_PER_CON_USD,2017,0.12492
2017,0,"IEA (2020), CO2 Emissions from fuel combustion. https://www.iea.org/statistics",EN_ATM_CO2GDP,,KG_PER_CON_USD,2017,0.11852
2018,0,"IEA (2020), CO2 Emissions from fuel combustion. https://www.iea.org/statistics",EN_ATM_CO2GDP,,KG_PER_CON_USD,2017,0.11449
2000,0,"UNIDO MVA 2021 Database. Available at https://stat.unido.org. IEA (2020), CO2 Emissions from Fuel Combustion. https://www.iea.org/statistics",EN_ATM_CO2MVA,ISIC4_C,KG_PER_CON_USD,2015,0.207
2001,0,"UNIDO MVA 2021 Database. Available at https://stat.unido.org. IEA (2020), CO2 Emissions from Fuel Combustion. https://www.iea.org/statistics",EN_ATM_CO2MVA,ISIC4_C,KG_PER_CON_USD,2015,0.221
2002,0,"UNIDO MVA 2021 Database. Available at https://stat.unido.org. IEA (2020), CO2 Emissions from Fuel Combustion. https://www.iea.org/statistics",EN_ATM_CO2MVA,ISIC4_C,KG_PER_CON_USD,2015,0.211
2003,0,"UNIDO MVA 2021 Database. Available at https://stat.unido.org. IEA (2020), CO2 Emissions from Fuel Combustion. https://www.iea.org/statistics",EN_ATM_CO2MVA,ISIC4_C,KG_PER_CON_USD,2015,0.215
2004,0,"UNIDO MVA 2021 Database. Available at https://stat.unido.org. IEA (2020), CO2 Emissions from Fuel Combustion. https://www.iea.org/statistics",EN_ATM_CO2MVA,ISIC4_C,KG_PER_CON_USD,2015,0.204
2005,0,"UNIDO MVA 2021 Database. Available at https://stat.unido.org. IEA (2020), CO2 Emissions from Fuel Combustion. https://www.iea.org/statistics",EN_ATM_CO2MVA,ISIC4_C,KG_PER_CON_USD,2015,0.193
2006,0,"UNIDO MVA 2021 Database. Available at https://stat.unido.org. IEA (2020), CO2 Emissions from Fuel Combustion. https://www.iea.org/statistics",EN_ATM_CO2MVA,ISIC4_C,KG_PER_CON_USD,2015,0.186
2007,0,"UNIDO MVA 2021 Database. Available at https://stat.unido.org. IEA (2020), CO2 Emissions from Fuel Combustion. https://www.iea.org/statistics",EN_ATM_CO2MVA,ISIC4_C,KG_PER_CON_USD,2015,0.182
2008,0,"UNIDO MVA 2021 Database. Available at https://stat.unido.org. IEA (2020), CO2 Emissions from Fuel Combustion. https://www.iea.org/statistics",EN_ATM_CO2MVA,ISIC4_C,KG_PER_CON_USD,2015,0.182
2009,0,"UNIDO MVA 2021 Database. Available at https://stat.unido.org. IEA (2020), CO2 Emissions from Fuel Combustion. https://www.iea.org/statistics",EN_ATM_CO2MVA,ISIC4_C,KG_PER_CON_USD,2015,0.165
2010,0,"UNIDO MVA 2021 Database. Available at https://stat.unido.org. IEA (2020), CO2 Emissions from Fuel Combustion. https://www.iea.org/statistics",EN_ATM_CO2MVA,ISIC4_C,KG_PER_CON_USD,2015,0.164
2011,0,"UNIDO MVA 2021 Database. Available at https://stat.unido.org. IEA (2020), CO2 Emissions from Fuel Combustion. https://www.iea.org/statistics",EN_ATM_CO2MVA,ISIC4_C,KG_PER_CON_USD,2015,0.143
2012,0,"UNIDO MVA 2021 Database. Available at https://stat.unido.org. IEA (2020), CO2 Emissions from Fuel Combustion. https://www.iea.org/statistics",EN_ATM_CO2MVA,ISIC4_C,KG_PER_CON_USD,2015,0.145
2013,0,"UNIDO MVA 2021 Database. Available at https://stat.unido.org. IEA (2020), CO2 Emissions from Fuel Combustion. https://www.iea.org/statistics",EN_ATM_CO2MVA,ISIC4_C,KG_PER_CON_USD,2015,0.149
2014,0,"UNIDO MVA 2021 Database. Available at https://stat.unido.org. IEA (2020), CO2 Emissions from Fuel Combustion. https://www.iea.org/statistics",EN_ATM_CO2MVA,ISIC4_C,KG_PER_CON_USD,2015,0.143
2015,0,"UNIDO MVA 2021 Database. Available at https://stat.unido.org. IEA (2020), CO2 Emissions from Fuel Combustion. https://www.iea.org/statistics",EN_ATM_CO2MVA,ISIC4_C,KG_PER_CON_USD,2015,0.138
2016,0,"UNIDO MVA 2021 Database. Available at https://stat.unido.org. IEA (2020), CO2 Emissions from Fuel Combustion. https://www.iea.org/statistics",EN_ATM_CO2MVA,ISIC4_C,KG_PER_CON_USD,2015,0.111
2017,0,"UNIDO MVA 2021 Database. Available at https://stat.unido.org. IEA (2020), CO2 Emissions from Fuel Combustion. https://www.iea.org/statistics",EN_ATM_CO2MVA,ISIC4_C,KG_PER_CON_USD,2015,0.112
2018,0,"UNIDO MVA 2021 Database. Available at https://stat.unido.org. IEA (2020), CO2 Emissions from Fuel Combustion. https://www.iea.org/statistics",EN_ATM_CO2MVA,ISIC4_C,KG_PER_CON_USD,2015,0.107
